{"type": "FeatureCollection", "crs": {"type": "name", "properties": {"name": "urn:ogc:def:crs:EPSG::4326"}}, "features": [{"type": "Feature", "properties": {"district": "23", "chamber": "congressional", "name": "Florida Congressional District 23"}, "geometry": {"type": "Polygon", "coordinates": [[[-80.297443, 26.236073], [-80.297481, 26.22945], [-80.192461, 26.230555], [-80.192292, 26.214281], [-80.177631, 26.231563], [-80.177249, 26.231555], [-80.170814, 26.239194], [-80.168401, 26.242936], [-80.167405, 26.245318], [-80.156264, 26.24525], [-80.154037, 26.244749], [-80.151468, 26.24361], [-80.151788, 26.260296], [-80.137381, 26.260505], [-80.130823, 26.290492], [-80.12817, 26.289797], [-80.123983, 26.289849], [-80.116664, 26.315201], [-80.116369, 26.31906], [-80.117036, 26.327847], [-80.099988, 26.32778], [-80.098982, 26.327496], [-80.098437, 26.32673], [-80.098311, 26.325951], [-80.098403, 26.32488], [-80.099126, 26.323797], [-80.098823, 26.322834], [-80.10047, 26.320588], [-80.100938, 26.320387], [-80.101431, 26.31896], [-80.101515, 26.318617], [-80.101148, 26.318547], [-80.127211, 26.226726], [-80.136267, 26.226677], [-80.136166, 26.21463], [-80.13686, 26.211325], [-80.137747, 26.209585], [-80.138979, 26.208067], [-80.148446, 26.199137], [-80.150528, 26.196032], [-80.151477, 26.192492], [-80.152444, 26.182657], [-80.159364, 26.166909], [-80.160718, 26.164512], [-80.154509, 26.155856], [-80.152955, 26.15513], [-80.152707, 26.154486], [-80.152006, 26.153974], [-80.150615, 26.153987], [-80.149762, 26.15315], [-80.14861, 26.152843], [-80.148102, 26.152097], [-80.148026, 26.149954], [-80.145243, 26.149962], [-80.14458, 26.147448], [-80.144203, 26.136771], [-80.145146, 26.136735], [-80.145038, 26.133233], [-80.144094, 26.133259], [-80.143926, 26.13146], [-80.145026, 26.129677], [-80.144766, 26.129675], [-80.144661, 26.127814], [-80.14537, 26.127783], [-80.14543, 26.125986], [-80.148645, 26.125913], [-80.148553, 26.122154], [-80.168562, 26.121631], [-80.168514, 26.10681], [-80.158905, 26.107213], [-80.159855, 26.104619], [-80.160352, 26.101011], [-80.161159, 26.099067], [-80.160971, 26.096177], [-80.154968, 26.096281], [-80.15501, 26.097133], [-80.153025, 26.097162], [-80.153001, 26.096312], [-80.141997, 26.096442], [-80.142285, 26.097892], [-80.140366, 26.098188], [-80.140648, 26.099426], [-80.13875, 26.099262], [-80.138741, 26.098336], [-80.134406, 26.09847], [-80.134479, 26.097541], [-80.13269, 26.097591], [-80.132658, 26.09663], [-80.124324, 26.096847], [-80.124296, 26.093096], [-80.105106, 26.093319], [-80.105125, 26.093028], [-80.04933, 26.09276], [-80.04933, 26.09711], [-80.04969, 26.10106], [-80.04873, 26.10757], [-80.04851, 26.11703], [-80.0474, 26.12656], [-80.04721, 26.13295], [-80.04572, 26.14345], [-80.04279, 26.15869], [-80.0421, 26.16673], [-80.04139, 26.17079], [-80.03939, 26.17622], [-80.03787, 26.18329], [-80.03748, 26.18917], [-80.03811, 26.19674], [-80.03645, 26.20348], [-80.03563, 26.20949], [-80.03417, 26.21671], [-80.03231, 26.22177], [-80.03132, 26.22566], [-80.03042, 26.23245], [-80.0286, 26.23606], [-80.02717, 26.2396], [-80.02538, 26.246], [-80.02463, 26.25124], [-80.02454, 26.25796], [-80.0239, 26.26241], [-80.02359, 26.27221], [-80.02208, 26.28878], [-80.015276, 26.320956], [-80.014362, 26.362236], [-80.006888, 26.426457], [-80.062286, 26.426393], [-80.061447, 26.432139], [-80.064697, 26.43212], [-80.064774, 26.425197], [-80.065546, 26.42055], [-80.071376, 26.420738], [-80.073271, 26.422071], [-80.077139, 26.422831], [-80.07868, 26.424248], [-80.079318, 26.424541], [-80.09941, 26.424552], [-80.099353, 26.41535], [-80.101721, 26.413104], [-80.102417, 26.411417], [-80.102483, 26.409726], [-80.129666, 26.40954], [-80.129766, 26.417053], [-80.137066, 26.417153], [-80.140049, 26.416833], [-80.146415, 26.416818], [-80.146314, 26.409452], [-80.171274, 26.409311], [-80.17103, 26.39429], [-80.171274, 26.394287], [-80.171267, 26.393882], [-80.200366, 26.393954], [-80.203724, 26.394203], [-80.203573, 26.382699], [-80.207036, 26.382231], [-80.211, 26.382681], [-80.213859, 26.382088], [-80.214918, 26.382289], [-80.217179, 26.383308], [-80.218716, 26.383637], [-80.236906, 26.383682], [-80.251669, 26.364988], [-80.251504, 26.352367], [-80.251083, 26.352373], [-80.251088, 26.352078], [-80.251511, 26.352092], [-80.251322, 26.342167], [-80.24977, 26.341756], [-80.24977, 26.341356], [-80.297048, 26.355547], [-80.29691, 26.335466], [-80.29744, 26.24128], [-80.297026, 26.238381], [-80.297021, 26.236083], [-80.297443, 26.236073]]]}}, {"type": "Feature", "properties": {"district": "27", "chamber": "congressional", "name": "Florida Congressional District 27"}, "geometry": {"type": "Polygon", "coordinates": [[[-80.389359, 25.689941], [-80.388571, 25.67108], [-80.38886, 25.664913], [-80.388071, 25.658285], [-80.385772, 25.643493], [-80.385309, 25.634113], [-80.38502, 25.633102], [-80.384043, 25.631456], [-80.380408, 25.628225], [-80.379334, 25.626132], [-80.378203, 25.604009], [-80.377331, 25.60073], [-80.375769, 25.598442], [-80.37033, 25.593256], [-80.369175, 25.590537], [-80.36646, 25.58245], [-80.372762, 25.575996], [-80.372427, 25.575687], [-80.372284, 25.569977], [-80.36857, 25.569499], [-80.36376, 25.568423], [-80.362159, 25.56844], [-80.361897, 25.565687], [-80.360727, 25.563069], [-80.36027, 25.561213], [-80.359126, 25.559293], [-80.359502, 25.557352], [-80.359429, 25.556358], [-80.358863, 25.555579], [-80.358077, 25.555198], [-80.355737, 25.555198], [-80.354604, 25.554867], [-80.351844, 25.553508], [-80.350327, 25.550708], [-80.348463, 25.549183], [-80.346983, 25.548454], [-80.34446, 25.546532], [-80.340439, 25.544262], [-80.339562, 25.543947], [-80.3322, 25.543911], [-80.33152, 25.543591], [-80.330264, 25.542715], [-80.329003, 25.540988], [-80.328267, 25.540683], [-80.327842, 25.540197], [-80.32506, 25.535585], [-80.325157, 25.534746], [-80.325767, 25.534959], [-80.325149, 25.534521], [-80.316682, 25.532633], [-80.249737, 25.531543], [-80.236577, 25.531521], [-80.175462, 25.54773], [-80.135202, 25.5375], [-80.120593, 25.534065], [-80.119554, 25.541275], [-80.115914, 25.541306], [-80.111673, 25.540301], [-80.10954, 25.54479], [-80.10602, 25.55361], [-80.1045, 25.55908], [-80.10365, 25.56488], [-80.10354, 25.57074], [-80.10381, 25.57394], [-80.10527, 25.58119], [-80.10451, 25.58798], [-80.10476, 25.59461], [-80.10565, 25.59985], [-80.10777, 25.60663], [-80.10373, 25.64885], [-80.10233, 25.6516], [-80.10045, 25.65621], [-80.0988, 25.66226], [-80.09787, 25.66842], [-80.09779, 25.67611], [-80.09886, 25.68422], [-80.09557, 25.69211], [-80.09389, 25.69856], [-80.09324, 25.70364], [-80.09303, 25.70875], [-80.0921, 25.71549], [-80.09178, 25.72111], [-80.109306, 25.733389], [-80.124767, 25.743214], [-80.132538, 25.748547], [-80.132179, 25.749925], [-80.148821, 25.762374], [-80.149088, 25.763904], [-80.148897, 25.764154], [-80.13863, 25.764469], [-80.138614, 25.764749], [-80.137587, 25.764765], [-80.138227, 25.765164], [-80.136902, 25.765164], [-80.141408, 25.767057], [-80.14447, 25.768649], [-80.16905, 25.779209], [-80.168969, 25.7797], [-80.171883, 25.780972], [-80.172911, 25.781749], [-80.175781, 25.786001], [-80.177359, 25.787226], [-80.179317, 25.787584], [-80.185464, 25.787244], [-80.186724, 25.787026], [-80.18962, 25.785918], [-80.191297, 25.785857], [-80.194297, 25.786251], [-80.20097, 25.789011], [-80.20656, 25.789019], [-80.208572, 25.788496], [-80.213499, 25.786044], [-80.22156, 25.782889], [-80.223408, 25.782611], [-80.230449, 25.782536], [-80.231849, 25.78282], [-80.235731, 25.784445], [-80.239521, 25.784944], [-80.239576, 25.786851], [-80.24776, 25.786631], [-80.247796, 25.787863], [-80.246597, 25.78791], [-80.246618, 25.789141], [-80.247803, 25.789081], [-80.247917, 25.791849], [-80.249965, 25.79178], [-80.250025, 25.793274], [-80.251624, 25.793232], [-80.251585, 25.79249], [-80.256093, 25.792351], [-80.256168, 25.7944], [-80.262506, 25.793948], [-80.265106, 25.793192], [-80.269109, 25.789446], [-80.274176, 25.783728], [-80.277893, 25.785147], [-80.280522, 25.785518], [-80.283282, 25.785334], [-80.289275, 25.784196], [-80.294316, 25.784654], [-80.301517, 25.784472], [-80.304101, 25.784047], [-80.312151, 25.78035], [-80.314377, 25.779946], [-80.315974, 25.780066], [-80.320554, 25.78103], [-80.325299, 25.781507], [-80.353092, 25.78161], [-80.353721, 25.776872], [-80.353684, 25.775736], [-80.352826, 25.764856], [-80.352374, 25.761657], [-80.368408, 25.7613], [-80.367705, 25.745332], [-80.367734, 25.744948], [-80.368747, 25.744945], [-80.368779, 25.74387], [-80.369778, 25.743825], [-80.369737, 25.741319], [-80.370777, 25.741305], [-80.370787, 25.739503], [-80.369747, 25.739522], [-80.369763, 25.73592], [-80.371781, 25.735865], [-80.371765, 25.733436], [-80.373726, 25.733389], [-80.373702, 25.732206], [-80.384365, 25.732043], [-80.383921, 25.72356], [-80.384249, 25.721433], [-80.38423, 25.719615], [-80.383731, 25.716019], [-80.383504, 25.709464], [-80.38379, 25.700931], [-80.384584, 25.698266], [-80.388717, 25.69215], [-80.389256, 25.690454], [-80.389359, 25.689941]]]}}, {"type": "Feature", "properties": {"district": "13", "chamber": "congressional", "name": "Florida Congressional District 13"}, "geometry": {"type": "Polygon", "coordinates": [[[-83.02054, 27.88103], [-83.02046, 27.87579], [-83.01908, 27.85806], [-83.01795, 27.84836], [-83.01597, 27.83802], [-83.01181, 27.82055], [-83.00929, 27.81198], [-83.00695, 27.80544], [-83.00329, 27.79681], [-82.99389, 27.77767], [-82.9899, 27.77073], [-82.98215, 27.75873], [-82.97529, 27.74726], [-82.96981, 27.73942], [-82.9655, 27.73391], [-82.95847, 27.72594], [-82.94821, 27.7154], [-82.93174, 27.70117], [-82.92424, 27.6954], [-82.91522, 27.68413], [-82.91522, 27.68163], [-82.91641, 27.66893], [-82.91739, 27.66282], [-82.92222, 27.6523], [-82.925034, 27.644813], [-82.746751, 27.647347], [-82.747044, 27.640752], [-82.746943, 27.637908], [-82.745373, 27.635628], [-82.744049, 27.634619], [-82.742069, 27.633896], [-82.739757, 27.630652], [-82.736845, 27.625201], [-82.736981, 27.619761], [-82.73858, 27.613333], [-82.737778, 27.611321], [-82.736701, 27.610648], [-82.735592, 27.610437], [-82.734407, 27.610506], [-82.731729, 27.612784], [-82.728212, 27.614662], [-82.714895, 27.619539], [-82.711278, 27.621658], [-82.705438, 27.623916], [-82.704601, 27.624522], [-82.702979, 27.626473], [-82.700393, 27.630747], [-82.699845, 27.63199], [-82.699759, 27.632921], [-82.696538, 27.639062], [-82.696535, 27.644969], [-82.672918, 27.645089], [-82.676078, 27.651041], [-82.677021, 27.65504], [-82.679412, 27.70038], [-82.679357, 27.709778], [-82.679678, 27.714702], [-82.679184, 27.718876], [-82.679625, 27.828343], [-82.67962, 27.82875], [-82.67876, 27.828756], [-82.678765, 27.829425], [-82.679155, 27.829425], [-82.679159, 27.830161], [-82.678165, 27.830174], [-82.679428, 27.83198], [-82.679386, 27.832378], [-82.678866, 27.832382], [-82.679665, 27.833483], [-82.679675, 27.83745], [-82.678141, 27.837501], [-82.678144, 27.837913], [-82.678648, 27.837912], [-82.678652, 27.838594], [-82.678145, 27.838594], [-82.678146, 27.838875], [-82.678653, 27.838874], [-82.678655, 27.839269], [-82.676525, 27.839295], [-82.676979, 27.842026], [-82.675423, 27.84203], [-82.675177, 27.84292], [-82.673525, 27.842925], [-82.673516, 27.845449], [-82.673194, 27.845357], [-82.671115, 27.846567], [-82.664184, 27.846599], [-82.664263, 27.848322], [-82.663945, 27.848326], [-82.664518, 27.869796], [-82.664289, 27.872751], [-82.663408, 27.874235], [-82.65235, 27.886068], [-82.652765, 27.885826], [-82.654059, 27.886195], [-82.654542, 27.885821], [-82.655365, 27.885799], [-82.655514, 27.88537], [-82.655019, 27.885084], [-82.654976, 27.88477], [-82.656028, 27.883901], [-82.658115, 27.883363], [-82.658858, 27.883616], [-82.659748, 27.883548], [-82.659775, 27.885421], [-82.660773, 27.88652], [-82.66024, 27.886881], [-82.660122, 27.88755], [-82.662308, 27.890887], [-82.66278, 27.892205], [-82.662759, 27.89494], [-82.661592, 27.896572], [-82.661757, 27.89756], [-82.662414, 27.898104], [-82.663207, 27.898176], [-82.66563, 27.897568], [-82.665017, 27.895417], [-82.668154, 27.89531], [-82.668423, 27.894051], [-82.671497, 27.894046], [-82.67131, 27.894969], [-82.670678, 27.895518], [-82.671018, 27.896121], [-82.67175, 27.896587], [-82.673339, 27.896582], [-82.673542, 27.895916], [-82.67712, 27.895909], [-82.677105, 27.895255], [-82.679414, 27.895246], [-82.679412, 27.894798], [-82.679827, 27.894815], [-82.68001, 27.908432], [-82.676949, 27.908557], [-82.676255, 27.909033], [-82.676395, 27.913672], [-82.678817, 27.915399], [-82.679287, 27.915399], [-82.679975, 27.916225], [-82.680216, 27.915977], [-82.680123, 27.914805], [-82.680414, 27.914651], [-82.68187, 27.91557], [-82.682384, 27.91524], [-82.685103, 27.916049], [-82.686341, 27.917232], [-82.68657, 27.917793], [-82.687332, 27.91842], [-82.688174, 27.918662], [-82.688466, 27.920114], [-82.688497, 27.92435], [-82.690658, 27.926996], [-82.69129, 27.928954], [-82.691953, 27.932585], [-82.692158, 27.932717], [-82.693936, 27.932093], [-82.693428, 27.936908], [-82.702352, 27.937024], [-82.708713, 27.958649], [-82.707531, 27.959097], [-82.707527, 27.958698], [-82.706114, 27.959857], [-82.700643, 27.959885], [-82.680034, 27.962238], [-82.680045, 27.962506], [-82.648616, 27.966337], [-82.64882, 27.979497], [-82.648374, 28.056558], [-82.648649, 28.062215], [-82.648909, 28.06349], [-82.649149, 28.098901], [-82.650989, 28.154179], [-82.651165, 28.173266], [-82.722966, 28.173159], [-82.735493, 28.173352], [-82.749711, 28.173191], [-82.750202, 28.172755], [-82.750487, 28.173007], [-82.783716, 28.172863], [-82.78549, 28.172567], [-82.786039, 28.172936], [-82.800152, 28.173117], [-82.815124, 28.173023], [-82.833319, 28.172519], [-82.833312, 28.171884], [-82.844579, 28.17171], [-82.847773, 28.171682], [-82.852306, 28.172257], [-82.874999, 28.171997], [-82.875024, 28.172266], [-83.01875, 28.17098], [-83.01751, 28.16148], [-83.01427, 28.14161], [-83.01251, 28.13374], [-83.01311, 28.12326], [-83.01293, 28.11146], [-83.01173, 28.09989], [-83.00961, 28.08878], [-83.00941, 28.07515], [-83.00819, 28.06194], [-83.00682, 28.05404], [-83.00562, 28.04873], [-82.99924, 28.02687], [-82.99929, 28.0162], [-82.99746, 28.01275], [-82.99757, 28.00569], [-82.99845, 27.99026], [-83.00242, 27.98002], [-83.00508, 27.97131], [-83.01017, 27.95206], [-83.01361, 27.93576], [-83.01905, 27.90271], [-83.01979, 27.89592], [-83.02047, 27.88411], [-83.02054, 27.88103]]]}}, {"type": "Feature", "properties": {"district": "20", "chamber": "congressional", "name": "Florida Congressional District 20"}, "geometry": {"type": "Polygon", "coordinates": [[[-80.886053, 26.949235], [-80.88578, 26.807582], [-80.886026, 26.654627], [-80.885772, 26.609242], [-80.883146, 26.478154], [-80.882975, 26.464926], [-80.883109, 26.447522], [-80.881189, 26.375356], [-80.880017, 26.346059], [-80.881915, 26.346125], [-80.881833, 26.3338], [-80.881285, 26.333806], [-80.87971, 26.259308], [-80.879361, 26.180055], [-80.87256, 26.001474], [-80.87297, 25.992944], [-80.872932, 25.979434], [-80.680038, 25.978749], [-80.680016, 25.956857], [-80.550844, 25.957018], [-80.439389, 25.956852], [-80.441981, 26.044175], [-80.442, 26.061936], [-80.443286, 26.112933], [-80.449752, 26.140746], [-80.449611, 26.144605], [-80.447873, 26.144598], [-80.447066, 26.146091], [-80.440278, 26.145609], [-80.387107, 26.133298], [-80.362614, 26.127274], [-80.362648, 26.109176], [-80.362624, 26.107713], [-80.362346, 26.107427], [-80.362298, 26.106365], [-80.362573, 26.102318], [-80.346344, 26.102309], [-80.346358, 26.114912], [-80.350316, 26.114919], [-80.350318, 26.11671], [-80.346321, 26.116723], [-80.346253, 26.123064], [-80.330207, 26.11922], [-80.330152, 26.131245], [-80.321401, 26.131172], [-80.32142, 26.128817], [-80.320599, 26.129143], [-80.319674, 26.130145], [-80.316866, 26.129921], [-80.315292, 26.128126], [-80.315261, 26.122892], [-80.313951, 26.122894], [-80.313898, 26.160754], [-80.29782, 26.160398], [-80.297779, 26.150021], [-80.283957, 26.150064], [-80.286413, 26.148904], [-80.287219, 26.147421], [-80.286944, 26.138647], [-80.287395, 26.135524], [-80.270093, 26.13562], [-80.264618, 26.130591], [-80.261234, 26.133019], [-80.259857, 26.13055], [-80.259623, 26.128925], [-80.259671, 26.12678], [-80.257473, 26.12677], [-80.256966, 26.126225], [-80.256358, 26.126262], [-80.255259, 26.124336], [-80.253282, 26.122308], [-80.25238, 26.12074], [-80.23397, 26.120664], [-80.234175, 26.120609], [-80.233679, 26.105848], [-80.20902, 26.106192], [-80.20799, 26.10583], [-80.206086, 26.104198], [-80.204688, 26.103921], [-80.201363, 26.104515], [-80.201412, 26.105943], [-80.19757, 26.10604], [-80.197574, 26.106264], [-80.195421, 26.106465], [-80.195426, 26.10604], [-80.193394, 26.106158], [-80.193327, 26.104696], [-80.190508, 26.104791], [-80.184392, 26.105843], [-80.175373, 26.106651], [-80.168514, 26.10681], [-80.168562, 26.121631], [-80.148553, 26.122154], [-80.148645, 26.125913], [-80.14543, 26.125986], [-80.14537, 26.127783], [-80.144661, 26.127814], [-80.144766, 26.129675], [-80.145026, 26.129677], [-80.143926, 26.13146], [-80.144094, 26.133259], [-80.145038, 26.133233], [-80.145146, 26.136735], [-80.144203, 26.136771], [-80.14458, 26.147448], [-80.144866, 26.149001], [-80.145243, 26.149962], [-80.148026, 26.149954], [-80.148102, 26.152097], [-80.14861, 26.152843], [-80.149762, 26.15315], [-80.150615, 26.153987], [-80.152006, 26.153974], [-80.152707, 26.154486], [-80.152955, 26.15513], [-80.154834, 26.156168], [-80.155037, 26.156844], [-80.160718, 26.164512], [-80.159364, 26.166909], [-80.152444, 26.182657], [-80.151477, 26.192492], [-80.150528, 26.196032], [-80.148446, 26.199137], [-80.138979, 26.208067], [-80.137747, 26.209585], [-80.13686, 26.211325], [-80.136166, 26.21463], [-80.136267, 26.226677], [-80.127211, 26.226726], [-80.101148, 26.318547], [-80.101515, 26.318617], [-80.101431, 26.31896], [-80.100938, 26.320387], [-80.10047, 26.320588], [-80.098823, 26.322834], [-80.099126, 26.323797], [-80.098403, 26.32488], [-80.098437, 26.32673], [-80.098982, 26.327496], [-80.099791, 26.32777], [-80.117036, 26.327847], [-80.116369, 26.31906], [-80.116664, 26.315201], [-80.123983, 26.289849], [-80.12817, 26.289797], [-80.130823, 26.290492], [-80.137381, 26.260505], [-80.151788, 26.260296], [-80.151468, 26.24361], [-80.154037, 26.244749], [-80.156264, 26.24525], [-80.167405, 26.245318], [-80.168401, 26.242936], [-80.170814, 26.239194], [-80.177249, 26.231555], [-80.177631, 26.231563], [-80.192292, 26.214281], [-80.192461, 26.230555], [-80.297481, 26.22945], [-80.297443, 26.236073], [-80.296972, 26.236084], [-80.297026, 26.238381], [-80.29744, 26.24128], [-80.29691, 26.335466], [-80.297048, 26.355547], [-80.24977, 26.341356], [-80.24977, 26.341756], [-80.251322, 26.342167], [-80.251511, 26.352092], [-80.251088, 26.352078], [-80.251083, 26.352373], [-80.251504, 26.352367], [-80.251669, 26.364988], [-80.23583, 26.385289], [-80.235661, 26.408936], [-80.230066, 26.431189], [-80.222354, 26.46368], [-80.220765, 26.468311], [-80.221046, 26.483218], [-80.222036, 26.483228], [-80.222344, 26.512698], [-80.23119, 26.536125], [-80.23072, 26.536127], [-80.233342, 26.542522], [-80.24794, 26.563288], [-80.249769, 26.565516], [-80.249769, 26.566875], [-80.278863, 26.602823], [-80.332665, 26.63457], [-80.347406, 26.64927], [-80.347793, 26.64927], [-80.363467, 26.679898], [-80.363774, 26.684564], [-80.349496, 26.684353], [-80.314057, 26.683179], [-80.298462, 26.682879], [-80.298243, 26.682879], [-80.298234, 26.683137], [-80.254534, 26.681846], [-80.25452, 26.682032], [-80.250597, 26.681909], [-80.250606, 26.681721], [-80.219549, 26.680809], [-80.219563, 26.680442], [-80.218224, 26.680386], [-80.218761, 26.667716], [-80.21054, 26.667385], [-80.210609, 26.665822], [-80.202351, 26.665503], [-80.202311, 26.666537], [-80.200474, 26.666554], [-80.200517, 26.669261], [-80.197381, 26.669293], [-80.197421, 26.671379], [-80.202007, 26.671313], [-80.201872, 26.674846], [-80.202218, 26.674846], [-80.20206, 26.680241], [-80.195815, 26.680091], [-80.19581, 26.680313], [-80.194555, 26.680328], [-80.194557, 26.680061], [-80.192959, 26.680007], [-80.19296, 26.680282], [-80.18728, 26.680119], [-80.157535, 26.679167], [-80.157532, 26.678897], [-80.149321, 26.678638], [-80.143929, 26.6789], [-80.127605, 26.67833], [-80.120295, 26.678423], [-80.110776, 26.678161], [-80.103806, 26.677522], [-80.100335, 26.677642], [-80.086118, 26.677113], [-80.083263, 26.677218], [-80.077546, 26.676633], [-80.069561, 26.676334], [-80.069316, 26.683071], [-80.068681, 26.685036], [-80.066932, 26.688366], [-80.066633, 26.690805], [-80.067113, 26.692459], [-80.071231, 26.699446], [-80.067664, 26.703019], [-80.064614, 26.707747], [-80.064257, 26.709292], [-80.06432, 26.710851], [-80.064808, 26.712348], [-80.065797, 26.713884], [-80.063749, 26.714637], [-80.057003, 26.714469], [-80.056889, 26.719868], [-80.055779, 26.719842], [-80.056539, 26.72452], [-80.055357, 26.724492], [-80.055389, 26.723533], [-80.053243, 26.723479], [-80.052842, 26.735589], [-80.054848, 26.735641], [-80.054829, 26.736292], [-80.052823, 26.736241], [-80.052451, 26.748625], [-80.052834, 26.750552], [-80.052461, 26.757921], [-80.050908, 26.757903], [-80.050835, 26.759476], [-80.048866, 26.759421], [-80.049576, 26.769261], [-80.049385, 26.769256], [-80.049876, 26.770345], [-80.049263, 26.77364], [-80.044462, 26.780751], [-80.044597, 26.783131], [-80.046676, 26.783085], [-80.047481, 26.795114], [-80.046542, 26.799215], [-80.04344, 26.804459], [-80.053305, 26.803689], [-80.054141, 26.803913], [-80.054301, 26.803596], [-80.057635, 26.803877], [-80.057571, 26.807323], [-80.061698, 26.807339], [-80.064899, 26.807676], [-80.077894, 26.808144], [-80.077902, 26.809103], [-80.078826, 26.809132], [-80.078547, 26.808163], [-80.081954, 26.808267], [-80.082029, 26.806065], [-80.084572, 26.806144], [-80.084544, 26.806969], [-80.085157, 26.806988], [-80.085118, 26.808157], [-80.085338, 26.808163], [-80.085355, 26.807694], [-80.090613, 26.794717], [-80.090646, 26.793809], [-80.091647, 26.793754], [-80.091274, 26.793575], [-80.091662, 26.783069], [-80.091435, 26.782924], [-80.091668, 26.782936], [-80.092001, 26.774262], [-80.09182, 26.77018], [-80.093824, 26.770647], [-80.095992, 26.771847], [-80.127375, 26.793087], [-80.131647, 26.795678], [-80.131903, 26.78843], [-80.133491, 26.766181], [-80.134266, 26.751734], [-80.118369, 26.751082], [-80.117717, 26.750547], [-80.118385, 26.732594], [-80.116997, 26.732523], [-80.115493, 26.731889], [-80.114099, 26.731833], [-80.112396, 26.732483], [-80.10994, 26.732428], [-80.109791, 26.735983], [-80.102107, 26.735906], [-80.102141, 26.734979], [-80.102457, 26.734963], [-80.102579, 26.731027], [-80.101831, 26.73043], [-80.102109, 26.730215], [-80.102276, 26.725628], [-80.101872, 26.725518], [-80.102245, 26.718739], [-80.102084, 26.717401], [-80.101543, 26.716134], [-80.100634, 26.715009], [-80.096045, 26.71166], [-80.100396, 26.706734], [-80.128564, 26.7072], [-80.157846, 26.70821], [-80.200919, 26.709282], [-80.200609, 26.716342], [-80.201039, 26.717189], [-80.201755, 26.717708], [-80.215224, 26.723763], [-80.216156, 26.724537], [-80.215807, 26.735675], [-80.231937, 26.736402], [-80.246075, 26.735728], [-80.264204, 26.735438], [-80.263774, 26.742702], [-80.295815, 26.743511], [-80.29578, 26.745028], [-80.30001, 26.745128], [-80.300352, 26.745119], [-80.300385, 26.74493], [-80.300593, 26.737464], [-80.308026, 26.737705], [-80.308308, 26.72985], [-80.310517, 26.729921], [-80.310977, 26.715897], [-80.308764, 26.715842], [-80.30889, 26.713082], [-80.311067, 26.713141], [-80.311207, 26.708885], [-80.309025, 26.708815], [-80.309073, 26.707081], [-80.31417, 26.707465], [-80.314159, 26.707832], [-80.322355, 26.708141], [-80.322349, 26.708435], [-80.329639, 26.708576], [-80.330774, 26.70962], [-80.363251, 26.710378], [-80.36291, 26.720229], [-80.362663, 26.741051], [-80.370542, 26.75034], [-80.376319, 26.75662], [-80.386307, 26.76816], [-80.386334, 26.768632], [-80.389038, 26.771129], [-80.394809, 26.77808], [-80.406687, 26.790099], [-80.411592, 26.794732], [-80.431242, 26.81198], [-80.466212, 26.841514], [-80.499406, 26.871179], [-80.530484, 26.898538], [-80.563248, 26.928239], [-80.56399, 26.92879], [-80.580109, 26.92888], [-80.580237, 26.957934], [-80.62966, 26.957776], [-80.749781, 26.959033], [-80.885639, 26.958919], [-80.886053, 26.949235]]]}}, {"type": "Feature", "properties": {"district": "3", "chamber": "congressional", "name": "Florida Congressional District 3"}, "geometry": {"type": "Polygon", "coordinates": [[[-83.575406, 29.527003], [-83.57337, 29.51484], [-83.5721, 29.50161], [-83.57167, 29.49275], [-83.57031, 29.48179], [-83.56826, 29.47185], [-83.56633, 29.46484], [-83.5645, 29.45928], [-83.56216, 29.4531], [-83.5592, 29.44634], [-83.5564, 29.4407], [-83.5509, 29.43115], [-83.54706, 29.42534], [-83.54129, 29.41758], [-83.53343, 29.40846], [-83.52422, 29.39936], [-83.51523, 29.39174], [-83.50493, 29.38423], [-83.49214, 29.37623], [-83.48066, 29.37008], [-83.46886, 29.3648], [-83.45574, 29.3581], [-83.44447, 29.35301], [-83.43566, 29.3497], [-83.43071, 29.34342], [-83.42644, 29.33851], [-83.41921, 29.33103], [-83.41038, 29.3231], [-83.40251, 29.31692], [-83.39339, 29.31064], [-83.3785, 29.30181], [-83.36744, 29.29613], [-83.35723, 29.2917], [-83.35503, 29.28828], [-83.35431, 29.27614], [-83.35287, 29.26588], [-83.35034, 29.25467], [-83.34747, 29.2454], [-83.34377, 29.23596], [-83.33938, 29.22676], [-83.33509, 29.21913], [-83.33042, 29.21186], [-83.32389, 29.20306], [-83.31523, 29.19313], [-83.30657, 29.18468], [-83.29873, 29.17803], [-83.29198, 29.17293], [-83.28174, 29.16614], [-83.27361, 29.16144], [-83.26208, 29.15572], [-83.26386, 29.14447], [-83.26453, 29.13637], [-83.2647, 29.12749], [-83.26386, 29.11445], [-83.26274, 29.10672], [-83.26047, 29.09621], [-83.25702, 29.08489], [-83.25374, 29.0765], [-83.24766, 29.0632], [-83.24273, 29.0538], [-83.23803, 29.04617], [-83.23146, 29.03683], [-83.23012, 29.03436], [-83.227188, 29.030264], [-83.22465, 29.02539], [-83.22056, 29.01949], [-83.21434, 29.01157], [-83.20583, 29.00223], [-83.19827, 28.99505], [-83.187906, 28.986573], [-82.761568, 28.992091], [-82.759294, 28.99247], [-82.758848, 28.993401], [-82.756278, 28.996346], [-82.754752, 28.997497], [-82.754485, 28.997922], [-82.754585, 28.998357], [-82.755588, 29.000268], [-82.755421, 29.001865], [-82.75492, 29.002248], [-82.752351, 29.002996], [-82.749196, 29.004493], [-82.744877, 29.007568], [-82.742319, 29.008024], [-82.741892, 29.008656], [-82.742678, 29.009732], [-82.742738, 29.010175], [-82.741897, 29.011415], [-82.741005, 29.012069], [-82.739686, 29.012453], [-82.737214, 29.012406], [-82.734479, 29.013987], [-82.734054, 29.014635], [-82.733467, 29.014945], [-82.728082, 29.014823], [-82.727385, 29.015543], [-82.726915, 29.017865], [-82.725309, 29.019051], [-82.72392, 29.02123], [-82.722671, 29.021985], [-82.722198, 29.023185], [-82.721099, 29.023501], [-82.720948, 29.02429], [-82.720013, 29.025575], [-82.717536, 29.026978], [-82.716641, 29.028157], [-82.715104, 29.028643], [-82.714441, 29.029183], [-82.713243, 29.029624], [-82.712312, 29.030673], [-82.71153, 29.030988], [-82.709803, 29.030899], [-82.708178, 29.031467], [-82.705528, 29.030766], [-82.704371, 29.032119], [-82.702833, 29.032821], [-82.701988, 29.032707], [-82.701028, 29.031964], [-82.69903, 29.032337], [-82.697796, 29.031749], [-82.697019, 29.031726], [-82.696802, 29.032615], [-82.696019, 29.03313], [-82.695128, 29.03318], [-82.692826, 29.032586], [-82.689814, 29.033962], [-82.688948, 29.033462], [-82.688718, 29.033084], [-82.687115, 29.032553], [-82.686357, 29.031802], [-82.684386, 29.031144], [-82.683541, 29.030564], [-82.681828, 29.030828], [-82.67844, 29.030175], [-82.677095, 29.03056], [-82.676247, 29.029153], [-82.676133, 29.028065], [-82.675588, 29.027396], [-82.675472, 29.026196], [-82.675179, 29.026076], [-82.6739, 29.025941], [-82.672863, 29.025502], [-82.666307, 29.024927], [-82.6648, 29.023811], [-82.662677, 29.02406], [-82.66123, 29.023461], [-82.65968, 29.023579], [-82.658822, 29.023163], [-82.658251, 29.022481], [-82.657429, 29.022192], [-82.654533, 29.023117], [-82.652692, 29.023035], [-82.650036, 29.021762], [-82.649538, 29.020955], [-82.649292, 29.020951], [-82.648724, 29.021818], [-82.646953, 29.021702], [-82.64613, 29.021514], [-82.64531, 29.020607], [-82.644072, 29.020076], [-82.640988, 29.021461], [-82.640486, 29.021467], [-82.639591, 29.020827], [-82.639097, 29.019955], [-82.639528, 29.019335], [-82.639251, 29.018618], [-82.638462, 29.018012], [-82.636625, 29.017489], [-82.63485, 29.018016], [-82.63441, 29.017833], [-82.633577, 29.016154], [-82.632204, 29.01611], [-82.630658, 29.016391], [-82.629043, 29.01399], [-82.628574, 29.013704], [-82.625419, 29.013778], [-82.62425, 29.012931], [-82.622973, 29.012478], [-82.620956, 29.012495], [-82.619716, 29.01173], [-82.618922, 29.010642], [-82.618224, 29.01029], [-82.615541, 29.010131], [-82.614048, 29.00952], [-82.612653, 29.009271], [-82.607473, 29.010443], [-82.603476, 29.012344], [-82.602131, 29.013451], [-82.600827, 29.015463], [-82.600715, 29.016394], [-82.601996, 29.019165], [-82.601684, 29.021294], [-82.600283, 29.024091], [-82.597884, 29.027926], [-82.596641, 29.029178], [-82.595224, 29.029874], [-82.593616, 29.030039], [-82.588529, 29.028632], [-82.583592, 29.027983], [-82.576974, 29.028065], [-82.574803, 29.029117], [-82.573192, 29.030842], [-82.572902, 29.032146], [-82.572196, 29.032696], [-82.569058, 29.033389], [-82.568521, 29.034131], [-82.567875, 29.034398], [-82.5663, 29.034385], [-82.565591, 29.035315], [-82.564135, 29.035817], [-82.563485, 29.035825], [-82.562739, 29.035042], [-82.56147, 29.03467], [-82.558523, 29.035304], [-82.558273, 29.035186], [-82.558081, 29.034049], [-82.557774, 29.03377], [-82.556737, 29.033605], [-82.556018, 29.033864], [-82.554711, 29.035165], [-82.552601, 29.036621], [-82.552217, 29.037191], [-82.550859, 29.037611], [-82.549887, 29.039223], [-82.545817, 29.041793], [-82.543029, 29.042724], [-82.541737, 29.042052], [-82.538085, 29.04225], [-82.536613, 29.042963], [-82.537166, 29.044313], [-82.536478, 29.044823], [-82.535591, 29.044855], [-82.534477, 29.044532], [-82.533763, 29.043409], [-82.533914, 29.042559], [-82.535214, 29.041339], [-82.535116, 29.040928], [-82.531931, 29.041057], [-82.531157, 29.041898], [-82.531203, 29.043076], [-82.530378, 29.043627], [-82.529092, 29.043377], [-82.52822, 29.042644], [-82.52776, 29.042529], [-82.52581, 29.043118], [-82.525057, 29.043005], [-82.524839, 29.042491], [-82.525683, 29.041471], [-82.525692, 29.040857], [-82.52501, 29.04059], [-82.524208, 29.041957], [-82.523469, 29.042184], [-82.523197, 29.041767], [-82.523291, 29.040191], [-82.522358, 29.039644], [-82.520483, 29.039788], [-82.518902, 29.041148], [-82.51703, 29.042051], [-82.516809, 29.042646], [-82.517112, 29.043767], [-82.516939, 29.044199], [-82.516313, 29.044209], [-82.513, 29.043157], [-82.511931, 29.04337], [-82.511493, 29.043011], [-82.511769, 29.0412], [-82.511197, 29.040916], [-82.510395, 29.041546], [-82.509804, 29.041503], [-82.508606, 29.040333], [-82.508568, 29.039679], [-82.509956, 29.038273], [-82.510041, 29.03786], [-82.509826, 29.037572], [-82.509031, 29.037374], [-82.508131, 29.037479], [-82.50717, 29.038702], [-82.505871, 29.039275], [-82.502719, 29.041647], [-82.502062, 29.04103], [-82.501346, 29.04105], [-82.500612, 29.041134], [-82.500156, 29.041843], [-82.498379, 29.041784], [-82.497637, 29.042175], [-82.495227, 29.044354], [-82.493681, 29.046561], [-82.491064, 29.047332], [-82.490494, 29.048009], [-82.489757, 29.048395], [-82.487441, 29.048037], [-82.487118, 29.048375], [-82.487216, 29.048867], [-82.488588, 29.05014], [-82.488637, 29.050796], [-82.488072, 29.051449], [-82.485846, 29.05169], [-82.483944, 29.051099], [-82.483388, 29.051246], [-82.482059, 29.052483], [-82.47881, 29.052217], [-82.477893, 29.052565], [-82.476382, 29.05106], [-82.475273, 29.051368], [-82.474032, 29.051079], [-82.472923, 29.051203], [-82.472838, 29.050801], [-82.473492, 29.050306], [-82.473414, 29.048799], [-82.470546, 29.046582], [-82.469491, 29.046554], [-82.468747, 29.047035], [-82.468101, 29.047981], [-82.467054, 29.048029], [-82.463784, 29.044656], [-82.462532, 29.045104], [-82.460797, 29.046742], [-82.459445, 29.047456], [-82.458566, 29.04765], [-82.458407, 29.047224], [-82.458764, 29.045933], [-82.45835, 29.044348], [-82.456305, 29.04199], [-82.453658, 29.03977], [-82.452625, 29.039524], [-82.451886, 29.040064], [-82.451493, 29.040066], [-82.449309, 29.039006], [-82.444398, 29.036018], [-82.441777, 29.035484], [-82.44147, 29.034959], [-82.442252, 29.034415], [-82.44235, 29.034036], [-82.441315, 29.032382], [-82.440429, 29.032418], [-82.439199, 29.033085], [-82.437691, 29.030731], [-82.437433, 29.0292], [-82.436996, 29.028979], [-82.436689, 29.029128], [-82.436619, 29.029875], [-82.43619, 29.030056], [-82.435196, 29.029623], [-82.435754, 29.028006], [-82.436532, 29.027691], [-82.436358, 29.027154], [-82.435538, 29.027163], [-82.434423, 29.026614], [-82.432794, 29.027798], [-82.432266, 29.027666], [-82.432112, 29.027057], [-82.432381, 29.025089], [-82.431566, 29.024451], [-82.429833, 29.024045], [-82.429751, 29.02377], [-82.431119, 29.023075], [-82.430544, 29.022697], [-82.429707, 29.022992], [-82.429142, 29.022742], [-82.429535, 29.021189], [-82.426106, 29.021419], [-82.425011, 29.021694], [-82.424611, 29.021449], [-82.425731, 29.019809], [-82.425739, 29.019396], [-82.42545, 29.019059], [-82.424294, 29.018644], [-82.42047, 29.01854], [-82.419694, 29.01804], [-82.419587, 29.017345], [-82.42033, 29.014616], [-82.419264, 29.0142], [-82.418663, 29.013131], [-82.416365, 29.013337], [-82.415557, 29.013855], [-82.413766, 29.014279], [-82.412959, 29.014814], [-82.41096, 29.015406], [-82.409677, 29.0152], [-82.40942, 29.015431], [-82.409411, 29.016328], [-82.409125, 29.016706], [-82.40838, 29.017025], [-82.407041, 29.016563], [-82.405023, 29.016685], [-82.404292, 29.017242], [-82.403273, 29.018863], [-82.402499, 29.019103], [-82.401637, 29.018996], [-82.401415, 29.018606], [-82.402298, 29.016593], [-82.4018, 29.015761], [-82.40122, 29.015583], [-82.400687, 29.016229], [-82.39982, 29.016694], [-82.397341, 29.01698], [-82.397351, 29.01647], [-82.398315, 29.015836], [-82.398139, 29.015339], [-82.395042, 29.014544], [-82.394897, 29.013997], [-82.395145, 29.0134], [-82.397133, 29.012802], [-82.397577, 29.011491], [-82.396544, 29.011232], [-82.394888, 29.010147], [-82.393503, 29.008006], [-82.393031, 29.007946], [-82.391955, 29.008372], [-82.390996, 29.009847], [-82.390635, 29.009914], [-82.390316, 29.009617], [-82.390781, 29.008326], [-82.390432, 29.007938], [-82.389583, 29.008059], [-82.387703, 29.009083], [-82.386871, 29.009262], [-82.385858, 29.008078], [-82.385158, 29.007696], [-82.381837, 29.006265], [-82.379286, 29.005485], [-82.378075, 29.004793], [-82.377994, 29.004033], [-82.378562, 29.003468], [-82.378786, 29.002728], [-82.377546, 29.000712], [-82.37698, 29.000696], [-82.374056, 29.002362], [-82.370469, 29.001753], [-82.369613, 29.001795], [-82.369431, 29.001297], [-82.368998, 29.001028], [-82.368457, 29.001239], [-82.367963, 29.001935], [-82.367607, 29.001876], [-82.367539, 29.001556], [-82.367309, 29.001609], [-82.366259, 29.002661], [-82.364839, 29.002395], [-82.363918, 29.001917], [-82.364407, 29.00126], [-82.363921, 29.000198], [-82.363169, 28.999085], [-82.362218, 28.998711], [-82.361831, 28.998315], [-82.362025, 28.997445], [-82.363138, 28.997072], [-82.363276, 28.996766], [-82.36318, 28.996465], [-82.362144, 28.995828], [-82.36218, 28.99451], [-82.361391, 28.993509], [-82.357829, 28.99325], [-82.356721, 28.991995], [-82.355959, 28.991541], [-82.352394, 28.991242], [-82.349612, 28.988672], [-82.349429, 28.988848], [-82.348785, 28.988444], [-82.348403, 28.988725], [-82.348497, 28.988983], [-82.348272, 28.988868], [-82.347771, 28.989363], [-82.348672, 28.988262], [-82.346926, 28.987977], [-82.345512, 28.987202], [-82.343154, 28.987369], [-82.341251, 28.987943], [-82.340653, 28.98744], [-82.340209, 28.986592], [-82.337681, 28.985219], [-82.337315, 28.984004], [-82.337002, 28.983775], [-82.3351, 28.983249], [-82.333796, 28.981852], [-82.333327, 28.982402], [-82.332234, 28.982494], [-82.331947, 28.982311], [-82.331346, 28.980685], [-82.330408, 28.980478], [-82.329809, 28.980044], [-82.329392, 28.979015], [-82.327178, 28.978992], [-82.32564, 28.977526], [-82.323764, 28.976954], [-82.322435, 28.976244], [-82.322357, 28.976106], [-82.323086, 28.975854], [-82.322747, 28.975374], [-82.321185, 28.975648], [-82.320508, 28.974983], [-82.320482, 28.974662], [-82.321133, 28.97409], [-82.321002, 28.973748], [-82.319804, 28.973312], [-82.319596, 28.97345], [-82.31983, 28.974388], [-82.319491, 28.974709], [-82.319023, 28.974709], [-82.317589, 28.973931], [-82.315922, 28.973542], [-82.31527, 28.972762], [-82.315531, 28.971779], [-82.315373, 28.970816], [-82.315061, 28.970403], [-82.31329, 28.969831], [-82.312821, 28.96935], [-82.31256, 28.967563], [-82.311909, 28.966831], [-82.311987, 28.966441], [-82.311778, 28.966212], [-82.311961, 28.965088], [-82.311283, 28.964562], [-82.309924, 28.964196], [-82.310623, 28.963422], [-82.31013, 28.961995], [-82.310449, 28.961572], [-82.310743, 28.962193], [-82.311362, 28.961781], [-82.311328, 28.960374], [-82.249815, 28.96053], [-82.247993, 28.960308], [-82.216296, 28.960054], [-82.15309, 28.95991], [-82.123647, 28.960197], [-82.127475, 28.967497], [-82.145228, 28.996414], [-82.150251, 29.004971], [-82.152951, 29.011108], [-82.161438, 29.038897], [-82.162494, 29.041568], [-82.16878, 29.052296], [-82.171677, 29.05786], [-82.180972, 29.071973], [-82.183338, 29.075783], [-82.184022, 29.077367], [-82.184887, 29.081224], [-82.1847, 29.12093], [-82.168862, 29.120909], [-82.168849, 29.122825], [-82.140108, 29.123177], [-82.136218, 29.123627], [-82.136042, 29.135392], [-82.078526, 29.135337], [-82.074497, 29.142425], [-82.074417, 29.146644], [-82.074133, 29.147086], [-82.072989, 29.147818], [-82.071462, 29.149882], [-82.066138, 29.149859], [-82.065985, 29.160347], [-82.066212, 29.160691], [-82.065567, 29.161263], [-82.065563, 29.16504], [-82.064457, 29.165068], [-82.064561, 29.167309], [-82.065296, 29.167876], [-82.065267, 29.169583], [-82.064986, 29.169853], [-82.062436, 29.169865], [-82.061485, 29.170266], [-82.061979, 29.170901], [-82.061981, 29.193699], [-82.053682, 29.193655], [-82.053681, 29.204315], [-82.054223, 29.205925], [-82.057253, 29.209413], [-82.057762, 29.210705], [-82.057788, 29.211901], [-82.06414, 29.211867], [-82.066118, 29.210869], [-82.066237, 29.211923], [-82.069096, 29.211911], [-82.069093, 29.211586], [-82.070373, 29.21186], [-82.070267, 29.222933], [-82.132579, 29.223061], [-82.132541, 29.22672], [-82.134584, 29.22674], [-82.134576, 29.230347], [-82.136727, 29.230401], [-82.13679, 29.224648], [-82.135109, 29.223063], [-82.144031, 29.223108], [-82.142721, 29.226748], [-82.148444, 29.226816], [-82.151078, 29.235162], [-82.148691, 29.235746], [-82.151762, 29.238366], [-82.15204, 29.241206], [-82.15205, 29.245819], [-82.151367, 29.339317], [-82.149884, 29.34361], [-82.145992, 29.348391], [-82.124412, 29.388872], [-82.115006, 29.398922], [-82.114375, 29.399869], [-82.113936, 29.40114], [-82.113905, 29.40444], [-82.113537, 29.406019], [-82.112625, 29.407478], [-82.110654, 29.409571], [-82.109872, 29.411833], [-82.109795, 29.435379], [-82.108941, 29.435688], [-82.105914, 29.435709], [-82.105315, 29.436745], [-82.105231, 29.437636], [-82.104124, 29.438273], [-82.103532, 29.438165], [-82.102924, 29.438394], [-82.102348, 29.438195], [-82.101143, 29.438313], [-82.100757, 29.437864], [-82.100851, 29.437561], [-82.100499, 29.436584], [-82.099981, 29.437052], [-82.099226, 29.436813], [-82.099364, 29.43653], [-82.098914, 29.436328], [-82.098832, 29.435344], [-82.099328, 29.43511], [-82.099438, 29.434658], [-82.098662, 29.434146], [-82.099145, 29.43377], [-82.098364, 29.433625], [-82.098725, 29.43313], [-82.09751, 29.433141], [-82.097335, 29.432874], [-82.097859, 29.431672], [-82.096867, 29.430639], [-82.095664, 29.430098], [-82.096234, 29.429969], [-82.096556, 29.428888], [-82.097135, 29.428831], [-82.096999, 29.428244], [-82.097611, 29.427702], [-82.098716, 29.427258], [-82.098808, 29.426919], [-82.098156, 29.425144], [-82.098515, 29.424337], [-82.096817, 29.421835], [-82.0969, 29.421391], [-82.097787, 29.421062], [-82.099425, 29.422489], [-82.099674, 29.421109], [-82.098719, 29.420238], [-82.098839, 29.419761], [-82.099941, 29.418898], [-82.099886, 29.418664], [-82.096674, 29.419802], [-82.095629, 29.420499], [-82.095524, 29.421776], [-82.096683, 29.423731], [-82.096874, 29.425242], [-82.096467, 29.426472], [-82.095455, 29.427811], [-82.095729, 29.428781], [-82.095526, 29.429273], [-82.094953, 29.429587], [-82.094537, 29.430352], [-82.093471, 29.430748], [-82.093048, 29.430632], [-82.092522, 29.42902], [-82.09162, 29.428692], [-82.09144, 29.429068], [-82.092514, 29.429553], [-82.09242, 29.429956], [-82.092091, 29.430154], [-82.09213, 29.430571], [-82.090951, 29.430936], [-82.090056, 29.430762], [-82.090473, 29.429669], [-82.090022, 29.42922], [-82.08893, 29.428942], [-82.089427, 29.428046], [-82.088123, 29.426198], [-82.087253, 29.426812], [-82.086535, 29.426655], [-82.086983, 29.427633], [-82.088122, 29.428714], [-82.088274, 29.429331], [-82.087167, 29.429508], [-82.08654, 29.430027], [-82.086053, 29.431106], [-82.086885, 29.430956], [-82.087068, 29.431177], [-82.086692, 29.432123], [-82.088561, 29.432486], [-82.088927, 29.432902], [-82.088074, 29.433955], [-82.087613, 29.435704], [-82.08642, 29.436434], [-82.085674, 29.43723], [-82.083806, 29.437892], [-82.082857, 29.438512], [-82.080943, 29.440386], [-82.078207, 29.440091], [-82.075901, 29.43875], [-82.075783, 29.438337], [-82.076102, 29.43682], [-82.075508, 29.435761], [-82.074024, 29.434647], [-82.07109, 29.434604], [-82.070522, 29.434236], [-82.070589, 29.43561], [-82.070088, 29.436811], [-82.070019, 29.437893], [-82.070326, 29.439195], [-82.071047, 29.440167], [-82.071125, 29.441283], [-82.071726, 29.442609], [-82.071291, 29.443271], [-82.068349, 29.443895], [-82.067155, 29.443798], [-82.06643, 29.442563], [-82.065089, 29.4419], [-82.064473, 29.4399], [-82.063024, 29.439373], [-82.061387, 29.439518], [-82.059614, 29.439331], [-82.058153, 29.43979], [-82.057023, 29.439782], [-82.056747, 29.439951], [-82.056148, 29.441532], [-82.055643, 29.441847], [-82.055976, 29.458078], [-82.055896, 29.499452], [-82.056104, 29.50802], [-82.055363, 29.565814], [-82.055337, 29.59482], [-82.056151, 29.645355], [-82.056071, 29.656846], [-82.055027, 29.669608], [-82.052741, 29.688442], [-82.052302, 29.690543], [-82.049981, 29.713467], [-82.04948, 29.713209], [-82.049052, 29.713368], [-82.049732, 29.713798], [-82.049562, 29.713991], [-82.049928, 29.714062], [-82.050117, 29.715163], [-82.050829, 29.716098], [-82.051693, 29.716643], [-82.053004, 29.717017], [-82.054283, 29.716918], [-82.055474, 29.717209], [-82.055625, 29.718232], [-82.049244, 29.71867], [-82.04831, 29.72607], [-82.047983, 29.729939], [-82.04811, 29.730695], [-82.047496, 29.733281], [-82.046112, 29.747129], [-82.046454, 29.769001], [-82.046264, 29.778432], [-82.04637, 29.790081], [-82.046528, 29.795819], [-82.046818, 29.798157], [-82.046731, 29.801346], [-82.046512, 29.801999], [-82.046849, 29.803656], [-82.04651, 29.812945], [-82.04682, 29.81749], [-82.046504, 29.819594], [-82.046782, 29.823384], [-82.046683, 29.826738], [-82.046862, 29.827462], [-82.04713, 29.840753], [-82.048326, 29.93853], [-82.04845, 29.97376], [-82.04825, 29.97622], [-82.04777, 29.978], [-82.04768, 29.99119], [-82.047879, 29.998943], [-82.048808, 30.015518], [-82.049204, 30.056082], [-82.049502, 30.188875], [-82.048816, 30.241033], [-82.049702, 30.292389], [-82.049687, 30.332436], [-82.049958, 30.362472], [-82.051177, 30.362448], [-82.05332, 30.361911], [-82.055661, 30.360286], [-82.05733, 30.36017], [-82.057698, 30.359395], [-82.058132, 30.359208], [-82.059842, 30.360306], [-82.061011, 30.360205], [-82.062421, 30.360649], [-82.062691, 30.360337], [-82.062569, 30.359373], [-82.062856, 30.358755], [-82.063734, 30.358578], [-82.064905, 30.358803], [-82.065421, 30.35855], [-82.065574, 30.358008], [-82.065019, 30.35713], [-82.064911, 30.356433], [-82.06552, 30.355919], [-82.066184, 30.355757], [-82.066583, 30.356004], [-82.067928, 30.358293], [-82.068708, 30.359133], [-82.07135, 30.360979], [-82.072668, 30.36141], [-82.073163, 30.361433], [-82.079934, 30.358982], [-82.081114, 30.358768], [-82.081944, 30.358991], [-82.083318, 30.360334], [-82.088204, 30.360541], [-82.090278, 30.361222], [-82.092617, 30.360762], [-82.094718, 30.360703], [-82.096114, 30.361391], [-82.096628, 30.362614], [-82.098239, 30.36292], [-82.09829, 30.363834], [-82.098699, 30.364061], [-82.101075, 30.362791], [-82.101464, 30.363363], [-82.100642, 30.363939], [-82.100628, 30.364417], [-82.101125, 30.364547], [-82.101972, 30.364074], [-82.102375, 30.364379], [-82.101559, 30.36664], [-82.102101, 30.366966], [-82.10261, 30.367801], [-82.104464, 30.367973], [-82.105118, 30.368877], [-82.105558, 30.368822], [-82.10591, 30.3681], [-82.107187, 30.36709], [-82.108732, 30.367307], [-82.109685, 30.366763], [-82.1104, 30.36672], [-82.110552, 30.366269], [-82.10987, 30.365611], [-82.110332, 30.365209], [-82.111527, 30.366048], [-82.111521, 30.367557], [-82.111957, 30.367512], [-82.11279, 30.36688], [-82.113347, 30.367288], [-82.113011, 30.367894], [-82.113275, 30.368259], [-82.114116, 30.36784], [-82.115775, 30.368053], [-82.116377, 30.367628], [-82.116426, 30.366569], [-82.116822, 30.365445], [-82.118149, 30.364358], [-82.120131, 30.365297], [-82.121525, 30.365376], [-82.121915, 30.365739], [-82.12193, 30.366452], [-82.122175, 30.366756], [-82.122607, 30.366724], [-82.123111, 30.365839], [-82.12393, 30.366273], [-82.124869, 30.366379], [-82.125235, 30.366664], [-82.125415, 30.367883], [-82.12636, 30.368315], [-82.127039, 30.368181], [-82.128672, 30.367083], [-82.128476, 30.366625], [-82.127417, 30.366085], [-82.127564, 30.365438], [-82.129, 30.365197], [-82.130682, 30.363601], [-82.133864, 30.362237], [-82.134922, 30.362102], [-82.137064, 30.362516], [-82.137462, 30.363023], [-82.136736, 30.363915], [-82.136942, 30.364224], [-82.137809, 30.364308], [-82.139426, 30.364951], [-82.139962, 30.364919], [-82.141742, 30.363723], [-82.143215, 30.363396], [-82.144053, 30.363502], [-82.143949, 30.362726], [-82.144529, 30.362248], [-82.14569, 30.362573], [-82.146783, 30.361844], [-82.14744, 30.362266], [-82.147793, 30.362219], [-82.148084, 30.361225], [-82.148549, 30.360898], [-82.149013, 30.361034], [-82.149582, 30.361731], [-82.150099, 30.36183], [-82.151311, 30.361248], [-82.153172, 30.361184], [-82.154277, 30.360454], [-82.155518, 30.360374], [-82.156423, 30.36003], [-82.157897, 30.360122], [-82.158097, 30.359895], [-82.158038, 30.358976], [-82.161419, 30.358179], [-82.16168, 30.357873], [-82.161416, 30.357484], [-82.161777, 30.357111], [-82.162888, 30.357923], [-82.163233, 30.358884], [-82.16375, 30.358769], [-82.164047, 30.357955], [-82.164563, 30.358261], [-82.16514, 30.358094], [-82.166426, 30.358583], [-82.166548, 30.359383], [-82.167413, 30.360002], [-82.16895, 30.359525], [-82.169556, 30.358954], [-82.170197, 30.358972], [-82.170943, 30.359772], [-82.171889, 30.360142], [-82.17214, 30.360906], [-82.172783, 30.361551], [-82.172753, 30.362841], [-82.173663, 30.363646], [-82.173526, 30.364688], [-82.173745, 30.365066], [-82.175769, 30.366453], [-82.176519, 30.366216], [-82.177271, 30.367092], [-82.178179, 30.367438], [-82.179812, 30.368635], [-82.180721, 30.368459], [-82.180991, 30.368611], [-82.180657, 30.369655], [-82.181271, 30.370575], [-82.181284, 30.371076], [-82.18025, 30.371844], [-82.18024, 30.37258], [-82.180754, 30.373073], [-82.182617, 30.372768], [-82.183493, 30.373338], [-82.183754, 30.374123], [-82.183655, 30.375575], [-82.184406, 30.376888], [-82.184437, 30.377969], [-82.184795, 30.378936], [-82.185973, 30.378686], [-82.187109, 30.378984], [-82.187822, 30.378005], [-82.188944, 30.377489], [-82.189612, 30.376268], [-82.189915, 30.37617], [-82.190298, 30.376275], [-82.192786, 30.379065], [-82.192584, 30.380281], [-82.192749, 30.382025], [-82.193422, 30.383345], [-82.192972, 30.383972], [-82.191932, 30.384028], [-82.191789, 30.384716], [-82.193248, 30.385921], [-82.193225, 30.387685], [-82.194208, 30.389204], [-82.194771, 30.389501], [-82.195259, 30.389468], [-82.195959, 30.388523], [-82.196584, 30.388278], [-82.198876, 30.389439], [-82.199225, 30.389832], [-82.199194, 30.390207], [-82.198203, 30.390904], [-82.198108, 30.391843], [-82.198477, 30.392407], [-82.20025, 30.393589], [-82.200442, 30.394917], [-82.2014, 30.39535], [-82.201922, 30.396855], [-82.201932, 30.397903], [-82.203104, 30.399149], [-82.202857, 30.401256], [-82.203233, 30.401473], [-82.203944, 30.401321], [-82.204245, 30.401553], [-82.204637, 30.403083], [-82.203258, 30.403602], [-82.20376, 30.405311], [-82.204555, 30.406304], [-82.20619, 30.406306], [-82.206755, 30.406843], [-82.206714, 30.407333], [-82.205498, 30.407909], [-82.205327, 30.40834], [-82.206346, 30.4098], [-82.206473, 30.410324], [-82.206413, 30.410886], [-82.205755, 30.411946], [-82.206149, 30.412247], [-82.206843, 30.412286], [-82.208384, 30.414304], [-82.206433, 30.417084], [-82.206824, 30.417493], [-82.207678, 30.41724], [-82.208034, 30.417467], [-82.207618, 30.41846], [-82.208199, 30.419], [-82.208522, 30.419799], [-82.207475, 30.420598], [-82.207462, 30.42112], [-82.207778, 30.42132], [-82.209199, 30.421329], [-82.20906, 30.422651], [-82.209532, 30.423508], [-82.210154, 30.423778], [-82.21005, 30.424559], [-82.21086, 30.425379], [-82.20956, 30.426928], [-82.209005, 30.428337], [-82.209089, 30.428595], [-82.20983, 30.428918], [-82.209258, 30.429905], [-82.209564, 30.430448], [-82.209506, 30.431192], [-82.208691, 30.431748], [-82.208868, 30.432092], [-82.209723, 30.432148], [-82.20972, 30.433055], [-82.208989, 30.433473], [-82.208782, 30.434495], [-82.20835, 30.434689], [-82.207996, 30.434366], [-82.207297, 30.434565], [-82.207125, 30.435153], [-82.206416, 30.435725], [-82.206285, 30.437088], [-82.206892, 30.4377], [-82.206932, 30.43837], [-82.207351, 30.439173], [-82.206174, 30.4397], [-82.205701, 30.441099], [-82.204996, 30.441517], [-82.205106, 30.442335], [-82.204492, 30.442714], [-82.204352, 30.444292], [-82.203786, 30.444984], [-82.20438, 30.44565], [-82.204404, 30.446948], [-82.204717, 30.447295], [-82.204563, 30.447798], [-82.2053, 30.448613], [-82.205328, 30.44929], [-82.204935, 30.450291], [-82.205738, 30.451048], [-82.205505, 30.451274], [-82.204777, 30.451325], [-82.204728, 30.452114], [-82.204058, 30.452864], [-82.20451, 30.454295], [-82.204495, 30.455342], [-82.205641, 30.455829], [-82.206307, 30.455626], [-82.206557, 30.455941], [-82.206511, 30.456643], [-82.207379, 30.456981], [-82.207562, 30.457815], [-82.20722, 30.458619], [-82.207531, 30.459118], [-82.2077, 30.460407], [-82.207308, 30.461488], [-82.206571, 30.461683], [-82.206151, 30.462415], [-82.206316, 30.462982], [-82.205985, 30.464067], [-82.206216, 30.464422], [-82.206194, 30.46514], [-82.206704, 30.465731], [-82.206631, 30.466332], [-82.206235, 30.466602], [-82.206583, 30.467223], [-82.206218, 30.467835], [-82.206431, 30.468096], [-82.206372, 30.468515], [-82.205679, 30.468674], [-82.205176, 30.468326], [-82.204466, 30.468756], [-82.204335, 30.469012], [-82.204678, 30.470088], [-82.204374, 30.471095], [-82.203494, 30.471059], [-82.203527, 30.471602], [-82.203241, 30.471891], [-82.203006, 30.473176], [-82.201035, 30.474665], [-82.200922, 30.47567], [-82.201423, 30.476266], [-82.201462, 30.476669], [-82.201433, 30.477464], [-82.20113, 30.47806], [-82.201531, 30.479206], [-82.201473, 30.480063], [-82.202408, 30.480664], [-82.202158, 30.481772], [-82.202963, 30.481874], [-82.203206, 30.482184], [-82.202447, 30.483963], [-82.20124, 30.485114], [-82.201753, 30.485774], [-82.201729, 30.486305], [-82.202906, 30.486827], [-82.203048, 30.487603], [-82.202864, 30.487866], [-82.20364, 30.488299], [-82.204019, 30.489432], [-82.205231, 30.490769], [-82.205753, 30.490592], [-82.206066, 30.490743], [-82.206106, 30.491211], [-82.206558, 30.491636], [-82.206316, 30.492513], [-82.206671, 30.493206], [-82.207163, 30.49332], [-82.207211, 30.493751], [-82.207864, 30.493649], [-82.208283, 30.494133], [-82.208202, 30.494546], [-82.208586, 30.494913], [-82.209488, 30.494792], [-82.210002, 30.496124], [-82.210753, 30.496444], [-82.211578, 30.497289], [-82.211658, 30.497843], [-82.212119, 30.498211], [-82.212127, 30.498803], [-82.212691, 30.499142], [-82.212693, 30.499381], [-82.212121, 30.499741], [-82.212632, 30.500549], [-82.214659, 30.501791], [-82.214951, 30.501461], [-82.215339, 30.501439], [-82.216368, 30.502688], [-82.216406, 30.503155], [-82.217073, 30.503787], [-82.217696, 30.503881], [-82.218026, 30.504491], [-82.218376, 30.504535], [-82.218668, 30.504205], [-82.220313, 30.504766], [-82.22255, 30.506707], [-82.223401, 30.506778], [-82.224328, 30.507504], [-82.225072, 30.50769], [-82.225326, 30.508625], [-82.226019, 30.509654], [-82.227029, 30.510385], [-82.226928, 30.511496], [-82.228588, 30.513327], [-82.228797, 30.5149], [-82.228683, 30.515945], [-82.230304, 30.517325], [-82.230355, 30.517908], [-82.229675, 30.518953], [-82.229301, 30.520587], [-82.229505, 30.52194], [-82.230103, 30.522753], [-82.23011, 30.524486], [-82.231013, 30.525888], [-82.230759, 30.526576], [-82.231896, 30.527263], [-82.232513, 30.528143], [-82.233301, 30.528406], [-82.233778, 30.529077], [-82.234223, 30.529143], [-82.234642, 30.529704], [-82.235214, 30.529929], [-82.236708, 30.531958], [-82.237388, 30.532216], [-82.238406, 30.533761], [-82.238927, 30.53402], [-82.239143, 30.535131], [-82.239569, 30.535565], [-82.23964, 30.536478], [-82.240403, 30.53777], [-82.240175, 30.53991], [-82.239356, 30.540988], [-82.239345, 30.5437], [-82.238879, 30.545505], [-82.237024, 30.547212], [-82.234435, 30.548755], [-82.233834, 30.552689], [-82.234427, 30.556593], [-82.234186, 30.55765], [-82.232051, 30.558239], [-82.230444, 30.560373], [-82.228265, 30.56258], [-82.223862, 30.565276], [-82.221942, 30.565722], [-82.217633, 30.565184], [-82.216921, 30.565316], [-82.21532, 30.566455], [-82.214397, 30.566827], [-82.214677, 30.568556], [-82.258189, 30.571565], [-82.372162, 30.578888], [-82.553173, 30.589949], [-82.553817, 30.589826], [-82.584007, 30.591548], [-82.595735, 30.59253], [-82.698617, 30.598232], [-82.727907, 30.600211], [-82.749854, 30.601156], [-82.868325, 30.608641], [-83.025294, 30.617569], [-83.065223, 30.620039], [-83.13137, 30.623583], [-83.17575, 30.626678], [-83.248028, 30.630711], [-83.309249, 30.634406], [-83.309573, 30.633219], [-83.309287, 30.632946], [-83.306725, 30.632255], [-83.304809, 30.632081], [-83.302244, 30.630772], [-83.30184, 30.630871], [-83.300691, 30.632487], [-83.30004, 30.632639], [-83.298828, 30.632045], [-83.294848, 30.63233], [-83.294172, 30.631682], [-83.293911, 30.629851], [-83.293315, 30.62901], [-83.2899, 30.62912], [-83.286751, 30.62996], [-83.285967, 30.629681], [-83.28545, 30.628661], [-83.284505, 30.62814], [-83.279128, 30.628696], [-83.275647, 30.628725], [-83.275, 30.62853], [-83.272612, 30.627687], [-83.272014, 30.62724], [-83.271731, 30.626565], [-83.272339, 30.625546], [-83.271873, 30.624386], [-83.270907, 30.62324], [-83.269107, 30.622204], [-83.268581, 30.621487], [-83.268245, 30.619948], [-83.26831, 30.618257], [-83.266908, 30.615063], [-83.266906, 30.613292], [-83.267793, 30.610874], [-83.26705, 30.608599], [-83.263726, 30.603696], [-83.262044, 30.599425], [-83.259633, 30.596245], [-83.258248, 30.591295], [-83.256431, 30.586622], [-83.256586, 30.586225], [-83.257322, 30.585937], [-83.258841, 30.585554], [-83.260167, 30.585537], [-83.26127, 30.585035], [-83.262591, 30.582621], [-83.262738, 30.580632], [-83.26256, 30.579751], [-83.261659, 30.577704], [-83.259603, 30.574115], [-83.260138, 30.572443], [-83.262275, 30.570334], [-83.262019, 30.569099], [-83.261595, 30.568447], [-83.259585, 30.566812], [-83.257621, 30.565642], [-83.257225, 30.563654], [-83.2567, 30.562801], [-83.256016, 30.562228], [-83.255805, 30.560461], [-83.255991, 30.559437], [-83.256485, 30.558821], [-83.258488, 30.558417], [-83.259801, 30.557504], [-83.260882, 30.55353], [-83.260855, 30.552959], [-83.260067, 30.552193], [-83.258582, 30.551632], [-83.254357, 30.549131], [-83.253495, 30.5484], [-83.25173, 30.545935], [-83.247152, 30.540801], [-83.246866, 30.540093], [-83.247139, 30.538916], [-83.24698, 30.537561], [-83.245803, 30.535719], [-83.245825, 30.534967], [-83.246155, 30.534354], [-83.246808, 30.533919], [-83.249343, 30.533695], [-83.249729, 30.533072], [-83.249681, 30.532359], [-83.249012, 30.531636], [-83.245698, 30.531215], [-83.245048, 30.530778], [-83.244238, 30.527647], [-83.244097, 30.52558], [-83.243415, 30.525033], [-83.242137, 30.525269], [-83.24113, 30.524498], [-83.240435, 30.52177], [-83.239313, 30.519458], [-83.238938, 30.518022], [-83.239213, 30.515709], [-83.239532, 30.515055], [-83.240164, 30.514965], [-83.241565, 30.516325], [-83.242533, 30.516506], [-83.242985, 30.515967], [-83.243844, 30.513505], [-83.246121, 30.512599], [-83.245851, 30.512054], [-83.244122, 30.510949], [-83.240564, 30.505932], [-83.240766, 30.504952], [-83.242551, 30.502791], [-83.242837, 30.501972], [-83.242405, 30.499997], [-83.242521, 30.498044], [-83.240677, 30.494417], [-83.240597, 30.493604], [-83.242055, 30.492855], [-83.244344, 30.492923], [-83.244991, 30.492092], [-83.243187, 30.488407], [-83.243923, 30.484625], [-83.243589, 30.482128], [-83.243961, 30.479226], [-83.243644, 30.47873], [-83.242212, 30.478383], [-83.241832, 30.477922], [-83.24211, 30.477376], [-83.242961, 30.476752], [-83.243565, 30.475377], [-83.243766, 30.473132], [-83.242429, 30.472731], [-83.239115, 30.472657], [-83.235356, 30.47077], [-83.231768, 30.470184], [-83.226907, 30.468605], [-83.225866, 30.468021], [-83.222556, 30.464458], [-83.220359, 30.464222], [-83.21826, 30.464455], [-83.217723, 30.464058], [-83.217828, 30.463531], [-83.219359, 30.46244], [-83.219623, 30.461659], [-83.219415, 30.459876], [-83.217919, 30.456689], [-83.217699, 30.455537], [-83.218145, 30.455239], [-83.21986, 30.455058], [-83.221021, 30.454306], [-83.222557, 30.452479], [-83.22298, 30.451324], [-83.222564, 30.449872], [-83.22177, 30.448966], [-83.218681, 30.4488], [-83.217686, 30.448441], [-83.217337, 30.447796], [-83.217524, 30.446708], [-83.218904, 30.446089], [-83.220548, 30.443976], [-83.220686, 30.443026], [-83.219942, 30.441273], [-83.21981, 30.44035], [-83.220174, 30.43917], [-83.222085, 30.436825], [-83.222277, 30.436279], [-83.222203, 30.435762], [-83.220691, 30.43398], [-83.220392, 30.432079], [-83.219508, 30.430657], [-83.218547, 30.42784], [-83.218515, 30.426662], [-83.218729, 30.42582], [-83.219234, 30.425418], [-83.221246, 30.425749], [-83.222022, 30.42555], [-83.222438, 30.424859], [-83.222208, 30.423531], [-83.221373, 30.423385], [-83.220283, 30.422669], [-83.217966, 30.419579], [-83.216116, 30.417994], [-83.215161, 30.418359], [-83.214623, 30.419126], [-83.214303, 30.420223], [-83.213303, 30.420968], [-83.21122, 30.421574], [-83.210476, 30.421528], [-83.209642, 30.421136], [-83.207309, 30.419204], [-83.207212, 30.418506], [-83.207666, 30.417556], [-83.207586, 30.415506], [-83.206979, 30.413023], [-83.206163, 30.412141], [-83.205481, 30.411997], [-83.204748, 30.412243], [-83.204389, 30.413285], [-83.204483, 30.414281], [-83.203887, 30.414983], [-83.198506, 30.415853], [-83.195522, 30.416916], [-83.194859, 30.41696], [-83.194236, 30.416761], [-83.19234, 30.415197], [-83.189586, 30.413713], [-83.186087, 30.412719], [-83.183053, 30.411239], [-83.181174, 30.410921], [-83.18028, 30.410539], [-83.179972, 30.409812], [-83.180271, 30.408013], [-83.179174, 30.4053], [-83.178491, 30.404233], [-83.17786, 30.402035], [-83.176484, 30.399578], [-83.174791, 30.398314], [-83.174517, 30.397748], [-83.17503, 30.396887], [-83.177634, 30.395116], [-83.178322, 30.393736], [-83.178261, 30.3926], [-83.177526, 30.3917], [-83.176405, 30.391161], [-83.175516, 30.391016], [-83.173871, 30.391479], [-83.173054, 30.390967], [-83.171963, 30.38944], [-83.171384, 30.386262], [-83.171554, 30.385881], [-83.170969, 30.385225], [-83.174359, 30.38449], [-83.177946, 30.384139], [-83.181923, 30.381472], [-83.18534, 30.379989], [-83.189269, 30.377339], [-83.18961, 30.376868], [-83.192161, 30.375217], [-83.191668, 30.375217], [-83.192343, 30.374846], [-83.192869, 30.374032], [-83.192891, 30.367782], [-83.192121, 30.365675], [-83.192079, 30.363696], [-83.193547, 30.359627], [-83.193592, 30.357624], [-83.19207, 30.354941], [-83.190137, 30.35287], [-83.190247, 30.351877], [-83.193507, 30.34999], [-83.1983, 30.348279], [-83.200052, 30.348365], [-83.201396, 30.350078], [-83.203258, 30.351088], [-83.204864, 30.351222], [-83.20871, 30.350533], [-83.210878, 30.348473], [-83.212551, 30.345851], [-83.212755, 30.344341], [-83.211576, 30.34107], [-83.211386, 30.338604], [-83.210822, 30.336572], [-83.208443, 30.333046], [-83.20792, 30.331872], [-83.207897, 30.331087], [-83.208144, 30.33028], [-83.2122, 30.325727], [-83.213563, 30.323412], [-83.214196, 30.321951], [-83.214357, 30.319834], [-83.214149, 30.319053], [-83.21033, 30.313932], [-83.20991, 30.312703], [-83.209924, 30.311878], [-83.211939, 30.307965], [-83.21251, 30.307272], [-83.222514, 30.30317], [-83.225791, 30.301266], [-83.228784, 30.29844], [-83.233007, 30.29202], [-83.233203, 30.290396], [-83.23176, 30.287577], [-83.231516, 30.286452], [-83.231671, 30.283817], [-83.234661, 30.27833], [-83.236498, 30.274238], [-83.239965, 30.268211], [-83.240297, 30.267024], [-83.239719, 30.265744], [-83.237665, 30.264032], [-83.2369, 30.262897], [-83.236775, 30.262064], [-83.236954, 30.261628], [-83.238112, 30.260767], [-83.240412, 30.26029], [-83.247139, 30.26071], [-83.249862, 30.260353], [-83.266509, 30.26026], [-83.26642, 30.252458], [-83.266731, 30.252642], [-83.267174, 30.252537], [-83.267775, 30.253065], [-83.268428, 30.253044], [-83.268991, 30.25344], [-83.270289, 30.253709], [-83.272278, 30.253111], [-83.273608, 30.253496], [-83.274811, 30.253331], [-83.276502, 30.254574], [-83.277458, 30.254976], [-83.278771, 30.254614], [-83.27912, 30.25322], [-83.28192, 30.25322], [-83.28306, 30.25291], [-83.28283, 30.23685], [-83.28315, 30.23262], [-83.28372, 30.22986], [-83.287348, 30.21684], [-83.28648, 30.21667], [-83.28647, 30.21465], [-83.28714, 30.2131], [-83.28838, 30.21314], [-83.29064, 30.20497], [-83.29131, 30.20061], [-83.29115, 30.16362], [-83.29146, 30.16065], [-83.29262, 30.15559], [-83.2928, 30.15335], [-83.29258, 30.1292], [-83.3112, 30.12915], [-83.32977, 30.12943], [-83.34297, 30.12918], [-83.34658, 30.12877], [-83.35187, 30.12726], [-83.35371, 30.12705], [-83.3559, 30.12732], [-83.35975, 30.12868], [-83.3621, 30.12915], [-83.36458, 30.1292], [-83.36845, 30.128672], [-83.369562, 30.041018], [-83.370664, 30.012318], [-83.370313, 30.000088], [-83.37056, 29.895634], [-83.37089, 29.887934], [-83.352986, 29.887859], [-83.35286, 29.822222], [-83.318859, 29.822623], [-83.319462, 29.778328], [-83.3201, 29.778607], [-83.321398, 29.778305], [-83.321864, 29.777777], [-83.322154, 29.776392], [-83.322992, 29.77577], [-83.323698, 29.774764], [-83.326616, 29.773625], [-83.32688, 29.773004], [-83.326761, 29.772124], [-83.325475, 29.77092], [-83.325576, 29.770673], [-83.326118, 29.770635], [-83.325807, 29.770198], [-83.325972, 29.769521], [-83.327575, 29.769166], [-83.327813, 29.76887], [-83.328572, 29.767698], [-83.328345, 29.767365], [-83.328462, 29.765755], [-83.329259, 29.765662], [-83.330684, 29.764884], [-83.331362, 29.762961], [-83.331438, 29.762082], [-83.331678, 29.761876], [-83.334573, 29.761678], [-83.336888, 29.760401], [-83.337409, 29.758953], [-83.338911, 29.756756], [-83.339026, 29.756169], [-83.338799, 29.755274], [-83.33923, 29.754412], [-83.34018, 29.752866], [-83.341488, 29.751516], [-83.341707, 29.75095], [-83.341523, 29.749998], [-83.342222, 29.746406], [-83.342884, 29.745389], [-83.345676, 29.74349], [-83.344773, 29.740423], [-83.343753, 29.738601], [-83.343267, 29.73713], [-83.343749, 29.735396], [-83.345732, 29.73444], [-83.34692, 29.734619], [-83.347642, 29.733856], [-83.347763, 29.73209], [-83.347069, 29.730983], [-83.346576, 29.730793], [-83.346001, 29.729418], [-83.345844, 29.728283], [-83.345046, 29.727406], [-83.344902, 29.726811], [-83.347026, 29.72351], [-83.346873, 29.722565], [-83.347399, 29.721341], [-83.347027, 29.720513], [-83.346058, 29.719507], [-83.346357, 29.718379], [-83.347282, 29.717486], [-83.347387, 29.716605], [-83.346977, 29.715743], [-83.347108, 29.714598], [-83.347869, 29.714182], [-83.348789, 29.714032], [-83.350141, 29.712396], [-83.35036, 29.711787], [-83.350369, 29.710341], [-83.351372, 29.706694], [-83.351325, 29.702526], [-83.351821, 29.700975], [-83.351284, 29.70051], [-83.350615, 29.697899], [-83.350928, 29.695731], [-83.35079, 29.695174], [-83.351311, 29.694292], [-83.352826, 29.69309], [-83.35404, 29.69058], [-83.357456, 29.685578], [-83.357843, 29.684572], [-83.359292, 29.683837], [-83.359542, 29.682892], [-83.360925, 29.680919], [-83.361885, 29.678953], [-83.362336, 29.678407], [-83.364994, 29.676715], [-83.365217, 29.676342], [-83.365437, 29.675834], [-83.365187, 29.674863], [-83.363968, 29.673573], [-83.364388, 29.671227], [-83.363645, 29.670721], [-83.363384, 29.670808], [-83.362714, 29.669055], [-83.363207, 29.668238], [-83.365278, 29.667051], [-83.366398, 29.665701], [-83.36706, 29.666147], [-83.369354, 29.666673], [-83.373351, 29.665951], [-83.374165, 29.666273], [-83.374859, 29.66718], [-83.381837, 29.669593], [-83.383069, 29.669668], [-83.386042, 29.668889], [-83.386814, 29.668989], [-83.387663, 29.669495], [-83.388976, 29.670775], [-83.390366, 29.671381], [-83.39496, 29.67151], [-83.397006, 29.673094], [-83.398512, 29.673935], [-83.399632, 29.673968], [-83.40052, 29.673663], [-83.404153, 29.67121], [-83.415441, 29.665539], [-83.499908, 29.592415], [-83.575406, 29.527003]]]}}, {"type": "Feature", "properties": {"district": "9", "chamber": "congressional", "name": "Florida Congressional District 9"}, "geometry": {"type": "Polygon", "coordinates": [[[-81.673781, 28.347024], [-81.672603, 28.341068], [-81.658582, 28.254141], [-81.639879, 28.257622], [-81.632891, 28.257383], [-81.621572, 28.254807], [-81.613355, 28.250289], [-81.606262, 28.248098], [-81.600429, 28.245535], [-81.599142, 28.245393], [-81.594944, 28.246021], [-81.590247, 28.244914], [-81.579106, 28.244794], [-81.571498, 28.243303], [-81.566991, 28.241762], [-81.564093, 28.240524], [-81.554799, 28.234009], [-81.552414, 28.23262], [-81.549969, 28.231621], [-81.539507, 28.228202], [-81.524083, 28.201012], [-81.524227, 28.142805], [-81.51732, 28.142787], [-81.51732, 28.142462], [-81.521835, 28.139555], [-81.526593, 28.140457], [-81.528577, 28.140335], [-81.5307, 28.139761], [-81.538577, 28.135252], [-81.540699, 28.133419], [-81.539203, 28.131577], [-81.538558, 28.129024], [-81.537175, 28.127037], [-81.537268, 28.12532], [-81.536655, 28.124694], [-81.536122, 28.123147], [-81.535439, 28.122558], [-81.535172, 28.121926], [-81.53431, 28.121623], [-81.532901, 28.119801], [-81.528861, 28.118859], [-81.527732, 28.117951], [-81.529321, 28.116647], [-81.531319, 28.116147], [-81.533175, 28.116175], [-81.534404, 28.116533], [-81.535124, 28.116393], [-81.535683, 28.11599], [-81.537518, 28.11428], [-81.537895, 28.113442], [-81.538205, 28.110725], [-81.53847, 28.110212], [-81.539234, 28.10975], [-81.53929, 28.10901], [-81.538332, 28.108034], [-81.538488, 28.10722], [-81.538067, 28.105643], [-81.537615, 28.105737], [-81.536213, 28.104284], [-81.535598, 28.104234], [-81.534326, 28.103458], [-81.533625, 28.102561], [-81.532335, 28.101988], [-81.531119, 28.100992], [-81.530927, 28.100018], [-81.529761, 28.097734], [-81.527955, 28.095599], [-81.527472, 28.09304], [-81.526895, 28.092203], [-81.525884, 28.091499], [-81.525618, 28.090497], [-81.525022, 28.08955], [-81.524558, 28.086243], [-81.524732, 28.084708], [-81.523877, 28.082507], [-81.523816, 28.080069], [-81.522383, 28.077999], [-81.521608, 28.077757], [-81.521124, 28.077157], [-81.521832, 28.075017], [-81.521994, 28.072645], [-81.520475, 28.070636], [-81.52042, 28.067989], [-81.520085, 28.067345], [-81.519558, 28.067092], [-81.518956, 28.067493], [-81.518429, 28.06713], [-81.517872, 28.064808], [-81.516862, 28.062474], [-81.516608, 28.061027], [-81.515039, 28.058528], [-81.515189, 28.05789], [-81.515828, 28.057312], [-81.516877, 28.054974], [-81.518658, 28.053478], [-81.520258, 28.053352], [-81.521121, 28.052532], [-81.52166, 28.052934], [-81.523503, 28.052835], [-81.526244, 28.053232], [-81.527819, 28.053898], [-81.528241, 28.053838], [-81.5287, 28.053288], [-81.52901, 28.053551], [-81.529229, 28.034288], [-81.527342, 28.033385], [-81.520925, 28.031185], [-81.514995, 28.027293], [-81.512785, 28.02673], [-81.461897, 28.026989], [-81.459654, 28.027573], [-81.455968, 28.027447], [-81.450895, 28.03096], [-81.451697, 28.031692], [-81.45319, 28.03054], [-81.453115, 28.031108], [-81.452266, 28.031846], [-81.452942, 28.031532], [-81.45324, 28.031692], [-81.453178, 28.034515], [-81.451956, 28.033178], [-81.45252, 28.032325], [-81.450896, 28.033833], [-81.450083, 28.033448], [-81.44968, 28.032787], [-81.449289, 28.032886], [-81.448923, 28.032474], [-81.44834, 28.032303], [-81.445085, 28.033211], [-81.442573, 28.033195], [-81.441382, 28.033817], [-81.440427, 28.033927], [-81.440067, 28.033338], [-81.438976, 28.032815], [-81.438597, 28.033223], [-81.438263, 28.031973], [-81.43709, 28.030653], [-81.437022, 28.029767], [-81.436073, 28.028512], [-81.435664, 28.02701], [-81.434715, 28.025282], [-81.432818, 28.0234], [-81.432452, 28.022382], [-81.430716, 28.021809], [-81.429742, 28.020951], [-81.429203, 28.020978], [-81.429104, 28.019861], [-81.428564, 28.018783], [-81.428254, 28.019085], [-81.428118, 28.020802], [-81.428403, 28.021358], [-81.429147, 28.021661], [-81.428806, 28.021815], [-81.428093, 28.02154], [-81.427776, 28.021055], [-81.427256, 28.018507], [-81.426778, 28.017825], [-81.426785, 28.017055], [-81.426115, 28.0164], [-81.424888, 28.013874], [-81.424224, 28.010743], [-81.422421, 28.007754], [-81.421956, 28.005525], [-81.421063, 28.003352], [-81.419978, 28.001794], [-81.415888, 27.998249], [-81.414574, 27.99843], [-81.41391, 27.99914], [-81.413854, 27.999597], [-81.414721, 28.000038], [-81.414349, 28.000649], [-81.408602, 28.001071], [-81.407089, 28.001412], [-81.403697, 28.002782], [-81.401912, 28.002468], [-81.398167, 28.003006], [-81.392511, 28.004562], [-81.391104, 28.004501], [-81.38948, 28.004049], [-81.388215, 28.004065], [-81.386802, 28.003486], [-81.386808, 28.003283], [-81.387248, 28.003261], [-81.387254, 28.00298], [-81.386058, 28.001626], [-81.385724, 28.000492], [-81.385769, 27.99938], [-81.384833, 27.999628], [-81.384529, 27.999358], [-81.384629, 27.999127], [-81.384096, 27.998301], [-81.38396, 27.997487], [-81.383625, 27.997179], [-81.382955, 27.997431], [-81.382837, 27.997806], [-81.382639, 27.997717], [-81.381685, 27.995323], [-81.378502, 27.988977], [-81.378602, 27.988443], [-81.380542, 27.988345], [-81.380908, 27.988004], [-81.381622, 27.986717], [-81.381908, 27.984983], [-81.381022, 27.983393], [-81.380098, 27.983018], [-81.378995, 27.983034], [-81.377135, 27.984067], [-81.376435, 27.981894], [-81.376739, 27.981828], [-81.376505, 27.978251], [-81.375006, 27.97819], [-81.373927, 27.977498], [-81.373751, 27.977103], [-81.373211, 27.977026], [-81.3723, 27.977621], [-81.370596, 27.977927], [-81.369505, 27.976781], [-81.368758, 27.975428], [-81.368933, 27.974167], [-81.368688, 27.973809], [-81.366854, 27.973143], [-81.365148, 27.972895], [-81.349831, 27.963758], [-81.348459, 27.961995], [-81.347961, 27.960669], [-81.348456, 27.95547], [-81.34905, 27.95426], [-81.349523, 27.954607], [-81.349548, 27.955135], [-81.349945, 27.955064], [-81.350056, 27.954453], [-81.349845, 27.953919], [-81.34899, 27.953325], [-81.348054, 27.953122], [-81.347688, 27.953155], [-81.347936, 27.953452], [-81.347267, 27.953469], [-81.346052, 27.952583], [-81.345128, 27.952291], [-81.343629, 27.952264], [-81.344019, 27.952787], [-81.343369, 27.953134], [-81.34296, 27.953079], [-81.340902, 27.951032], [-81.338869, 27.951165], [-81.3382, 27.950994], [-81.337499, 27.950697], [-81.336824, 27.94991], [-81.336488, 27.947649], [-81.336655, 27.945343], [-81.338371, 27.940533], [-81.33847, 27.939983], [-81.338233, 27.939197], [-81.33871, 27.939333], [-81.338983, 27.939949], [-81.340618, 27.940661], [-81.341258, 27.940626], [-81.343484, 27.941351], [-81.345873, 27.941451], [-81.346438, 27.941087], [-81.345732, 27.940895], [-81.34616, 27.94063], [-81.346141, 27.94024], [-81.346494, 27.939777], [-81.347522, 27.939249], [-81.347485, 27.938357], [-81.346735, 27.936751], [-81.34546, 27.935677], [-81.344817, 27.935571], [-81.344454, 27.936107], [-81.34399, 27.936201], [-81.341646, 27.932735], [-81.341414, 27.932536], [-81.340891, 27.932648], [-81.340395, 27.932154], [-81.338664, 27.931336], [-81.33848, 27.932008], [-81.3387, 27.932855], [-81.338604, 27.93334], [-81.33827, 27.933407], [-81.333356, 27.930403], [-81.330022, 27.929473], [-81.321335, 27.92637], [-81.319055, 27.92538], [-81.317816, 27.924263], [-81.317116, 27.9245], [-81.317109, 27.924879], [-81.317915, 27.925936], [-81.317568, 27.926294], [-81.317649, 27.926723], [-81.318702, 27.927691], [-81.318844, 27.928131], [-81.317859, 27.928665], [-81.315994, 27.928506], [-81.315331, 27.927829], [-81.315418, 27.926888], [-81.314805, 27.926541], [-81.314377, 27.925793], [-81.312085, 27.925122], [-81.308696, 27.92188], [-81.308405, 27.920835], [-81.308498, 27.91936], [-81.309173, 27.915304], [-81.310028, 27.913582], [-81.310933, 27.912586], [-81.312264, 27.910236], [-81.312599, 27.908167], [-81.313931, 27.904738], [-81.31481, 27.903836], [-81.314909, 27.901244], [-81.314129, 27.898057], [-81.312847, 27.89562], [-81.307991, 27.889583], [-81.306665, 27.88753], [-81.306108, 27.886176], [-81.304473, 27.880469], [-81.304901, 27.879077], [-81.305914, 27.877523], [-81.305923, 27.876827], [-81.304592, 27.871992], [-81.304883, 27.871722], [-81.304376, 27.870401], [-81.303831, 27.869895], [-81.303379, 27.870385], [-81.302995, 27.870049], [-81.297299, 27.862741], [-81.297478, 27.862289], [-81.297713, 27.862493], [-81.298915, 27.862493], [-81.299534, 27.862988], [-81.300729, 27.86492], [-81.301466, 27.865201], [-81.301825, 27.864893], [-81.302289, 27.863583], [-81.302265, 27.862614], [-81.301862, 27.862081], [-81.301305, 27.861965], [-81.300946, 27.862185], [-81.29881, 27.861387], [-81.297943, 27.860881], [-81.297819, 27.860204], [-81.297113, 27.859582], [-81.295429, 27.85874], [-81.292049, 27.857628], [-81.289646, 27.857297], [-81.281324, 27.857472], [-81.281678, 27.85652], [-81.281523, 27.855793], [-81.28018, 27.854258], [-81.279097, 27.852001], [-81.278218, 27.851197], [-81.277283, 27.850751], [-81.272943, 27.850238], [-81.27043, 27.849385], [-81.268028, 27.848894], [-81.266585, 27.848409], [-81.265211, 27.847594], [-81.263187, 27.847115], [-81.26081, 27.846955], [-81.258778, 27.848071], [-81.257781, 27.848137], [-81.2585, 27.847042], [-81.2599, 27.846475], [-81.259875, 27.846255], [-81.259107, 27.845985], [-81.257231, 27.847003], [-81.256172, 27.847173], [-81.254902, 27.848433], [-81.254172, 27.848829], [-81.252333, 27.849009], [-81.250482, 27.848854], [-81.250172, 27.848403], [-81.250563, 27.84705], [-81.251034, 27.847132], [-81.251238, 27.846929], [-81.251468, 27.844981], [-81.251004, 27.843863], [-81.250348, 27.84361], [-81.248607, 27.845261], [-81.248379, 27.846829], [-81.247983, 27.847589], [-81.247618, 27.84787], [-81.246268, 27.847859], [-81.24677, 27.84858], [-81.246473, 27.848789], [-81.244993, 27.847777], [-81.243698, 27.847233], [-81.242831, 27.846171], [-81.242094, 27.846188], [-81.24171, 27.84566], [-81.240992, 27.846486], [-81.241649, 27.846849], [-81.241711, 27.847124], [-81.241426, 27.847207], [-81.238064, 27.845755], [-81.237104, 27.844897], [-81.234789, 27.84365], [-81.234404, 27.843857], [-81.23334, 27.843701], [-81.233131, 27.843416], [-81.23112, 27.842843], [-81.229787, 27.842145], [-81.227933, 27.840147], [-81.225251, 27.837978], [-81.224657, 27.836943], [-81.220815, 27.834929], [-81.215292, 27.829731], [-81.214409, 27.82855], [-81.214929, 27.827711], [-81.215461, 27.827469], [-81.215541, 27.826566], [-81.213956, 27.82409], [-81.213077, 27.823353], [-81.211028, 27.82266], [-81.207976, 27.820977], [-81.207951, 27.820553], [-81.208512, 27.820461], [-81.210039, 27.819228], [-81.209244, 27.817597], [-81.209461, 27.817306], [-81.209934, 27.81724], [-81.209081, 27.815292], [-81.208513, 27.815151], [-81.207163, 27.813267], [-81.206699, 27.813294], [-81.20652, 27.812447], [-81.208575, 27.812227], [-81.206129, 27.811708], [-81.204762, 27.810053], [-81.204427, 27.810593], [-81.20405, 27.810598], [-81.204093, 27.80974], [-81.203821, 27.808837], [-81.202456, 27.806652], [-81.201937, 27.805112], [-81.200693, 27.803653], [-81.200701, 27.802309], [-81.20022, 27.800593], [-81.200528, 27.799621], [-81.200309, 27.798274], [-81.200504, 27.797398], [-81.200089, 27.796957], [-81.199631, 27.797593], [-81.198649, 27.797315], [-81.19749, 27.794985], [-81.197086, 27.793063], [-81.197166, 27.792424], [-81.196529, 27.791545], [-81.196307, 27.790769], [-81.194309, 27.789815], [-81.193186, 27.788024], [-81.191984, 27.786872], [-81.18956, 27.785319], [-81.189834, 27.784666], [-81.189862, 27.783368], [-81.189443, 27.782275], [-81.187575, 27.780738], [-81.185981, 27.779038], [-81.185705, 27.778183], [-81.186799, 27.77684], [-81.187395, 27.776484], [-81.18771, 27.775453], [-81.187474, 27.774975], [-81.186414, 27.773864], [-81.184675, 27.772934], [-81.183775, 27.773227], [-81.182519, 27.774478], [-81.181687, 27.774574], [-81.181069, 27.774211], [-81.180698, 27.773126], [-81.181108, 27.77092], [-81.18097, 27.769994], [-81.180336, 27.769895], [-81.178618, 27.770857], [-81.178202, 27.770528], [-81.178329, 27.768475], [-81.179383, 27.766671], [-81.179148, 27.76584], [-81.175037, 27.764412], [-81.174578, 27.763704], [-81.174222, 27.762177], [-81.17321, 27.761341], [-81.173013, 27.760907], [-81.172957, 27.759492], [-81.173615, 27.758668], [-81.174347, 27.759414], [-81.175123, 27.759065], [-81.176719, 27.759369], [-81.177302, 27.758966], [-81.17801, 27.758929], [-81.17905, 27.755501], [-81.178631, 27.754009], [-81.178824, 27.752759], [-81.178657, 27.752096], [-81.177394, 27.751607], [-81.17672, 27.750431], [-81.175464, 27.749746], [-81.175402, 27.749299], [-81.175972, 27.748559], [-81.175924, 27.747984], [-81.175218, 27.746408], [-81.174487, 27.745557], [-81.173976, 27.745504], [-81.17287, 27.747439], [-81.171955, 27.747214], [-81.171163, 27.746501], [-81.170562, 27.745422], [-81.170648, 27.743837], [-81.170943, 27.743547], [-81.171804, 27.743696], [-81.171998, 27.743448], [-81.171775, 27.743152], [-81.169254, 27.742681], [-81.168052, 27.742207], [-81.167618, 27.742937], [-81.166445, 27.743027], [-81.165454, 27.742733], [-81.165011, 27.742327], [-81.164736, 27.740229], [-81.164921, 27.738396], [-81.164418, 27.736685], [-81.164542, 27.735359], [-81.164986, 27.734493], [-81.165902, 27.7349], [-81.166615, 27.734716], [-81.166824, 27.734186], [-81.166738, 27.733355], [-81.165498, 27.732129], [-81.165857, 27.731994], [-81.167569, 27.73291], [-81.1683, 27.732632], [-81.168705, 27.731982], [-81.168295, 27.729682], [-81.166883, 27.728745], [-81.167095, 27.728354], [-81.168495, 27.7282], [-81.168353, 27.72733], [-81.168837, 27.72631], [-81.168684, 27.725937], [-81.167634, 27.725289], [-81.16712, 27.724602], [-81.16703, 27.724219], [-81.167459, 27.723779], [-81.167379, 27.72339], [-81.166799, 27.723119], [-81.16595, 27.724039], [-81.16532, 27.724265], [-81.163913, 27.724], [-81.163059, 27.724393], [-81.161347, 27.724166], [-81.160759, 27.723789], [-81.160617, 27.721737], [-81.159969, 27.719263], [-81.15904, 27.718452], [-81.157813, 27.718468], [-81.156764, 27.71883], [-81.155226, 27.718603], [-81.154161, 27.718815], [-81.153076, 27.718553], [-81.152308, 27.717988], [-81.152225, 27.716595], [-81.151777, 27.716175], [-81.151552, 27.716333], [-81.151229, 27.71756], [-81.150709, 27.717632], [-81.150474, 27.717165], [-81.150634, 27.715519], [-81.149004, 27.712879], [-81.145815, 27.710313], [-81.145822, 27.7099], [-81.146497, 27.70958], [-81.146787, 27.709036], [-81.146035, 27.707578], [-81.145987, 27.706266], [-81.146433, 27.705871], [-81.147455, 27.705709], [-81.147669, 27.705371], [-81.147199, 27.704862], [-81.147367, 27.704351], [-81.149324, 27.702979], [-81.147996, 27.699159], [-81.148421, 27.699031], [-81.149801, 27.700161], [-81.150233, 27.699808], [-81.150066, 27.699328], [-81.148729, 27.698345], [-81.147337, 27.696383], [-81.147306, 27.695807], [-81.148561, 27.693647], [-81.149001, 27.692032], [-81.147171, 27.691508], [-81.146613, 27.690921], [-81.146679, 27.690475], [-81.147674, 27.688993], [-81.147481, 27.688177], [-81.146222, 27.686512], [-81.146739, 27.685809], [-81.145907, 27.6851], [-81.145506, 27.683195], [-81.144905, 27.682201], [-81.145507, 27.682124], [-81.146075, 27.682305], [-81.146131, 27.682519], [-81.146885, 27.682217], [-81.146892, 27.68194], [-81.145043, 27.680491], [-81.144652, 27.679471], [-81.145447, 27.677626], [-81.145219, 27.677014], [-81.144295, 27.676448], [-81.144123, 27.676093], [-81.144238, 27.675454], [-81.145069, 27.674683], [-81.145214, 27.67383], [-81.144623, 27.672167], [-81.144343, 27.669723], [-81.144094, 27.669275], [-81.143627, 27.669131], [-81.143284, 27.670739], [-81.142897, 27.67094], [-81.142228, 27.670626], [-81.141951, 27.67028], [-81.141826, 27.668484], [-81.140039, 27.66734], [-81.138446, 27.665], [-81.137345, 27.664048], [-81.135144, 27.66318], [-81.134089, 27.662065], [-81.131842, 27.661509], [-81.131044, 27.659307], [-81.131845, 27.655432], [-81.132317, 27.654807], [-81.132457, 27.654082], [-81.131921, 27.653575], [-81.13121, 27.651386], [-81.131235, 27.650515], [-81.131495, 27.6494], [-81.132469, 27.647468], [-81.132911, 27.647486], [-81.133243, 27.648561], [-81.133899, 27.649119], [-81.134647, 27.647575], [-81.133765, 27.647232], [-81.13395, 27.646686], [-81.134725, 27.646395], [-81.136486, 27.644531], [-81.137612, 27.644181], [-81.138201, 27.644395], [-81.137258, 27.6453], [-81.137311, 27.647038], [-81.137676, 27.647171], [-81.13866, 27.64667], [-81.14005, 27.646666], [-81.14125, 27.644889], [-81.141308, 27.644045], [-81.14171, 27.643896], [-81.142164, 27.643238], [-81.065649, 27.642202], [-81.027011, 27.642003], [-80.999786, 27.64202], [-80.985718, 27.64232], [-80.87315, 27.642288], [-80.873313, 27.643837], [-80.87318, 27.648311], [-80.873795, 27.733854], [-80.880073, 27.733699], [-80.880194, 27.750307], [-80.8808, 27.774903], [-80.880994, 27.802564], [-80.881566, 27.822511], [-80.868881, 27.822522], [-80.869571, 27.938161], [-80.869566, 27.945014], [-80.869335, 27.945282], [-80.869353, 27.947359], [-80.869658, 27.948174], [-80.86935, 27.949378], [-80.869402, 27.96395], [-80.869633, 27.968215], [-80.869597, 27.977911], [-80.86981, 27.9781], [-80.869973, 27.982571], [-80.86953, 28.048486], [-80.870135, 28.057077], [-80.869283, 28.065095], [-80.869313, 28.084727], [-80.862877, 28.084745], [-80.861395, 28.252281], [-80.862579, 28.312805], [-80.862785, 28.347122], [-80.862893, 28.347476], [-80.86671, 28.350316], [-80.868652, 28.352472], [-80.871791, 28.357227], [-80.87358, 28.36058], [-80.873972, 28.36249], [-80.873821, 28.364107], [-80.87254, 28.366843], [-80.872392, 28.367651], [-80.872792, 28.369612], [-80.893491, 28.370816], [-80.897837, 28.371694], [-80.937401, 28.389505], [-80.941004, 28.391785], [-80.943386, 28.394167], [-80.944994, 28.396543], [-80.956675, 28.422654], [-80.958608, 28.426244], [-80.979114, 28.452682], [-81.030229, 28.452475], [-81.111255, 28.451518], [-81.168264, 28.451844], [-81.230282, 28.451499], [-81.230442, 28.455433], [-81.231137, 28.458284], [-81.237238, 28.470091], [-81.239275, 28.477358], [-81.239563, 28.477371], [-81.239738, 28.478006], [-81.239425, 28.477968], [-81.242862, 28.491661], [-81.243492, 28.500112], [-81.244309, 28.502617], [-81.247764, 28.510087], [-81.279847, 28.510047], [-81.280962, 28.510476], [-81.290676, 28.51612], [-81.303239, 28.520809], [-81.303607, 28.520141], [-81.302096, 28.519651], [-81.302084, 28.518149], [-81.306219, 28.518089], [-81.306217, 28.517166], [-81.308172, 28.51714], [-81.308172, 28.517704], [-81.308945, 28.517679], [-81.308988, 28.517129], [-81.311445, 28.517095], [-81.311496, 28.514594], [-81.319439, 28.514792], [-81.320441, 28.51516], [-81.32192, 28.516245], [-81.324131, 28.516475], [-81.325439, 28.51628], [-81.327493, 28.51389], [-81.328932, 28.513326], [-81.340139, 28.513243], [-81.340822, 28.514358], [-81.341526, 28.51474], [-81.343362, 28.514694], [-81.343353, 28.513435], [-81.343554, 28.513223], [-81.383093, 28.512857], [-81.384215, 28.513077], [-81.385017, 28.514172], [-81.38583, 28.514607], [-81.389985, 28.514654], [-81.394254, 28.51168], [-81.397036, 28.510066], [-81.39665, 28.467777], [-81.397208, 28.463349], [-81.40378, 28.440181], [-81.404754, 28.434483], [-81.409017, 28.433384], [-81.411671, 28.432247], [-81.4138, 28.430986], [-81.416754, 28.428291], [-81.419378, 28.424541], [-81.420392, 28.423519], [-81.421639, 28.422644], [-81.424395, 28.421568], [-81.426439, 28.421297], [-81.467629, 28.421057], [-81.46751, 28.420844], [-81.470649, 28.420418], [-81.47244, 28.419605], [-81.473299, 28.418791], [-81.473819, 28.417698], [-81.474133, 28.412749], [-81.475217, 28.410148], [-81.475516, 28.410302], [-81.531924, 28.347284], [-81.647328, 28.346889], [-81.656449, 28.347101], [-81.673567, 28.347039], [-81.673781, 28.347024]]]}}, {"type": "Feature", "properties": {"district": "1", "chamber": "congressional", "name": "Florida Congressional District 1"}, "geometry": {"type": "Polygon", "coordinates": [[[-87.634871, 30.866344], [-87.634544, 30.865421], [-87.633652, 30.865146], [-87.633617, 30.864649], [-87.632463, 30.864392], [-87.632176, 30.86377], [-87.63183, 30.863681], [-87.631942, 30.863193], [-87.631501, 30.863114], [-87.631447, 30.862906], [-87.631558, 30.862182], [-87.630426, 30.86217], [-87.630066, 30.861449], [-87.628802, 30.86047], [-87.628621, 30.860082], [-87.627868, 30.860185], [-87.627202, 30.85923], [-87.62672, 30.857723], [-87.626006, 30.857438], [-87.626011, 30.856516], [-87.625712, 30.855713], [-87.625949, 30.855133], [-87.625225, 30.85483], [-87.62509, 30.854234], [-87.625473, 30.853581], [-87.625397, 30.853094], [-87.625918, 30.852694], [-87.625975, 30.85103], [-87.626401, 30.850522], [-87.626377, 30.849935], [-87.627023, 30.849561], [-87.627056, 30.848088], [-87.626679, 30.847304], [-87.626196, 30.847143], [-87.626224, 30.846664], [-87.625604, 30.846378], [-87.62534, 30.845945], [-87.624836, 30.846161], [-87.624305, 30.845693], [-87.62377, 30.845762], [-87.62291, 30.844495], [-87.62244, 30.844306], [-87.622455, 30.843844], [-87.621684, 30.843208], [-87.621019, 30.843116], [-87.621196, 30.842792], [-87.620401, 30.842259], [-87.620237, 30.8419], [-87.619299, 30.841633], [-87.619003, 30.841957], [-87.618823, 30.841106], [-87.617072, 30.840328], [-87.617136, 30.839674], [-87.616178, 30.838871], [-87.616271, 30.838143], [-87.615493, 30.837721], [-87.615507, 30.837236], [-87.61494, 30.83643], [-87.615241, 30.836135], [-87.615159, 30.835283], [-87.615669, 30.835259], [-87.61571, 30.835031], [-87.615245, 30.83421], [-87.61396, 30.834157], [-87.612043, 30.833307], [-87.611405, 30.833413], [-87.610395, 30.832507], [-87.609724, 30.832796], [-87.608667, 30.83264], [-87.608324, 30.832171], [-87.605562, 30.830898], [-87.605284, 30.831385], [-87.604721, 30.83113], [-87.604314, 30.831419], [-87.602848, 30.829163], [-87.603092, 30.828713], [-87.602781, 30.827253], [-87.603152, 30.82676], [-87.602118, 30.826234], [-87.602187, 30.825467], [-87.601502, 30.825342], [-87.600792, 30.821288], [-87.600102, 30.820508], [-87.59923, 30.820225], [-87.597889, 30.818905], [-87.596923, 30.818303], [-87.595868, 30.818196], [-87.595661, 30.81767], [-87.594142, 30.817501], [-87.594345, 30.817013], [-87.593642, 30.81694], [-87.593498, 30.816433], [-87.593074, 30.816506], [-87.592729, 30.815999], [-87.591021, 30.816047], [-87.590548, 30.815734], [-87.590195, 30.815919], [-87.589284, 30.815221], [-87.587939, 30.814922], [-87.587281, 30.8152], [-87.587288, 30.814417], [-87.586935, 30.814561], [-87.586719, 30.813941], [-87.585621, 30.81355], [-87.585069, 30.813725], [-87.584335, 30.81319], [-87.583641, 30.813427], [-87.583467, 30.812807], [-87.582241, 30.812741], [-87.581022, 30.811811], [-87.580983, 30.811303], [-87.58017, 30.811286], [-87.58025, 30.810767], [-87.579567, 30.810892], [-87.578438, 30.809159], [-87.577216, 30.808778], [-87.576599, 30.808119], [-87.576675, 30.806939], [-87.576224, 30.806464], [-87.575552, 30.806314], [-87.574537, 30.805058], [-87.574677, 30.804721], [-87.574102, 30.80327], [-87.57233, 30.802393], [-87.572607, 30.801395], [-87.571909, 30.80093], [-87.571752, 30.800199], [-87.571174, 30.80013], [-87.570435, 30.800581], [-87.570066, 30.800034], [-87.569539, 30.800493], [-87.568252, 30.800113], [-87.567872, 30.799596], [-87.567928, 30.798975], [-87.568174, 30.79875], [-87.567628, 30.798051], [-87.566839, 30.798055], [-87.566304, 30.797314], [-87.565524, 30.796809], [-87.564994, 30.796802], [-87.563695, 30.796138], [-87.563673, 30.795803], [-87.562552, 30.794863], [-87.562619, 30.794356], [-87.561981, 30.794126], [-87.560959, 30.793091], [-87.561154, 30.792377], [-87.559998, 30.792055], [-87.55972, 30.791429], [-87.558932, 30.791166], [-87.559208, 30.790632], [-87.559057, 30.790375], [-87.557165, 30.790263], [-87.557438, 30.789256], [-87.557298, 30.789128], [-87.55673, 30.789044], [-87.556058, 30.788239], [-87.554852, 30.787858], [-87.554479, 30.78712], [-87.554165, 30.786958], [-87.55325, 30.787117], [-87.551471, 30.78593], [-87.551311, 30.78569], [-87.551605, 30.784992], [-87.550736, 30.784369], [-87.55118, 30.782803], [-87.550285, 30.781251], [-87.549512, 30.780988], [-87.548718, 30.781395], [-87.547897, 30.780599], [-87.547541, 30.780979], [-87.547212, 30.780852], [-87.547009, 30.780096], [-87.546649, 30.779797], [-87.545432, 30.779389], [-87.544789, 30.778395], [-87.544771, 30.777871], [-87.54485, 30.777639], [-87.545952, 30.777239], [-87.545033, 30.776675], [-87.544961, 30.776143], [-87.546047, 30.772056], [-87.545647, 30.771688], [-87.544368, 30.771616], [-87.543881, 30.770003], [-87.5406, 30.76608], [-87.539909, 30.764562], [-87.539059, 30.763801], [-87.537094, 30.762967], [-87.536884, 30.762718], [-87.536834, 30.761807], [-87.535985, 30.761192], [-87.535705, 30.759234], [-87.535247, 30.758222], [-87.535453, 30.757774], [-87.53519, 30.757019], [-87.535175, 30.755137], [-87.534706, 30.754881], [-87.534302, 30.753868], [-87.534465, 30.752673], [-87.535294, 30.75236], [-87.53534, 30.749999], [-87.535114, 30.749448], [-87.533559, 30.748457], [-87.533003, 30.746924], [-87.531662, 30.746063], [-87.531629, 30.745657], [-87.532642, 30.744813], [-87.532557, 30.743199], [-87.531069, 30.743271], [-87.529591, 30.742581], [-87.530237, 30.741266], [-87.529977, 30.740952], [-87.528626, 30.741063], [-87.528077, 30.740632], [-87.526146, 30.740456], [-87.525441, 30.739212], [-87.524131, 30.738719], [-87.52291, 30.737687], [-87.520296, 30.737396], [-87.519379, 30.736376], [-87.518253, 30.736079], [-87.517882, 30.734965], [-87.517393, 30.734324], [-87.516784, 30.734169], [-87.515137, 30.734306], [-87.514903, 30.733152], [-87.513125, 30.733146], [-87.512549, 30.733267], [-87.511928, 30.733768], [-87.511622, 30.733178], [-87.510633, 30.732907], [-87.510596, 30.731713], [-87.509576, 30.731205], [-87.508874, 30.729279], [-87.509022, 30.728464], [-87.508792, 30.728085], [-87.507682, 30.7278], [-87.506674, 30.726794], [-87.505137, 30.726288], [-87.505164, 30.72571], [-87.506028, 30.7253], [-87.505951, 30.725064], [-87.503278, 30.723854], [-87.502966, 30.722123], [-87.502431, 30.721522], [-87.501502, 30.721092], [-87.500576, 30.721148], [-87.499421, 30.720726], [-87.498286, 30.721061], [-87.49786, 30.719879], [-87.496828, 30.720269], [-87.494821, 30.719665], [-87.494011, 30.72003], [-87.492966, 30.719712], [-87.49268, 30.720341], [-87.492093, 30.720392], [-87.491434, 30.719025], [-87.490534, 30.719029], [-87.489423, 30.718662], [-87.488775, 30.717642], [-87.48829, 30.71758], [-87.487623, 30.718339], [-87.487315, 30.71838], [-87.484601, 30.717078], [-87.484623, 30.715918], [-87.483623, 30.71531], [-87.483205, 30.715561], [-87.482578, 30.716908], [-87.482234, 30.717191], [-87.481899, 30.717314], [-87.481278, 30.717002], [-87.481266, 30.716527], [-87.479925, 30.714929], [-87.477992, 30.713277], [-87.478334, 30.712624], [-87.479732, 30.712643], [-87.480269, 30.711787], [-87.479312, 30.7096], [-87.478389, 30.709547], [-87.477803, 30.70988], [-87.477151, 30.709914], [-87.475171, 30.70906], [-87.47509, 30.708601], [-87.475618, 30.7081], [-87.474493, 30.706654], [-87.47464, 30.7063], [-87.475979, 30.705707], [-87.475805, 30.705248], [-87.473631, 30.704813], [-87.472771, 30.704357], [-87.472567, 30.704535], [-87.472794, 30.705163], [-87.472628, 30.705638], [-87.472228, 30.705664], [-87.4712, 30.705112], [-87.469806, 30.705021], [-87.469524, 30.704385], [-87.469611, 30.703209], [-87.469076, 30.702741], [-87.46827, 30.702499], [-87.467808, 30.701521], [-87.467732, 30.701086], [-87.46816, 30.700697], [-87.468085, 30.700208], [-87.467517, 30.700075], [-87.466368, 30.700704], [-87.464912, 30.700401], [-87.463779, 30.700595], [-87.46219, 30.700189], [-87.461907, 30.699842], [-87.461047, 30.699663], [-87.459987, 30.698271], [-87.458669, 30.697866], [-87.458471, 30.696821], [-87.458013, 30.696398], [-87.456614, 30.697586], [-87.455177, 30.697848], [-87.453882, 30.698687], [-87.45325, 30.698689], [-87.452616, 30.698191], [-87.45216, 30.698193], [-87.451604, 30.699393], [-87.451306, 30.699591], [-87.450636, 30.698895], [-87.449566, 30.69896], [-87.448719, 30.697916], [-87.448661, 30.696688], [-87.447878, 30.696418], [-87.447155, 30.695632], [-87.446243, 30.69562], [-87.445732, 30.695182], [-87.445012, 30.695124], [-87.443676, 30.694537], [-87.442685, 30.692736], [-87.440375, 30.690362], [-87.437722, 30.689628], [-87.436965, 30.688933], [-87.436421, 30.68879], [-87.436401, 30.68842], [-87.43468, 30.688198], [-87.432961, 30.68837], [-87.431695, 30.687647], [-87.430136, 30.688259], [-87.429819, 30.687987], [-87.430113, 30.687091], [-87.429935, 30.68653], [-87.428302, 30.686323], [-87.427792, 30.685885], [-87.427786, 30.684505], [-87.427125, 30.683992], [-87.426612, 30.683053], [-87.426085, 30.682843], [-87.42542, 30.68327], [-87.424613, 30.683272], [-87.422398, 30.682203], [-87.421996, 30.681017], [-87.421313, 30.680816], [-87.42023, 30.680932], [-87.419247, 30.679697], [-87.419041, 30.678528], [-87.417685, 30.6782], [-87.417052, 30.679244], [-87.41672, 30.679298], [-87.416124, 30.678726], [-87.41172, 30.677569], [-87.409689, 30.676645], [-87.408312, 30.675684], [-87.406474, 30.675146], [-87.406356, 30.674437], [-87.407386, 30.672259], [-87.407384, 30.671816], [-87.405879, 30.670911], [-87.406017, 30.669235], [-87.405545, 30.668638], [-87.405394, 30.667998], [-87.405758, 30.666439], [-87.403533, 30.665912], [-87.402689, 30.664847], [-87.402637, 30.664356], [-87.403104, 30.663756], [-87.403347, 30.662837], [-87.403048, 30.662112], [-87.402328, 30.66141], [-87.402202, 30.660599], [-87.402914, 30.659572], [-87.402935, 30.658782], [-87.403327, 30.658033], [-87.403103, 30.657479], [-87.401072, 30.656225], [-87.400628, 30.656376], [-87.400508, 30.65706], [-87.400212, 30.657253], [-87.399865, 30.657062], [-87.399663, 30.655824], [-87.398776, 30.656318], [-87.398405, 30.656233], [-87.396818, 30.65485], [-87.396505, 30.653784], [-87.396598, 30.652289], [-87.395975, 30.65086], [-87.395908, 30.650159], [-87.396989, 30.648273], [-87.396864, 30.647932], [-87.394336, 30.645612], [-87.394334, 30.645271], [-87.394952, 30.645248], [-87.395739, 30.644562], [-87.395687, 30.643964], [-87.395016, 30.64277], [-87.394024, 30.641855], [-87.394386, 30.639826], [-87.394365, 30.637541], [-87.395212, 30.636069], [-87.395149, 30.635418], [-87.394293, 30.63429], [-87.394072, 30.633502], [-87.395398, 30.633293], [-87.395655, 30.632984], [-87.395554, 30.632659], [-87.394481, 30.631788], [-87.39341, 30.631534], [-87.393386, 30.630289], [-87.393698, 30.629135], [-87.393294, 30.627218], [-87.394575, 30.624255], [-87.396027, 30.624135], [-87.395854, 30.623745], [-87.395121, 30.623462], [-87.395277, 30.622765], [-87.395066, 30.621899], [-87.395295, 30.621381], [-87.39528, 30.620463], [-87.395986, 30.620091], [-87.395845, 30.618497], [-87.396475, 30.617102], [-87.396387, 30.616616], [-87.396044, 30.61629], [-87.394957, 30.616241], [-87.394672, 30.615239], [-87.395135, 30.613516], [-87.396468, 30.61102], [-87.396655, 30.608876], [-87.398409, 30.606538], [-87.39877, 30.605396], [-87.40025, 30.606163], [-87.401542, 30.605567], [-87.403286, 30.605361], [-87.403529, 30.605044], [-87.403341, 30.60382], [-87.403501, 30.603417], [-87.403993, 30.603038], [-87.404902, 30.603004], [-87.405691, 30.603411], [-87.406086, 30.603258], [-87.406106, 30.602512], [-87.405711, 30.601476], [-87.406718, 30.601731], [-87.407152, 30.601527], [-87.407587, 30.600865], [-87.40735, 30.599982], [-87.406915, 30.599864], [-87.405849, 30.600101], [-87.405296, 30.598692], [-87.406205, 30.59837], [-87.406194, 30.598084], [-87.405446, 30.597416], [-87.407305, 30.595984], [-87.406831, 30.593374], [-87.407081, 30.592386], [-87.407854, 30.591075], [-87.407614, 30.589411], [-87.408176, 30.58867], [-87.408017, 30.588323], [-87.407315, 30.587896], [-87.409355, 30.585853], [-87.408018, 30.583701], [-87.409168, 30.583011], [-87.409299, 30.581987], [-87.410983, 30.580363], [-87.410755, 30.579496], [-87.410038, 30.579886], [-87.409798, 30.579732], [-87.409812, 30.579395], [-87.410824, 30.578148], [-87.411767, 30.578003], [-87.411509, 30.577123], [-87.4117, 30.576345], [-87.412015, 30.576396], [-87.412287, 30.577133], [-87.41263, 30.576705], [-87.411749, 30.575359], [-87.411947, 30.574169], [-87.413105, 30.573012], [-87.413691, 30.573038], [-87.41381, 30.573444], [-87.414142, 30.573618], [-87.414532, 30.572509], [-87.415216, 30.572756], [-87.416099, 30.572375], [-87.416364, 30.57195], [-87.416201, 30.571147], [-87.416508, 30.570611], [-87.417137, 30.570692], [-87.417155, 30.569898], [-87.417709, 30.569823], [-87.418383, 30.570273], [-87.418521, 30.570134], [-87.418182, 30.569415], [-87.417572, 30.568928], [-87.417462, 30.568153], [-87.416597, 30.567906], [-87.416721, 30.566808], [-87.416137, 30.566145], [-87.417104, 30.565533], [-87.417591, 30.564489], [-87.417966, 30.56505], [-87.418308, 30.565105], [-87.418467, 30.564809], [-87.417983, 30.56398], [-87.418326, 30.563028], [-87.417928, 30.562402], [-87.418012, 30.562106], [-87.418545, 30.561994], [-87.41898, 30.561475], [-87.420713, 30.560545], [-87.421698, 30.56099], [-87.421913, 30.560127], [-87.422206, 30.560195], [-87.422195, 30.560764], [-87.423008, 30.561491], [-87.423244, 30.560875], [-87.423975, 30.560959], [-87.423918, 30.560276], [-87.424341, 30.559631], [-87.424719, 30.559733], [-87.425107, 30.560358], [-87.425359, 30.560311], [-87.425773, 30.559276], [-87.426448, 30.558774], [-87.426396, 30.557493], [-87.425658, 30.557289], [-87.425636, 30.55691], [-87.42629, 30.556149], [-87.426549, 30.556217], [-87.426791, 30.556785], [-87.42701, 30.55675], [-87.427244, 30.555732], [-87.427002, 30.555044], [-87.427554, 30.553681], [-87.429437, 30.551744], [-87.430708, 30.550947], [-87.431182, 30.550015], [-87.434883, 30.549434], [-87.43512, 30.549089], [-87.434906, 30.547866], [-87.43538, 30.547054], [-87.435078, 30.5464], [-87.435735, 30.546295], [-87.435992, 30.545932], [-87.436147, 30.544949], [-87.436663, 30.54462], [-87.436739, 30.543689], [-87.436342, 30.544087], [-87.435506, 30.543986], [-87.435305, 30.543728], [-87.435321, 30.542867], [-87.435679, 30.542659], [-87.436417, 30.543001], [-87.437428, 30.541998], [-87.437387, 30.541757], [-87.436391, 30.541536], [-87.436823, 30.540242], [-87.437917, 30.540066], [-87.438336, 30.54034], [-87.439467, 30.539371], [-87.439646, 30.539423], [-87.43955, 30.540078], [-87.43975, 30.540301], [-87.4406, 30.538954], [-87.440539, 30.538678], [-87.439921, 30.538439], [-87.439859, 30.538112], [-87.441569, 30.537451], [-87.441567, 30.537089], [-87.440768, 30.53642], [-87.440233, 30.532562], [-87.440577, 30.531595], [-87.43946, 30.531151], [-87.438958, 30.530291], [-87.440469, 30.529821], [-87.441703, 30.529747], [-87.442043, 30.530143], [-87.441968, 30.531056], [-87.443165, 30.53169], [-87.443901, 30.531481], [-87.444197, 30.530928], [-87.444194, 30.530273], [-87.442899, 30.530088], [-87.442619, 30.529762], [-87.443647, 30.528138], [-87.444402, 30.527843], [-87.444545, 30.528738], [-87.445103, 30.528909], [-87.445678, 30.528286], [-87.445913, 30.527372], [-87.44625, 30.527199], [-87.447465, 30.52735], [-87.44798, 30.526607], [-87.448205, 30.525514], [-87.447971, 30.524945], [-87.447238, 30.524942], [-87.446923, 30.525187], [-87.447265, 30.525929], [-87.447165, 30.526354], [-87.445998, 30.526377], [-87.445353, 30.525969], [-87.444856, 30.524711], [-87.443806, 30.523948], [-87.443923, 30.523567], [-87.445075, 30.523856], [-87.4471, 30.522516], [-87.447283, 30.521973], [-87.447145, 30.521256], [-87.446021, 30.519721], [-87.445453, 30.517672], [-87.44572, 30.516895], [-87.446499, 30.516995], [-87.447173, 30.516407], [-87.447268, 30.515044], [-87.446759, 30.514606], [-87.445815, 30.515386], [-87.444986, 30.515491], [-87.444562, 30.515331], [-87.444524, 30.514248], [-87.444953, 30.513763], [-87.446678, 30.513654], [-87.447322, 30.513872], [-87.448529, 30.515054], [-87.449122, 30.515301], [-87.449782, 30.515226], [-87.450371, 30.514462], [-87.449032, 30.51422], [-87.448355, 30.51374], [-87.447927, 30.513057], [-87.447702, 30.510458], [-87.445057, 30.508196], [-87.444714, 30.507494], [-87.44322, 30.506782], [-87.43969, 30.506649], [-87.437676, 30.50463], [-87.436509, 30.502453], [-87.435262, 30.501466], [-87.433878, 30.499495], [-87.431978, 30.498995], [-87.430978, 30.498295], [-87.430478, 30.496595], [-87.431178, 30.495795], [-87.431778, 30.494595], [-87.431878, 30.493696], [-87.431678, 30.492896], [-87.430578, 30.491096], [-87.428578, 30.489696], [-87.428378, 30.488496], [-87.429178, 30.487396], [-87.429778, 30.487396], [-87.432078, 30.488196], [-87.433178, 30.488196], [-87.433878, 30.487696], [-87.434078, 30.487196], [-87.433178, 30.485496], [-87.432878, 30.484296], [-87.434078, 30.482196], [-87.435178, 30.481596], [-87.435578, 30.480496], [-87.434678, 30.479196], [-87.431578, 30.477696], [-87.430578, 30.476596], [-87.430178, 30.475196], [-87.430078, 30.471996], [-87.429578, 30.470596], [-87.427078, 30.467496], [-87.425078, 30.465596], [-87.422178, 30.463196], [-87.419078, 30.461896], [-87.417777, 30.461096], [-87.415977, 30.458896], [-87.415677, 30.458196], [-87.414677, 30.457296], [-87.413077, 30.456896], [-87.409277, 30.456796], [-87.407877, 30.456396], [-87.406177, 30.454897], [-87.404677, 30.452897], [-87.399877, 30.450997], [-87.396877, 30.450597], [-87.394177, 30.451397], [-87.391976, 30.451597], [-87.389976, 30.451197], [-87.387876, 30.450397], [-87.381176, 30.450097], [-87.375076, 30.448597], [-87.370768, 30.446865], [-87.36868, 30.444631], [-87.366939, 30.44048], [-87.366591, 30.436648], [-87.367441, 30.434495], [-87.368191, 30.433407], [-87.369383, 30.431948], [-87.371169, 30.43049], [-87.374976, 30.428347], [-87.378376, 30.425397], [-87.382076, 30.422897], [-87.386376, 30.420497], [-87.393976, 30.418297], [-87.395676, 30.417597], [-87.398476, 30.415498], [-87.400377, 30.413398], [-87.400977, 30.412298], [-87.402977, 30.410398], [-87.406077, 30.409198], [-87.408877, 30.408798], [-87.413577, 30.408998], [-87.419177, 30.410198], [-87.422677, 30.410098], [-87.424377, 30.409798], [-87.426377, 30.409098], [-87.427478, 30.408398], [-87.429578, 30.406498], [-87.431778, 30.403198], [-87.432878, 30.400898], [-87.433478, 30.398898], [-87.434278, 30.397498], [-87.437278, 30.395898], [-87.439478, 30.393498], [-87.440678, 30.391498], [-87.441078, 30.389998], [-87.441078, 30.387698], [-87.440178, 30.384598], [-87.438478, 30.381798], [-87.438678, 30.380798], [-87.441823, 30.376304], [-87.442884, 30.375199], [-87.443478, 30.375099], [-87.444278, 30.374099], [-87.449078, 30.370399], [-87.451378, 30.367199], [-87.451778, 30.365899], [-87.452078, 30.361899], [-87.451778, 30.356699], [-87.451078, 30.351899], [-87.450778, 30.346999], [-87.451078, 30.345599], [-87.452278, 30.344099], [-87.461078, 30.3353], [-87.462978, 30.334], [-87.464878, 30.3333], [-87.471879, 30.3318], [-87.480079, 30.3311], [-87.489979, 30.3311], [-87.49358, 30.3306], [-87.49818, 30.3295], [-87.49998, 30.328957], [-87.502572, 30.327405], [-87.504701, 30.324039], [-87.505943, 30.319396], [-87.50588, 30.3139], [-87.50558, 30.3111], [-87.50468, 30.308901], [-87.50348, 30.307601], [-87.49998, 30.306451], [-87.49998, 30.306201], [-87.49838, 30.306301], [-87.494879, 30.305001], [-87.494079, 30.304901], [-87.488179, 30.304801], [-87.486979, 30.305101], [-87.485679, 30.305101], [-87.483679, 30.304801], [-87.480879, 30.306601], [-87.477879, 30.306901], [-87.475879, 30.3079], [-87.470679, 30.3079], [-87.468678, 30.3082], [-87.465778, 30.3076], [-87.462978, 30.3078], [-87.459578, 30.3083], [-87.455578, 30.3102], [-87.453878, 30.3102], [-87.450778, 30.3111], [-87.450078, 30.3111], [-87.452378, 30.300201], [-87.49998, 30.287901], [-87.50198, 30.288001], [-87.50888, 30.286101], [-87.511917, 30.285606], [-87.51458, 30.284701], [-87.51838, 30.283901], [-87.51837, 30.12553], [-87.5062, 30.12789], [-87.49326, 30.13095], [-87.48357, 30.13291], [-87.48226, 30.13344], [-87.45375, 30.13845], [-87.44201, 30.1411], [-87.42257, 30.1446], [-87.38012, 30.15098], [-87.36687, 30.15357], [-87.35646, 30.15593], [-87.33664, 30.16119], [-87.31564, 30.1658], [-87.30281, 30.1683], [-87.28992, 30.16657], [-87.27883, 30.16557], [-87.26842, 30.16523], [-87.25829, 30.16542], [-87.22929, 30.1672], [-87.20183, 30.16999], [-87.17692, 30.17281], [-87.15538, 30.17601], [-87.13361, 30.17853], [-87.12004, 30.18059], [-87.05642, 30.1924], [-87.01234, 30.20106], [-86.9784, 30.20695], [-86.94711, 30.21201], [-86.92528, 30.21609], [-86.91833, 30.217637], [-86.90604, 30.21938], [-86.88891, 30.2226], [-86.8556, 30.22792], [-86.803374, 30.23495], [-86.79011, 30.23594], [-86.74217, 30.2413], [-86.71348, 30.24363], [-86.70247, 30.24398], [-86.68765, 30.24482], [-86.64058, 30.24631], [-86.62483, 30.24562], [-86.60179, 30.24341], [-86.5913, 30.24282], [-86.57918, 30.24072], [-86.56735, 30.23933], [-86.55718, 30.23659], [-86.54662, 30.23437], [-86.53655, 30.2328], [-86.52805, 30.23189], [-86.51951, 30.23134], [-86.50635, 30.23121], [-86.49801, 30.23158], [-86.47815, 30.23297], [-86.45924, 30.233], [-86.4456, 30.23231], [-86.41926, 30.22982], [-86.41086, 30.22881], [-86.39285, 30.226], [-86.38501, 30.22522], [-86.34466, 30.21841], [-86.32823, 30.2147], [-86.31668, 30.21168], [-86.30638, 30.2094], [-86.28232, 30.20252], [-86.26989, 30.19864], [-86.23241, 30.18812], [-86.22095, 30.18442], [-86.19048, 30.17556], [-86.18038, 30.17199], [-86.179706, 30.337108], [-86.179159, 30.365396], [-86.180538, 30.365838], [-86.180561, 30.370127], [-86.179823, 30.375105], [-86.178789, 30.378488], [-86.174948, 30.386979], [-86.15192, 30.435687], [-86.149824, 30.438245], [-86.14702, 30.440504], [-86.144737, 30.441776], [-86.135708, 30.445808], [-86.133743, 30.447218], [-86.132668, 30.448526], [-86.131841, 30.450228], [-86.131518, 30.451909], [-86.131097, 30.46475], [-86.129393, 30.464763], [-86.129384, 30.466326], [-86.130865, 30.466308], [-86.130689, 30.467049], [-86.130121, 30.467026], [-86.128604, 30.468294], [-86.128605, 30.467989], [-86.127271, 30.467993], [-86.127272, 30.467704], [-86.126604, 30.467705], [-86.126607, 30.466546], [-86.125275, 30.46655], [-86.125261, 30.470408], [-86.123446, 30.473261], [-86.123144, 30.473375], [-86.123153, 30.473002], [-86.121048, 30.472998], [-86.121052, 30.472094], [-86.118327, 30.472094], [-86.118324, 30.475689], [-86.116846, 30.475679], [-86.11681, 30.479308], [-86.1216, 30.479342], [-86.121614, 30.479589], [-86.122469, 30.479596], [-86.12257, 30.480439], [-86.121646, 30.48045], [-86.121875, 30.482242], [-86.1236, 30.482213], [-86.123165, 30.483432], [-86.122312, 30.483726], [-86.122603, 30.484652], [-86.119973, 30.484554], [-86.119975, 30.486386], [-86.122937, 30.486362], [-86.122827, 30.486643], [-86.108203, 30.486537], [-86.107766, 30.512461], [-86.11213, 30.512504], [-86.109873, 30.517487], [-86.1091, 30.519732], [-86.1082, 30.525579], [-86.107978, 30.530551], [-86.107412, 30.530543], [-86.107416, 30.530949], [-86.107097, 30.530954], [-86.10709, 30.530535], [-86.088317, 30.530357], [-86.087999, 30.54523], [-86.088083, 30.559748], [-86.107295, 30.560067], [-86.10721, 30.563494], [-86.110453, 30.597343], [-86.117361, 30.620132], [-86.117427, 30.623312], [-86.114059, 30.64632], [-86.113993, 30.649415], [-86.114338, 30.650899], [-86.115127, 30.65268], [-86.120557, 30.660788], [-86.121913, 30.663325], [-86.122718, 30.666379], [-86.122863, 30.669697], [-86.123669, 30.669714], [-86.124518, 30.670555], [-86.124319, 30.67131], [-86.124512, 30.671673], [-86.124318, 30.671853], [-86.123671, 30.671653], [-86.123623, 30.670788], [-86.122531, 30.670742], [-86.122513, 30.672458], [-86.123977, 30.672528], [-86.124283, 30.67292], [-86.123904, 30.673499], [-86.123137, 30.673115], [-86.122506, 30.673123], [-86.122478, 30.676654], [-86.123108, 30.676665], [-86.123111, 30.67591], [-86.123993, 30.675766], [-86.124322, 30.676687], [-86.131124, 30.676863], [-86.131084, 30.692924], [-86.140889, 30.69366], [-86.145404, 30.694585], [-86.149136, 30.696253], [-86.155725, 30.701044], [-86.154347, 30.703623], [-86.15218, 30.704239], [-86.152158, 30.705025], [-86.150669, 30.705013], [-86.150625, 30.706258], [-86.148581, 30.706227], [-86.148609, 30.709969], [-86.152168, 30.710063], [-86.152239, 30.721112], [-86.156392, 30.721213], [-86.156437, 30.728432], [-86.160607, 30.728496], [-86.160593, 30.730282], [-86.165123, 30.730331], [-86.165091, 30.731417], [-86.16734, 30.731426], [-86.167338, 30.731766], [-86.165096, 30.731748], [-86.16502, 30.733893], [-86.157451, 30.733835], [-86.157461, 30.73562], [-86.152933, 30.734823], [-86.152476, 30.736747], [-86.149862, 30.736258], [-86.149944, 30.734328], [-86.148639, 30.73409], [-86.148109, 30.741425], [-86.150287, 30.741433], [-86.150425, 30.74179], [-86.149831, 30.742268], [-86.149787, 30.743222], [-86.151656, 30.74326], [-86.151615, 30.74497], [-86.151506, 30.746294], [-86.147784, 30.746261], [-86.148157, 30.749754], [-86.139345, 30.749689], [-86.139395, 30.746176], [-86.135076, 30.7461], [-86.134942, 30.75258], [-86.13412, 30.753941], [-86.132584, 30.755041], [-86.134823, 30.755522], [-86.134807, 30.756325], [-86.144834, 30.756614], [-86.143145, 30.758043], [-86.143083, 30.759855], [-86.143408, 30.760618], [-86.144826, 30.761374], [-86.145755, 30.762314], [-86.147186, 30.762501], [-86.148619, 30.763375], [-86.149433, 30.763368], [-86.151078, 30.762711], [-86.152985, 30.762443], [-86.154935, 30.767529], [-86.15394, 30.767812], [-86.153454, 30.767529], [-86.149589, 30.768737], [-86.148898, 30.769514], [-86.147887, 30.773004], [-86.147278, 30.773852], [-86.145856, 30.774749], [-86.143652, 30.775145], [-86.14329, 30.775463], [-86.142984, 30.790365], [-86.138816, 30.790263], [-86.119995, 30.787438], [-86.12102, 30.790187], [-86.121745, 30.793228], [-86.123695, 30.807927], [-86.123726, 30.811621], [-86.123432, 30.814501], [-86.116022, 30.851678], [-86.115579, 30.854554], [-86.115455, 30.861913], [-86.115726, 30.863717], [-86.116614, 30.865901], [-86.12171, 30.873362], [-86.123579, 30.877217], [-86.136524, 30.922593], [-86.137068, 30.925322], [-86.137373, 30.927896], [-86.137382, 30.931229], [-86.136896, 30.959729], [-86.132722, 30.993315], [-86.162978, 30.993686], [-86.169321, 30.993558], [-86.170763, 30.993802], [-86.175574, 30.993659], [-86.180818, 30.994008], [-86.227287, 30.994115], [-86.238335, 30.99437], [-86.256359, 30.993857], [-86.290157, 30.993694], [-86.317445, 30.99419], [-86.365474, 30.994553], [-86.388646, 30.994181], [-86.391973, 30.994426], [-86.403187, 30.994439], [-86.414288, 30.99407], [-86.454704, 30.993791], [-86.454991, 30.993972], [-86.460732, 30.99398], [-86.49995, 30.993339], [-86.512843, 30.993703], [-86.520071, 30.993486], [-86.520196, 30.993258], [-86.563436, 30.995223], [-86.565532, 30.994967], [-86.633435, 30.994915], [-86.648401, 30.994664], [-86.651192, 30.994875], [-86.653184, 30.994615], [-86.704483, 30.994668], [-86.705611, 30.994487], [-86.7067, 30.994951], [-86.711271, 30.995259], [-86.712987, 30.99568], [-86.718302, 30.995938], [-86.720142, 30.996333], [-86.723585, 30.996569], [-86.727069, 30.996525], [-86.728221, 30.996243], [-86.729606, 30.996575], [-86.732746, 30.996418], [-86.736751, 30.996556], [-86.737481, 30.996769], [-86.74524, 30.99629], [-86.755267, 30.996709], [-86.830497, 30.997401], [-86.888711, 30.997757], [-86.903778, 30.997554], [-86.925578, 30.997675], [-86.998477, 30.998661], [-86.999965, 30.998996], [-87.004339, 30.999317], [-87.035302, 30.99919], [-87.040229, 30.999547], [-87.042157, 30.999194], [-87.055029, 30.9991], [-87.067043, 30.999397], [-87.068507, 30.999099], [-87.118873, 30.999427], [-87.124969, 30.998803], [-87.140755, 30.999532], [-87.193398, 30.998252], [-87.224746, 30.997168], [-87.237685, 30.996393], [-87.252402, 30.997936], [-87.266486, 30.997757], [-87.276274, 30.998302], [-87.301528, 30.998438], [-87.30403, 30.998191], [-87.311949, 30.998435], [-87.312665, 30.997835], [-87.334078, 30.997855], [-87.33832, 30.998272], [-87.347894, 30.99827], [-87.35557, 30.997859], [-87.367707, 30.997882], [-87.370472, 30.998343], [-87.37496, 30.997972], [-87.415074, 30.998066], [-87.425616, 30.997741], [-87.458109, 30.997894], [-87.459184, 30.998133], [-87.461843, 30.997897], [-87.477237, 30.997862], [-87.482715, 30.998139], [-87.514945, 30.997543], [-87.54806, 30.997922], [-87.548791, 30.997508], [-87.585516, 30.997627], [-87.598829, 30.997455], [-87.598647, 30.996821], [-87.598998, 30.996298], [-87.598621, 30.995633], [-87.59871, 30.995028], [-87.598237, 30.994291], [-87.598198, 30.992993], [-87.597758, 30.992432], [-87.597336, 30.991002], [-87.596703, 30.990644], [-87.596384, 30.989924], [-87.596792, 30.989104], [-87.596543, 30.988472], [-87.596504, 30.987229], [-87.596229, 30.986783], [-87.595648, 30.98664], [-87.595521, 30.986316], [-87.594729, 30.985794], [-87.594697, 30.985464], [-87.595105, 30.984968], [-87.594818, 30.984556], [-87.593605, 30.983951], [-87.593132, 30.983038], [-87.59285, 30.981636], [-87.593131, 30.980464], [-87.592301, 30.980184], [-87.592237, 30.979942], [-87.592849, 30.978182], [-87.593481, 30.97751], [-87.593551, 30.977103], [-87.593193, 30.976498], [-87.593512, 30.975668], [-87.593002, 30.975365], [-87.592944, 30.974672], [-87.59249, 30.97393], [-87.59265, 30.972659], [-87.592081, 30.97184], [-87.591666, 30.970179], [-87.590906, 30.969662], [-87.590363, 30.967968], [-87.588862, 30.96579], [-87.588887, 30.964519], [-87.58867, 30.964162], [-87.589148, 30.961929], [-87.588957, 30.961351], [-87.589952, 30.959965], [-87.589881, 30.958892], [-87.591317, 30.956659], [-87.591355, 30.955036], [-87.590933, 30.953513], [-87.591826, 30.95255], [-87.591736, 30.951362], [-87.592662, 30.951164], [-87.594186, 30.949871], [-87.593893, 30.949453], [-87.593803, 30.948688], [-87.594887, 30.945707], [-87.595014, 30.944634], [-87.596009, 30.941983], [-87.597756, 30.939304], [-87.598005, 30.93839], [-87.598458, 30.938038], [-87.599702, 30.937818], [-87.601194, 30.935969], [-87.601679, 30.935749], [-87.601711, 30.935084], [-87.603114, 30.932564], [-87.60282, 30.931601], [-87.603521, 30.931112], [-87.604516, 30.929175], [-87.604899, 30.928878], [-87.604898, 30.928356], [-87.605338, 30.927574], [-87.605759, 30.927222], [-87.605823, 30.926606], [-87.606352, 30.925621], [-87.607053, 30.925121], [-87.607697, 30.92248], [-87.607639, 30.921732], [-87.608302, 30.920736], [-87.608276, 30.920126], [-87.609092, 30.919168], [-87.609602, 30.91809], [-87.609952, 30.916517], [-87.610558, 30.916044], [-87.610685, 30.915416], [-87.611387, 30.914833], [-87.612222, 30.91337], [-87.612342, 30.910609], [-87.612953, 30.909448], [-87.613999, 30.908485], [-87.614126, 30.90799], [-87.613839, 30.907467], [-87.614349, 30.906917], [-87.61438, 30.906163], [-87.615152, 30.905475], [-87.615241, 30.905167], [-87.614699, 30.904854], [-87.614379, 30.904315], [-87.615342, 30.903545], [-87.615272, 30.90278], [-87.615686, 30.901641], [-87.617318, 30.900095], [-87.618593, 30.89988], [-87.618976, 30.899104], [-87.619926, 30.899274], [-87.620621, 30.898383], [-87.621807, 30.897723], [-87.621743, 30.89709], [-87.622125, 30.896617], [-87.621327, 30.896315], [-87.620881, 30.895462], [-87.62111, 30.895099], [-87.621894, 30.895104], [-87.622245, 30.894604], [-87.621746, 30.892481], [-87.621293, 30.892173], [-87.621203, 30.891408], [-87.620431, 30.890006], [-87.620558, 30.888972], [-87.62034, 30.888064], [-87.620653, 30.887767], [-87.62027, 30.887404], [-87.620531, 30.887041], [-87.621041, 30.886959], [-87.620913, 30.886634], [-87.621455, 30.885534], [-87.621965, 30.885451], [-87.622277, 30.884895], [-87.624675, 30.884372], [-87.624292, 30.884174], [-87.624349, 30.883959], [-87.625504, 30.883784], [-87.626589, 30.882091], [-87.627521, 30.881618], [-87.62828, 30.880683], [-87.629103, 30.880425], [-87.629614, 30.879342], [-87.629461, 30.878742], [-87.630061, 30.877334], [-87.630183, 30.876212], [-87.631002, 30.874824], [-87.631455, 30.873311], [-87.632017, 30.872591], [-87.631992, 30.872349], [-87.631686, 30.872327], [-87.632317, 30.871772], [-87.632394, 30.871392], [-87.632917, 30.87109], [-87.633071, 30.868802], [-87.633875, 30.868131], [-87.634851, 30.866536], [-87.634871, 30.866344]]]}}, {"type": "Feature", "properties": {"district": "8", "chamber": "congressional", "name": "Florida Congressional District 8"}, "geometry": {"type": "Polygon", "coordinates": [[[-81.09522, 28.548784], [-81.089008, 28.54418], [-81.083807, 28.539761], [-81.080102, 28.536038], [-81.065883, 28.518022], [-81.071019, 28.518012], [-81.071015, 28.51752], [-81.068362, 28.517535], [-81.068354, 28.51565], [-81.067048, 28.515655], [-81.066902, 28.515021], [-81.064511, 28.512382], [-81.063638, 28.512986], [-81.062736, 28.511912], [-81.062571, 28.50298], [-81.063078, 28.501419], [-81.063129, 28.496157], [-81.061825, 28.496146], [-81.061289, 28.452136], [-80.979114, 28.452682], [-80.958719, 28.426415], [-80.95776, 28.424874], [-80.945184, 28.396924], [-80.943499, 28.394316], [-80.942064, 28.39272], [-80.939736, 28.390862], [-80.937401, 28.389505], [-80.898521, 28.371919], [-80.896418, 28.371288], [-80.893491, 28.370816], [-80.872792, 28.369612], [-80.872392, 28.367651], [-80.87254, 28.366843], [-80.873821, 28.364107], [-80.873972, 28.36249], [-80.87358, 28.36058], [-80.871791, 28.357227], [-80.868652, 28.352472], [-80.86671, 28.350316], [-80.862893, 28.347476], [-80.862785, 28.347122], [-80.862579, 28.312805], [-80.861395, 28.252281], [-80.862877, 28.084745], [-80.869313, 28.084727], [-80.869283, 28.065095], [-80.870135, 28.057077], [-80.86953, 28.048486], [-80.869973, 27.982571], [-80.86981, 27.9781], [-80.869597, 27.977911], [-80.869633, 27.968215], [-80.869402, 27.96395], [-80.86935, 27.949378], [-80.869658, 27.948174], [-80.869353, 27.947359], [-80.869335, 27.945282], [-80.869566, 27.945014], [-80.869571, 27.938161], [-80.868881, 27.822522], [-80.881566, 27.822511], [-80.880994, 27.802564], [-80.8808, 27.774903], [-80.880194, 27.750307], [-80.880073, 27.733699], [-80.873795, 27.733854], [-80.87318, 27.648311], [-80.873313, 27.643837], [-80.87315, 27.642288], [-80.867024, 27.642387], [-80.863778, 27.642144], [-80.84482, 27.642633], [-80.778047, 27.643195], [-80.777502, 27.620395], [-80.777166, 27.558733], [-80.761855, 27.558981], [-80.656081, 27.558649], [-80.647792, 27.558458], [-80.624778, 27.558692], [-80.52939, 27.558334], [-80.525704, 27.558714], [-80.361965, 27.557322], [-80.328103, 27.55714], [-80.328554, 27.557524], [-80.323254, 27.557552], [-80.323051, 27.556979], [-80.321278, 27.557005], [-80.321385, 27.557372], [-80.321004, 27.55739], [-80.263543, 27.556782], [-80.268546, 27.572903], [-80.270904, 27.581727], [-80.274797, 27.598242], [-80.281354, 27.621171], [-80.284903, 27.62531], [-80.294927, 27.639278], [-80.295203, 27.644406], [-80.296456, 27.65341], [-80.298868, 27.662094], [-80.301171, 27.667122], [-80.309394, 27.693829], [-80.328113, 27.750306], [-80.332526, 27.761157], [-80.334999, 27.76492], [-80.341866, 27.77702], [-80.367562, 27.827114], [-80.374771, 27.840574], [-80.392022, 27.875301], [-80.399438, 27.891467], [-80.406017, 27.901495], [-80.429011, 27.941482], [-80.446148, 27.973902], [-80.460542, 28.000296], [-80.473862, 28.026378], [-80.477026, 28.033331], [-80.496415, 28.069946], [-80.499773, 28.077233], [-80.53417, 28.234173], [-80.543999, 28.271092], [-80.53417, 28.335703], [-80.519428, 28.391084], [-80.499771, 28.409543], [-80.493599, 28.413055], [-80.487674, 28.418352], [-80.481209, 28.425511], [-80.476223, 28.434128], [-80.472338, 28.44341], [-80.46939, 28.453097], [-80.468605, 28.463078], [-80.470554, 28.472329], [-80.474848, 28.484449], [-80.478054, 28.492451], [-80.48245, 28.500276], [-80.49977, 28.533446], [-80.501216, 28.536678], [-80.503585, 28.540362], [-80.504941, 28.545288], [-80.506249, 28.553917], [-80.508819, 28.565923], [-80.511346, 28.575233], [-80.515062, 28.587715], [-80.519141, 28.598786], [-80.522973, 28.608238], [-80.526846, 28.614524], [-80.536485, 28.625272], [-80.611465, 28.719433], [-80.62477, 28.735305], [-80.635573, 28.750268], [-80.663461, 28.790588], [-80.732964, 28.791245], [-80.796581, 28.791115], [-80.807641, 28.791396], [-80.811534, 28.791216], [-80.882657, 28.791203], [-80.967895, 28.790197], [-80.966336, 28.726652], [-80.965356, 28.671926], [-80.964945, 28.6252], [-80.964747, 28.62444], [-80.964688, 28.61339], [-80.964466, 28.612992], [-80.970126, 28.612662], [-80.974224, 28.612671], [-80.980426, 28.613077], [-80.992226, 28.612975], [-80.995375, 28.613172], [-81.004782, 28.612875], [-81.041283, 28.612975], [-81.067743, 28.612677], [-81.067819, 28.61162], [-81.068717, 28.610205], [-81.068848, 28.608852], [-81.069309, 28.608164], [-81.070943, 28.607597], [-81.07335, 28.607377], [-81.074304, 28.606865], [-81.074478, 28.60566], [-81.073592, 28.604279], [-81.073611, 28.603679], [-81.074185, 28.602485], [-81.074085, 28.601313], [-81.074627, 28.59942], [-81.07588, 28.59778], [-81.075001, 28.596729], [-81.074957, 28.595568], [-81.075842, 28.594077], [-81.076989, 28.593108], [-81.077749, 28.59055], [-81.077699, 28.589543], [-81.077032, 28.588305], [-81.076951, 28.58612], [-81.077443, 28.584612], [-81.077075, 28.583589], [-81.077019, 28.581982], [-81.077366, 28.581033], [-81.078691, 28.579978], [-81.080995, 28.576325], [-81.082659, 28.576451], [-81.083432, 28.577112], [-81.084773, 28.577337], [-81.085645, 28.577166], [-81.086306, 28.576709], [-81.086399, 28.575966], [-81.085476, 28.574828], [-81.085327, 28.574079], [-81.085669, 28.573177], [-81.086778, 28.571658], [-81.087776, 28.571988], [-81.087944, 28.571019], [-81.088486, 28.570232], [-81.088797, 28.567877], [-81.089432, 28.566166], [-81.090174, 28.564916], [-81.091115, 28.564361], [-81.094774, 28.549099], [-81.095191, 28.548814], [-81.09522, 28.548784]]]}}, {"type": "Feature", "properties": {"district": "14", "chamber": "congressional", "name": "Florida Congressional District 14"}, "geometry": {"type": "Polygon", "coordinates": [[[-82.708658, 27.958692], [-82.702352, 27.937024], [-82.693428, 27.936908], [-82.693936, 27.932093], [-82.692158, 27.932717], [-82.691953, 27.932585], [-82.69129, 27.928954], [-82.690658, 27.926996], [-82.688497, 27.92435], [-82.688466, 27.920114], [-82.688174, 27.918662], [-82.687332, 27.91842], [-82.68657, 27.917793], [-82.686341, 27.917232], [-82.685103, 27.916049], [-82.682384, 27.91524], [-82.68187, 27.91557], [-82.680414, 27.914651], [-82.680123, 27.914805], [-82.680216, 27.915977], [-82.679975, 27.916225], [-82.679287, 27.915399], [-82.678817, 27.915399], [-82.676395, 27.913672], [-82.676255, 27.909033], [-82.676949, 27.908557], [-82.68001, 27.908432], [-82.679827, 27.894815], [-82.679412, 27.894798], [-82.679414, 27.895246], [-82.677105, 27.895255], [-82.67712, 27.895909], [-82.673542, 27.895916], [-82.673339, 27.896582], [-82.67175, 27.896587], [-82.671018, 27.896121], [-82.670678, 27.895518], [-82.67131, 27.894969], [-82.671497, 27.894046], [-82.668423, 27.894051], [-82.668154, 27.89531], [-82.665017, 27.895417], [-82.66563, 27.897568], [-82.663207, 27.898176], [-82.662414, 27.898104], [-82.661757, 27.89756], [-82.661592, 27.896572], [-82.662759, 27.89494], [-82.66278, 27.892205], [-82.662308, 27.890887], [-82.660122, 27.88755], [-82.66024, 27.886881], [-82.660773, 27.88652], [-82.659775, 27.885421], [-82.659748, 27.883548], [-82.658858, 27.883616], [-82.658115, 27.883363], [-82.656028, 27.883901], [-82.654976, 27.88477], [-82.655019, 27.885084], [-82.655514, 27.88537], [-82.655365, 27.885799], [-82.654542, 27.885821], [-82.654059, 27.886195], [-82.652765, 27.885826], [-82.65235, 27.886068], [-82.663408, 27.874235], [-82.664289, 27.872751], [-82.664518, 27.869796], [-82.663945, 27.848326], [-82.664263, 27.848322], [-82.664184, 27.846599], [-82.671115, 27.846567], [-82.673194, 27.845357], [-82.673516, 27.845449], [-82.673525, 27.842925], [-82.675177, 27.84292], [-82.675423, 27.84203], [-82.676979, 27.842026], [-82.676525, 27.839295], [-82.678655, 27.839269], [-82.678653, 27.838874], [-82.678146, 27.838875], [-82.678145, 27.838594], [-82.678652, 27.838594], [-82.678648, 27.837912], [-82.678144, 27.837913], [-82.678141, 27.837501], [-82.679675, 27.83745], [-82.679665, 27.833483], [-82.678866, 27.832382], [-82.679386, 27.832378], [-82.679428, 27.83198], [-82.678165, 27.830174], [-82.679159, 27.830161], [-82.679155, 27.829425], [-82.678765, 27.829425], [-82.67876, 27.828756], [-82.67962, 27.82875], [-82.679625, 27.828343], [-82.679184, 27.718876], [-82.679678, 27.714702], [-82.679357, 27.709778], [-82.679419, 27.700974], [-82.679181, 27.694485], [-82.676885, 27.654027], [-82.676243, 27.651512], [-82.675472, 27.649663], [-82.672918, 27.645089], [-82.672053, 27.645093], [-82.671836, 27.644709], [-82.663121, 27.64471], [-82.62486, 27.643718], [-82.606139, 27.643638], [-82.605761, 27.644427], [-82.554106, 27.645295], [-82.549548, 27.645557], [-82.524947, 27.645422], [-82.522211, 27.647073], [-82.517328, 27.648947], [-82.513626, 27.651064], [-82.500883, 27.661555], [-82.482613, 27.672949], [-82.48005, 27.674778], [-82.478036, 27.677215], [-82.473069, 27.684543], [-82.452515, 27.70312], [-82.450593, 27.704063], [-82.438002, 27.705174], [-82.436598, 27.705549], [-82.435557, 27.706158], [-82.434491, 27.707467], [-82.434174, 27.708451], [-82.434109, 27.713157], [-82.430988, 27.713127], [-82.430962, 27.714094], [-82.432059, 27.714124], [-82.432037, 27.715009], [-82.42973, 27.715005], [-82.429695, 27.715913], [-82.432028, 27.71594], [-82.431889, 27.724311], [-82.433862, 27.724266], [-82.433761, 27.730613], [-82.433663, 27.731494], [-82.433109, 27.732738], [-82.430803, 27.735192], [-82.426957, 27.738457], [-82.418959, 27.744205], [-82.404326, 27.756312], [-82.39473, 27.76461], [-82.385239, 27.779686], [-82.384602, 27.782115], [-82.3841, 27.81455], [-82.382015, 27.822503], [-82.381767, 27.83123], [-82.381737, 27.84976], [-82.381396, 27.849721], [-82.3837, 27.861958], [-82.384702, 27.864387], [-82.347427, 27.864373], [-82.34905, 27.891982], [-82.348733, 27.893681], [-82.347686, 27.89656], [-82.343895, 27.90346], [-82.347309, 27.910134], [-82.348395, 27.913437], [-82.351207, 27.930828], [-82.353368, 27.93905], [-82.353617, 27.944593], [-82.354194, 27.949471], [-82.355127, 27.954599], [-82.355946, 27.956722], [-82.358826, 27.959873], [-82.360275, 27.963577], [-82.360443, 27.965294], [-82.360358, 27.980023], [-82.358836, 27.990355], [-82.357826, 27.995508], [-82.354428, 27.995204], [-82.351441, 27.995282], [-82.351424, 28.011962], [-82.352435, 28.012909], [-82.354464, 28.013565], [-82.367098, 28.016188], [-82.370507, 28.016959], [-82.371204, 28.017313], [-82.374064, 28.01776], [-82.37447, 28.016537], [-82.374498, 28.013996], [-82.376415, 28.010776], [-82.383637, 28.010744], [-82.383553, 28.012961], [-82.383885, 28.013022], [-82.385274, 28.01199], [-82.385268, 28.010736], [-82.387529, 28.010724], [-82.3874, 28.011364], [-82.388033, 28.011486], [-82.389007, 28.012412], [-82.389956, 28.014447], [-82.389789, 28.015222], [-82.388611, 28.016569], [-82.388826, 28.017522], [-82.388412, 28.018167], [-82.388475, 28.018826], [-82.388927, 28.019007], [-82.389219, 28.018856], [-82.390165, 28.019332], [-82.391306, 28.020253], [-82.391556, 28.020899], [-82.391815, 28.020776], [-82.391775, 28.021163], [-82.393138, 28.022025], [-82.393178, 28.023939], [-82.393465, 28.024105], [-82.39365, 28.025743], [-82.394501, 28.025737], [-82.396048, 28.025092], [-82.397608, 28.024766], [-82.397573, 28.032619], [-82.409925, 28.032632], [-82.409933, 28.031653], [-82.410131, 28.031644], [-82.4114, 28.032039], [-82.411579, 28.032623], [-82.441588, 28.032597], [-82.465957, 28.032923], [-82.468821, 28.033376], [-82.483379, 28.033382], [-82.485323, 28.033788], [-82.488474, 28.035391], [-82.4896, 28.035698], [-82.505814, 28.036564], [-82.50676, 28.036941], [-82.507649, 28.037723], [-82.509582, 28.041064], [-82.512485, 28.043089], [-82.517174, 28.04715], [-82.523337, 28.05197], [-82.52855, 28.055509], [-82.537596, 28.059849], [-82.541912, 28.061374], [-82.541706, 28.062828], [-82.541636, 28.06955], [-82.541916, 28.083218], [-82.539921, 28.084253], [-82.539907, 28.092559], [-82.542877, 28.09781], [-82.542397, 28.099819], [-82.542385, 28.105125], [-82.542762, 28.106309], [-82.545713, 28.111106], [-82.54618, 28.112555], [-82.546223, 28.117443], [-82.54658, 28.121365], [-82.547331, 28.124727], [-82.548608, 28.128723], [-82.548725, 28.131454], [-82.547825, 28.136776], [-82.546325, 28.142664], [-82.541357, 28.149661], [-82.538849, 28.152537], [-82.538215, 28.153783], [-82.537973, 28.156396], [-82.538322, 28.160931], [-82.537672, 28.163133], [-82.536201, 28.165978], [-82.535581, 28.16817], [-82.535488, 28.169802], [-82.536009, 28.172576], [-82.619394, 28.173379], [-82.651165, 28.173266], [-82.650989, 28.154179], [-82.649149, 28.098901], [-82.648909, 28.06349], [-82.648649, 28.062215], [-82.648374, 28.056558], [-82.64882, 27.979497], [-82.648616, 27.966337], [-82.680045, 27.962506], [-82.680034, 27.962238], [-82.700643, 27.959885], [-82.706114, 27.959857], [-82.707527, 27.958698], [-82.707531, 27.959097], [-82.708522, 27.958749], [-82.708658, 27.958692]]]}}, {"type": "Feature", "properties": {"district": "16", "chamber": "congressional", "name": "Florida Congressional District 16"}, "geometry": {"type": "Polygon", "coordinates": [[[-82.935102, 27.595274], [-82.93509, 27.587622], [-82.93473, 27.58065], [-82.93348, 27.56635], [-82.9324, 27.55879], [-82.93132, 27.55325], [-82.92878, 27.54335], [-82.92474, 27.5321], [-82.92081, 27.52338], [-82.918, 27.51795], [-82.90987, 27.50345], [-82.90701, 27.49188], [-82.90427, 27.48473], [-82.89925, 27.47411], [-82.89175, 27.46021], [-82.8859, 27.45108], [-82.87953, 27.44257], [-82.87271, 27.43465], [-82.86628, 27.42808], [-82.86162, 27.42373], [-82.85533, 27.40727], [-82.85311, 27.39887], [-82.85074, 27.391389], [-82.565383, 27.389051], [-82.543666, 27.389044], [-82.533716, 27.388928], [-82.529842, 27.388666], [-82.524179, 27.388664], [-82.51998, 27.389019], [-82.505701, 27.388905], [-82.500201, 27.388415], [-82.46071, 27.388206], [-82.45505, 27.388688], [-82.451451, 27.38866], [-82.447169, 27.388603], [-82.447088, 27.386123], [-82.43624, 27.386353], [-82.397394, 27.386453], [-82.392515, 27.386831], [-82.3137, 27.386215], [-82.252264, 27.386243], [-82.25226, 27.375321], [-82.252555, 27.371249], [-82.253024, 27.2908], [-82.253197, 27.289774], [-82.253596, 27.208916], [-82.136911, 27.208313], [-82.124827, 27.207994], [-82.112918, 27.208189], [-82.056497, 27.207769], [-82.056067, 27.249711], [-82.05653, 27.275369], [-82.056273, 27.275667], [-82.055753, 27.338264], [-82.055492, 27.473365], [-82.054463, 27.5918], [-82.054349, 27.646382], [-82.054712, 27.67588], [-82.054926, 27.776444], [-82.054012, 27.816005], [-82.054036, 27.854647], [-82.055231, 27.865271], [-82.055281, 27.86816], [-82.055288, 27.88459], [-82.054866, 27.907242], [-82.055262, 27.927253], [-82.071753, 27.927119], [-82.074134, 27.927549], [-82.076172, 27.928481], [-82.088075, 27.936618], [-82.089504, 27.937195], [-82.092431, 27.937787], [-82.147705, 27.937452], [-82.249986, 27.937909], [-82.318506, 27.93768], [-82.321668, 27.938483], [-82.339615, 27.945631], [-82.344747, 27.948795], [-82.346071, 27.949318], [-82.348261, 27.949764], [-82.354194, 27.949471], [-82.353617, 27.944593], [-82.353368, 27.93905], [-82.351207, 27.930828], [-82.348395, 27.913437], [-82.347309, 27.910134], [-82.343895, 27.90346], [-82.347686, 27.89656], [-82.348733, 27.893681], [-82.34905, 27.891982], [-82.347427, 27.864373], [-82.384702, 27.864387], [-82.3837, 27.861958], [-82.381396, 27.849721], [-82.381737, 27.84976], [-82.381767, 27.83123], [-82.382015, 27.822503], [-82.3841, 27.81455], [-82.384602, 27.782115], [-82.385239, 27.779686], [-82.39473, 27.76461], [-82.404326, 27.756312], [-82.418959, 27.744205], [-82.426957, 27.738457], [-82.430803, 27.735192], [-82.433109, 27.732738], [-82.433663, 27.731494], [-82.433761, 27.730613], [-82.433862, 27.724266], [-82.431889, 27.724311], [-82.432028, 27.71594], [-82.429695, 27.715913], [-82.42973, 27.715005], [-82.432037, 27.715009], [-82.432059, 27.714124], [-82.430962, 27.714094], [-82.430988, 27.713127], [-82.434109, 27.713157], [-82.434174, 27.708451], [-82.434491, 27.707467], [-82.435557, 27.706158], [-82.436598, 27.705549], [-82.438002, 27.705174], [-82.450593, 27.704063], [-82.452515, 27.70312], [-82.473069, 27.684543], [-82.478036, 27.677215], [-82.48005, 27.674778], [-82.482613, 27.672949], [-82.500883, 27.661555], [-82.510146, 27.653852], [-82.515031, 27.650149], [-82.517328, 27.648947], [-82.522211, 27.647073], [-82.524947, 27.645422], [-82.52569, 27.645398], [-82.549548, 27.645557], [-82.554106, 27.645295], [-82.605761, 27.644427], [-82.606139, 27.643638], [-82.62486, 27.643718], [-82.663121, 27.64471], [-82.671836, 27.644709], [-82.672053, 27.645093], [-82.696535, 27.644969], [-82.696538, 27.639062], [-82.699759, 27.632921], [-82.699845, 27.63199], [-82.700393, 27.630747], [-82.702979, 27.626473], [-82.704601, 27.624522], [-82.705438, 27.623916], [-82.711278, 27.621658], [-82.714895, 27.619539], [-82.728212, 27.614662], [-82.731729, 27.612784], [-82.734407, 27.610506], [-82.735592, 27.610437], [-82.736701, 27.610648], [-82.737778, 27.611321], [-82.73858, 27.613333], [-82.736981, 27.619761], [-82.736845, 27.625201], [-82.739757, 27.630652], [-82.742069, 27.633896], [-82.744049, 27.634619], [-82.745373, 27.635628], [-82.746943, 27.637908], [-82.747044, 27.640752], [-82.746751, 27.647347], [-82.925034, 27.644813], [-82.929496, 27.63026], [-82.93193, 27.62096], [-82.933649, 27.611721], [-82.93491, 27.599453], [-82.935102, 27.595274]]]}}, {"type": "Feature", "properties": {"district": "5", "chamber": "congressional", "name": "Florida Congressional District 5"}, "geometry": {"type": "Polygon", "coordinates": [[[-81.691896, 30.146656], [-81.692116, 30.14474], [-81.691815, 30.142339], [-81.686414, 30.132339], [-81.680215, 30.12124], [-81.680111, 30.120708], [-81.679973, 30.119118], [-81.68061, 30.114337], [-81.68145, 30.108984], [-81.681736, 30.106177], [-81.68178, 30.103031], [-81.681603, 30.099323], [-81.681167, 30.095841], [-81.68061, 30.092738], [-81.680237, 30.089877], [-81.680073, 30.086621], [-81.68056, 30.082654], [-81.681743, 30.078913], [-81.683318, 30.075453], [-81.684893, 30.072279], [-81.686025, 30.070315], [-81.687821, 30.067542], [-81.688213, 30.066602], [-81.688883, 30.064863], [-81.68932, 30.06296], [-81.689585, 30.06088], [-81.689756, 30.058823], [-81.689958, 30.052431], [-81.690298, 30.04732], [-81.690469, 30.04321], [-81.690368, 30.039976], [-81.690001, 30.035553], [-81.689413, 30.031234], [-81.688876, 30.028566], [-81.687807, 30.025529], [-81.686726, 30.022982], [-81.684943, 30.01977], [-81.682807, 30.016694], [-81.680942, 30.014692], [-81.678243, 30.012233], [-81.674583, 30.009581], [-81.671088, 30.007242], [-81.666525, 30.004618], [-81.658229, 30.000244], [-81.633611, 29.986346], [-81.624682, 29.981495], [-81.617702, 29.976605], [-81.616559, 29.975642], [-81.615216, 29.974691], [-81.612048, 29.971998], [-81.610146, 29.970235], [-81.606808, 29.96649], [-81.605575, 29.964686], [-81.604867, 29.963498], [-81.602008, 29.958146], [-81.60099, 29.956017], [-81.600453, 29.954537], [-81.599858, 29.952238], [-81.599263, 29.948327], [-81.598711, 29.942952], [-81.598735, 29.941038], [-81.598861, 29.940053], [-81.599246, 29.938446], [-81.599864, 29.936554], [-81.600382, 29.935404], [-81.601133, 29.933483], [-81.601808, 29.932108], [-81.602786, 29.929819], [-81.604142, 29.927106], [-81.605997, 29.923068], [-81.607738, 29.918628], [-81.608041, 29.91756], [-81.608356, 29.915695], [-81.608393, 29.914006], [-81.608354, 29.911712], [-81.608182, 29.909446], [-81.607606, 29.905655], [-81.607106, 29.903592], [-81.60622, 29.899329], [-81.605518, 29.896491], [-81.603754, 29.891171], [-81.601699, 29.884257], [-81.601617, 29.883833], [-81.599234, 29.876286], [-81.599013, 29.875422], [-81.597561, 29.872286], [-81.59614, 29.869448], [-81.583457, 29.844556], [-81.55878, 29.845054], [-81.541883, 29.844997], [-81.540261, 29.845085], [-81.537687, 29.845458], [-81.536514, 29.845724], [-81.535075, 29.846137], [-81.521838, 29.850889], [-81.520567, 29.851188], [-81.519909, 29.851226], [-81.49207, 29.851196], [-81.481736, 29.852432], [-81.458072, 29.855575], [-81.424523, 29.858297], [-81.39486, 29.861382], [-81.392365, 29.853172], [-81.391377, 29.850589], [-81.3791, 29.82569], [-81.378193, 29.826713], [-81.375707, 29.829831], [-81.370978, 29.835425], [-81.36993, 29.836797], [-81.367612, 29.839588], [-81.367234, 29.83937], [-81.367009, 29.839006], [-81.367014, 29.837812], [-81.366885, 29.837254], [-81.366556, 29.836774], [-81.365999, 29.836473], [-81.365609, 29.836385], [-81.365146, 29.836371], [-81.362827, 29.836432], [-81.361803, 29.836432], [-81.361085, 29.836366], [-81.357025, 29.836407], [-81.356964, 29.832146], [-81.35673, 29.831411], [-81.35625, 29.83076], [-81.35569, 29.830302], [-81.350661, 29.826955], [-81.350089, 29.826348], [-81.349522, 29.825429], [-81.349105, 29.825667], [-81.348997, 29.825932], [-81.34924, 29.826541], [-81.349704, 29.827244], [-81.349738, 29.827423], [-81.349685, 29.827561], [-81.349454, 29.827745], [-81.348987, 29.827977], [-81.348577, 29.827633], [-81.348325, 29.827508], [-81.347915, 29.826982], [-81.347443, 29.825893], [-81.347363, 29.825627], [-81.34737, 29.82486], [-81.347245, 29.824434], [-81.346935, 29.823769], [-81.346635, 29.822391], [-81.346518, 29.822439], [-81.346431, 29.822346], [-81.346265, 29.822297], [-81.345825, 29.822323], [-81.345259, 29.822473], [-81.345167, 29.822426], [-81.345206, 29.822306], [-81.345431, 29.822118], [-81.345387, 29.82208], [-81.345238, 29.822132], [-81.345187, 29.822086], [-81.345209, 29.821925], [-81.345333, 29.821836], [-81.345336, 29.821076], [-81.344902, 29.821226], [-81.344852, 29.821009], [-81.344899, 29.820864], [-81.344817, 29.820816], [-81.344566, 29.820835], [-81.344405, 29.820756], [-81.344232, 29.820787], [-81.343861, 29.820987], [-81.343645, 29.820947], [-81.343499, 29.820721], [-81.343226, 29.820887], [-81.342991, 29.820892], [-81.34283, 29.820698], [-81.34268, 29.82028], [-81.3426, 29.820199], [-81.342539, 29.820221], [-81.342577, 29.820728], [-81.342428, 29.820767], [-81.342168, 29.820613], [-81.34208, 29.820425], [-81.342366, 29.820062], [-81.342397, 29.819729], [-81.342262, 29.8197], [-81.341957, 29.819909], [-81.341569, 29.819686], [-81.341526, 29.819598], [-81.341668, 29.819536], [-81.342181, 29.819521], [-81.342322, 29.819431], [-81.341747, 29.819356], [-81.341431, 29.818873], [-81.341185, 29.818638], [-81.340627, 29.818436], [-81.34066, 29.818136], [-81.340872, 29.817897], [-81.340885, 29.817772], [-81.340287, 29.817493], [-81.339683, 29.817068], [-81.339565, 29.817085], [-81.339348, 29.81743], [-81.338868, 29.817782], [-81.338884, 29.81784], [-81.339224, 29.817884], [-81.339349, 29.818021], [-81.339313, 29.81812], [-81.338699, 29.818081], [-81.33833, 29.818144], [-81.33792, 29.818311], [-81.337577, 29.818267], [-81.337523, 29.818036], [-81.337872, 29.81753], [-81.337926, 29.817235], [-81.337849, 29.81711], [-81.33748, 29.816972], [-81.337282, 29.817007], [-81.337168, 29.817165], [-81.336963, 29.817586], [-81.336936, 29.818045], [-81.336781, 29.818229], [-81.336607, 29.818221], [-81.336505, 29.818089], [-81.336519, 29.817836], [-81.336654, 29.817564], [-81.33663, 29.817331], [-81.336518, 29.817282], [-81.336067, 29.8173], [-81.335884, 29.817446], [-81.3361, 29.817667], [-81.336238, 29.818067], [-81.336236, 29.818176], [-81.336124, 29.818258], [-81.33566, 29.818139], [-81.33516, 29.818123], [-81.334115, 29.818528], [-81.333795, 29.818523], [-81.333527, 29.818448], [-81.333272, 29.818498], [-81.333081, 29.818652], [-81.332949, 29.818958], [-81.332615, 29.819118], [-81.332026, 29.819599], [-81.331815, 29.819586], [-81.33173, 29.819465], [-81.331983, 29.818835], [-81.331953, 29.81876], [-81.331446, 29.818989], [-81.330501, 29.819145], [-81.330437, 29.819193], [-81.330481, 29.819272], [-81.330815, 29.81942], [-81.330937, 29.819542], [-81.330925, 29.819674], [-81.33082, 29.819797], [-81.330687, 29.819852], [-81.330386, 29.819779], [-81.330036, 29.81943], [-81.329567, 29.81944], [-81.329329, 29.819574], [-81.32926, 29.819708], [-81.32929, 29.819876], [-81.329807, 29.81993], [-81.329889, 29.819971], [-81.32992, 29.820099], [-81.329523, 29.820045], [-81.32944, 29.82002], [-81.32941, 29.819937], [-81.329324, 29.819933], [-81.329366, 29.820225], [-81.329125, 29.820416], [-81.328309, 29.820124], [-81.328097, 29.820123], [-81.328039, 29.820207], [-81.328055, 29.820367], [-81.32846, 29.820492], [-81.32875, 29.820724], [-81.328913, 29.820996], [-81.328747, 29.821297], [-81.328462, 29.821585], [-81.327957, 29.821353], [-81.327451, 29.820632], [-81.32716, 29.820422], [-81.326869, 29.820367], [-81.326603, 29.820453], [-81.326298, 29.820827], [-81.326312, 29.820968], [-81.326435, 29.821093], [-81.326933, 29.821391], [-81.327571, 29.821886], [-81.327982, 29.822076], [-81.328667, 29.822215], [-81.328933, 29.822402], [-81.32896, 29.822602], [-81.329062, 29.822597], [-81.329024, 29.82291], [-81.328791, 29.823368], [-81.328674, 29.823437], [-81.328404, 29.823391], [-81.328215, 29.823262], [-81.3279, 29.82331], [-81.326837, 29.823167], [-81.326182, 29.823181], [-81.325634, 29.823121], [-81.325616, 29.82318], [-81.325965, 29.823439], [-81.32588, 29.823523], [-81.32554, 29.82358], [-81.325726, 29.823711], [-81.325786, 29.823823], [-81.325706, 29.823918], [-81.325635, 29.823917], [-81.3257, 29.824047], [-81.325643, 29.823993], [-81.325563, 29.824081], [-81.32542, 29.823949], [-81.325511, 29.823879], [-81.325668, 29.823871], [-81.325752, 29.823785], [-81.325503, 29.823691], [-81.325489, 29.823562], [-81.325872, 29.823477], [-81.325891, 29.823425], [-81.325577, 29.823215], [-81.325519, 29.823112], [-81.324959, 29.823071], [-81.324537, 29.823218], [-81.324439, 29.823537], [-81.324504, 29.823781], [-81.324203, 29.824048], [-81.32388, 29.824129], [-81.323485, 29.82407], [-81.323003, 29.823537], [-81.322957, 29.823667], [-81.323011, 29.823768], [-81.322885, 29.823783], [-81.322898, 29.82372], [-81.322824, 29.823717], [-81.322978, 29.823496], [-81.32294, 29.82342], [-81.322759, 29.823545], [-81.322738, 29.823656], [-81.322639, 29.823472], [-81.322679, 29.823397], [-81.322746, 29.82348], [-81.32292, 29.823382], [-81.32269, 29.822768], [-81.322678, 29.822487], [-81.322772, 29.822095], [-81.322662, 29.821826], [-81.322705, 29.821591], [-81.323032, 29.821822], [-81.323123, 29.821991], [-81.323176, 29.821915], [-81.323111, 29.821635], [-81.322773, 29.821491], [-81.32263, 29.821656], [-81.322265, 29.823998], [-81.322145, 29.825855], [-81.322573, 29.843109], [-81.322055, 29.843085], [-81.321873, 29.843019], [-81.321671, 29.843094], [-81.320933, 29.843161], [-81.320097, 29.84096], [-81.319021, 29.841272], [-81.319783, 29.843287], [-81.319836, 29.844253], [-81.317919, 29.844319], [-81.317939, 29.844574], [-81.318078, 29.844829], [-81.317109, 29.844856], [-81.317101, 29.844353], [-81.316286, 29.84437], [-81.316299, 29.844873], [-81.312444, 29.844959], [-81.312372, 29.844505], [-81.31188, 29.844619], [-81.311081, 29.844409], [-81.310718, 29.844506], [-81.310811, 29.845149], [-81.310341, 29.845204], [-81.3102, 29.845288], [-81.309665, 29.844964], [-81.309165, 29.844567], [-81.30792, 29.844615], [-81.302926, 29.844534], [-81.30255, 29.843147], [-81.302197, 29.84226], [-81.301962, 29.840694], [-81.301886, 29.839782], [-81.301827, 29.838523], [-81.301953, 29.837199], [-81.302417, 29.834881], [-81.302617, 29.833509], [-81.302624, 29.832823], [-81.302465, 29.831806], [-81.302112, 29.831023], [-81.299728, 29.830831], [-81.296007, 29.830731], [-81.2952, 29.830481], [-81.29468, 29.830205], [-81.294219, 29.830156], [-81.293844, 29.83033], [-81.293555, 29.830681], [-81.293613, 29.831356], [-81.293786, 29.831882], [-81.293815, 29.832207], [-81.293641, 29.832333], [-81.291507, 29.832106], [-81.290988, 29.832157], [-81.290872, 29.832333], [-81.291131, 29.832957], [-81.29145, 29.833233], [-81.291593, 29.833683], [-81.291564, 29.833983], [-81.291074, 29.834183], [-81.290238, 29.834134], [-81.287995, 29.833665], [-81.287774, 29.83341], [-81.2877, 29.833031], [-81.287726, 29.832923], [-81.287806, 29.832872], [-81.28761, 29.832717], [-81.287578, 29.832601], [-81.28763, 29.832549], [-81.287487, 29.832502], [-81.287235, 29.832168], [-81.287288, 29.83202], [-81.287128, 29.832077], [-81.286681, 29.831872], [-81.286519, 29.831722], [-81.286481, 29.831877], [-81.285867, 29.832505], [-81.285931, 29.83262], [-81.285861, 29.832816], [-81.286042, 29.833266], [-81.286029, 29.833486], [-81.285966, 29.833586], [-81.286078, 29.833713], [-81.286045, 29.83406], [-81.286147, 29.834291], [-81.285922, 29.835932], [-81.285969, 29.836478], [-81.285611, 29.836903], [-81.285292, 29.836969], [-81.284812, 29.836969], [-81.28469, 29.837042], [-81.284774, 29.837279], [-81.284754, 29.837417], [-81.284633, 29.837474], [-81.284613, 29.837425], [-81.284112, 29.837553], [-81.283838, 29.837533], [-81.283239, 29.837784], [-81.282907, 29.837771], [-81.282806, 29.837884], [-81.282792, 29.838359], [-81.282879, 29.83851], [-81.283275, 29.838728], [-81.283311, 29.838828], [-81.28106, 29.840954], [-81.276556, 29.840983], [-81.275097, 29.83628], [-81.274487, 29.833731], [-81.273652, 29.831381], [-81.272241, 29.826833], [-81.273004, 29.826819], [-81.272918, 29.826493], [-81.272142, 29.826502], [-81.271275, 29.823704], [-81.272217, 29.823697], [-81.272268, 29.823862], [-81.273096, 29.823853], [-81.273161, 29.824649], [-81.275633, 29.824628], [-81.275628, 29.824195], [-81.275676, 29.824106], [-81.276372, 29.823902], [-81.276337, 29.823655], [-81.276584, 29.823651], [-81.275815, 29.821009], [-81.271018, 29.821059], [-81.27118, 29.821591], [-81.270628, 29.821596], [-81.269973, 29.819448], [-81.262159, 29.819519], [-81.262387, 29.821377], [-81.262402, 29.822055], [-81.258263, 29.82266], [-81.258263, 29.822577], [-81.249024, 29.826038], [-81.206196, 29.838481], [-81.206276, 29.847986], [-81.206514, 29.855567], [-81.207629, 29.86301], [-81.208155, 29.868026], [-81.209031, 29.874181], [-81.209268, 29.875247], [-81.211905, 29.883811], [-81.214927, 29.890963], [-81.218031, 29.901219], [-81.220866, 29.911947], [-81.223853, 29.92156], [-81.226839, 29.929117], [-81.232572, 29.937381], [-81.235168, 29.942272], [-81.237031, 29.947906], [-81.239091, 29.955597], [-81.242155, 29.962445], [-81.249793, 29.982885], [-81.255134, 30.000245], [-81.285314, 30.125244], [-81.300479, 30.18062], [-81.315985, 30.236116], [-81.318625, 30.246181], [-81.320185, 30.25292], [-81.317928, 30.252939], [-81.325875, 30.279242], [-81.330627, 30.299481], [-81.333598, 30.318079], [-81.33538, 30.337771], [-81.335381, 30.361292], [-81.333599, 30.362386], [-81.32944, 30.366762], [-81.325282, 30.372232], [-81.321563, 30.378574], [-81.318751, 30.388876], [-81.317929, 30.392793], [-81.317461, 30.394077], [-81.31726, 30.396112], [-81.374807, 30.396105], [-81.388705, 30.39695], [-81.399959, 30.3993], [-81.409173, 30.402302], [-81.423555, 30.403001], [-81.439009, 30.38654], [-81.450309, 30.38094], [-81.45931, 30.38394], [-81.47081, 30.392039], [-81.490911, 30.392139], [-81.505211, 30.390739], [-81.512612, 30.392739], [-81.536613, 30.388739], [-81.538213, 30.387239], [-81.538349, 30.385718], [-81.542106, 30.385648], [-81.551727, 30.385249], [-81.555928, 30.385396], [-81.556848, 30.385053], [-81.553606, 30.377337], [-81.552094, 30.373236], [-81.551718, 30.371499], [-81.551579, 30.370425], [-81.551539, 30.369282], [-81.551576, 30.368307], [-81.551741, 30.366937], [-81.552016, 30.365715], [-81.553187, 30.361891], [-81.558328, 30.366393], [-81.559034, 30.36675], [-81.55962, 30.366854], [-81.597108, 30.366291], [-81.606845, 30.363942], [-81.604822, 30.358087], [-81.603025, 30.353613], [-81.602728, 30.352718], [-81.602629, 30.352029], [-81.602615, 30.350982], [-81.602759, 30.34798], [-81.602706, 30.345023], [-81.604009, 30.345001], [-81.603976, 30.342997], [-81.602645, 30.343001], [-81.602548, 30.338642], [-81.602583, 30.336757], [-81.603114, 30.336752], [-81.605137, 30.336378], [-81.605999, 30.336389], [-81.606053, 30.335116], [-81.605991, 30.333879], [-81.610601, 30.333851], [-81.610587, 30.332764], [-81.610578, 30.332371], [-81.609643, 30.332384], [-81.609604, 30.33176], [-81.6091, 30.330757], [-81.609025, 30.330463], [-81.609008, 30.328818], [-81.605863, 30.328842], [-81.606057, 30.328512], [-81.608006, 30.327351], [-81.618368, 30.327292], [-81.620727, 30.321083], [-81.621741, 30.318704], [-81.626924, 30.314924], [-81.629816, 30.314139], [-81.642116, 30.318339], [-81.647617, 30.320039], [-81.651295, 30.320407], [-81.655902, 30.321806], [-81.658248, 30.32226], [-81.659702, 30.322369], [-81.660593, 30.322224], [-81.661775, 30.321897], [-81.663608, 30.32098], [-81.664093, 30.32068], [-81.667468, 30.314407], [-81.667604, 30.314212], [-81.667906, 30.313953], [-81.667744, 30.310697], [-81.668217, 30.294439], [-81.673917, 30.290439], [-81.676617, 30.288739], [-81.684118, 30.283239], [-81.680317, 30.273139], [-81.669617, 30.261639], [-81.665316, 30.25764], [-81.658116, 30.25014], [-81.653016, 30.24394], [-81.651841, 30.241813], [-81.649133, 30.228162], [-81.650715, 30.22354], [-81.679573, 30.190838], [-81.681716, 30.18144], [-81.690516, 30.17194], [-81.690216, 30.16134], [-81.691764, 30.147802], [-81.691896, 30.146656]]]}}, {"type": "Feature", "properties": {"district": "12", "chamber": "congressional", "name": "Florida Congressional District 12"}, "geometry": {"type": "Polygon", "coordinates": [[[-83.187906, 28.986573], [-83.1755, 28.97806], [-83.16027, 28.96888], [-83.15075, 28.964], [-83.14303, 28.96055], [-83.13532, 28.95752], [-83.12217, 28.95325], [-83.11028, 28.95025], [-83.0996, 28.94825], [-83.08218, 28.94619], [-83.07002, 28.94547], [-83.05866, 28.94548], [-83.05148, 28.94583], [-83.04389, 28.9453], [-83.03237, 28.94502], [-83.01777, 28.94564], [-83.00158, 28.9473], [-82.99265, 28.94869], [-82.98481, 28.95027], [-82.97255, 28.95345], [-82.9587, 28.95813], [-82.94557, 28.96375], [-82.94644, 28.95708], [-82.947, 28.94983], [-82.94715, 28.94311], [-82.94688, 28.93477], [-82.94611, 28.92681], [-82.94508, 28.91996], [-82.94427, 28.91584], [-82.94177, 28.90683], [-82.93882, 28.89773], [-82.9369, 28.89274], [-82.93171, 28.88145], [-82.92887, 28.87621], [-82.92429, 28.86869], [-82.92001, 28.86248], [-82.91981, 28.86172], [-82.9158, 28.8565], [-82.91988, 28.846], [-82.92312, 28.83573], [-82.92535, 28.82616], [-82.92625, 28.82096], [-82.92743, 28.8107], [-82.92778, 28.804], [-82.92778, 28.79747], [-82.92717, 28.7877], [-82.92539, 28.77548], [-82.9235, 28.76713], [-82.9205, 28.75715], [-82.91699, 28.74806], [-82.91536, 28.74434], [-82.90871, 28.7313], [-82.90475, 28.72278], [-82.89991, 28.714], [-82.89623, 28.70815], [-82.89042, 28.7], [-82.88887, 28.68922], [-82.88738, 28.68229], [-82.88427, 28.6714], [-82.88117, 28.66299], [-82.87997, 28.65399], [-82.87756, 28.64182], [-82.87567, 28.63493], [-82.87341, 28.62813], [-82.87086, 28.6216], [-82.86791, 28.61503], [-82.86496, 28.60924], [-82.86222, 28.60436], [-82.85763, 28.59708], [-82.85248, 28.58989], [-82.84896, 28.58543], [-82.84282, 28.57841], [-82.83914, 28.57458], [-82.84522, 28.56311], [-82.84955, 28.55294], [-82.85319, 28.542], [-82.8551, 28.53452], [-82.85645, 28.52774], [-82.85692, 28.52487], [-82.85813, 28.5101], [-82.85818, 28.49903], [-82.85757, 28.49038], [-82.85663, 28.48361], [-82.85543, 28.47721], [-82.86044, 28.4689], [-82.86405, 28.46148], [-82.86584, 28.45765], [-82.87094, 28.44526], [-82.87343, 28.43703], [-82.87494, 28.430786], [-82.87662, 28.42152], [-82.87761, 28.41268], [-82.88175, 28.40101], [-82.88476, 28.39064], [-82.88963, 28.38024], [-82.89228, 28.37337], [-82.89493, 28.36517], [-82.89664, 28.35864], [-82.89736, 28.35701], [-82.90489, 28.35499], [-82.91279, 28.3525], [-82.91281, 28.35191], [-82.92096, 28.34878], [-82.93092, 28.3445], [-82.93773, 28.34115], [-82.94676, 28.33612], [-82.95378, 28.3317], [-82.95926, 28.3279], [-82.96895, 28.32034], [-82.97418, 28.31574], [-82.98381, 28.30609], [-82.98821, 28.30107], [-82.99258, 28.29559], [-82.99971, 28.28541], [-83.00282, 28.28029], [-83.0074, 28.27175], [-83.0124, 28.26041], [-83.01529, 28.25226], [-83.01698, 28.24645], [-83.01942, 28.23637], [-83.02163, 28.2211], [-83.02224, 28.21482], [-83.02236, 28.20559], [-83.02205, 28.19891], [-83.02141, 28.19224], [-83.01875, 28.17098], [-82.875024, 28.172266], [-82.874999, 28.171997], [-82.852306, 28.172257], [-82.847134, 28.171687], [-82.833312, 28.171884], [-82.833319, 28.172519], [-82.815124, 28.173023], [-82.798038, 28.173124], [-82.786039, 28.172936], [-82.78549, 28.172567], [-82.783716, 28.172863], [-82.750487, 28.173007], [-82.750202, 28.172755], [-82.749711, 28.173191], [-82.735493, 28.173352], [-82.718868, 28.173157], [-82.619394, 28.173379], [-82.536009, 28.172576], [-82.538856, 28.182121], [-82.540279, 28.184553], [-82.54404, 28.189336], [-82.535164, 28.193069], [-82.531971, 28.193804], [-82.513335, 28.194984], [-82.504253, 28.193137], [-82.501039, 28.193003], [-82.497676, 28.194038], [-82.492772, 28.197176], [-82.490343, 28.197896], [-82.487999, 28.197527], [-82.482341, 28.194016], [-82.480308, 28.193143], [-82.477808, 28.192894], [-82.473317, 28.193569], [-82.470322, 28.193357], [-82.466731, 28.191865], [-82.461281, 28.190549], [-82.450748, 28.185872], [-82.404769, 28.185801], [-82.402903, 28.186404], [-82.401695, 28.187078], [-82.397025, 28.190584], [-82.398574, 28.19279], [-82.399196, 28.194577], [-82.399314, 28.196311], [-82.398849, 28.200237], [-82.398177, 28.201695], [-82.393065, 28.210201], [-82.38901, 28.216441], [-82.385032, 28.221105], [-82.374108, 28.229263], [-82.368691, 28.236173], [-82.367212, 28.237569], [-82.365546, 28.238254], [-82.364002, 28.23838], [-82.360051, 28.237945], [-82.350194, 28.236309], [-82.336014, 28.240098], [-82.329791, 28.240449], [-82.320358, 28.240531], [-82.320129, 28.25714], [-82.318389, 28.256983], [-82.311875, 28.255239], [-82.299678, 28.255194], [-82.298502, 28.25478], [-82.297223, 28.256109], [-82.287098, 28.267104], [-82.281208, 28.273936], [-82.280521, 28.275147], [-82.278849, 28.280685], [-82.278661, 28.282017], [-82.278593, 28.311497], [-82.278251, 28.312166], [-82.277393, 28.31271], [-82.274318, 28.312785], [-82.2743, 28.324596], [-82.259318, 28.324623], [-82.25868, 28.32497], [-82.258225, 28.325598], [-82.254148, 28.325524], [-82.253671, 28.324636], [-82.241606, 28.324761], [-82.241338, 28.325152], [-82.241276, 28.328485], [-82.237169, 28.328506], [-82.237159, 28.332083], [-82.225817, 28.332086], [-82.224729, 28.331843], [-82.224722, 28.333952], [-82.215726, 28.333985], [-82.215734, 28.33266], [-82.215955, 28.332539], [-82.215963, 28.328424], [-82.191899, 28.328444], [-82.191897, 28.327337], [-82.193188, 28.327338], [-82.193172, 28.326564], [-82.189924, 28.326565], [-82.189922, 28.326774], [-82.189534, 28.326774], [-82.189511, 28.326561], [-82.187658, 28.326557], [-82.187674, 28.324447], [-82.187458, 28.324258], [-82.187497, 28.324804], [-82.183552, 28.324794], [-82.183544, 28.328424], [-82.163468, 28.328377], [-82.162995, 28.328124], [-82.161216, 28.32492], [-82.16162, 28.324887], [-82.161642, 28.323535], [-82.165021, 28.323381], [-82.165019, 28.321109], [-82.163004, 28.321077], [-82.162978, 28.317492], [-82.157118, 28.317489], [-82.155853, 28.315975], [-82.151185, 28.312508], [-82.150008, 28.311286], [-82.1491, 28.309797], [-82.148614, 28.308352], [-82.147072, 28.299082], [-82.075588, 28.259196], [-82.055531, 28.258928], [-82.055501, 28.295038], [-82.055847, 28.300492], [-82.055819, 28.312794], [-82.054469, 28.521367], [-82.05683, 28.524012], [-82.058382, 28.525388], [-82.061671, 28.527215], [-82.062157, 28.527814], [-82.065178, 28.530015], [-82.067783, 28.531435], [-82.070343, 28.531919], [-82.072785, 28.531379], [-82.076149, 28.529811], [-82.078548, 28.529183], [-82.080565, 28.528081], [-82.083463, 28.528214], [-82.085001, 28.527752], [-82.085824, 28.527053], [-82.086303, 28.525204], [-82.0871, 28.524511], [-82.091921, 28.52325], [-82.094463, 28.523508], [-82.095447, 28.523838], [-82.097142, 28.525356], [-82.098464, 28.528888], [-82.099212, 28.529889], [-82.100658, 28.53122], [-82.103244, 28.532952], [-82.104665, 28.53469], [-82.106948, 28.540455], [-82.109186, 28.543662], [-82.110376, 28.544168], [-82.111236, 28.543876], [-82.11219, 28.544063], [-82.112526, 28.543595], [-82.113766, 28.54327], [-82.114145, 28.542846], [-82.115061, 28.542543], [-82.116593, 28.540788], [-82.118661, 28.540611], [-82.124058, 28.542979], [-82.126296, 28.544588], [-82.128639, 28.544941], [-82.129797, 28.54629], [-82.130769, 28.546417], [-82.131969, 28.549916], [-82.131987, 28.551319], [-82.133053, 28.552167], [-82.133575, 28.553796], [-82.135331, 28.556311], [-82.135056, 28.557829], [-82.135772, 28.558869], [-82.135479, 28.560239], [-82.135634, 28.560751], [-82.136419, 28.562181], [-82.137665, 28.562936], [-82.138163, 28.563535], [-82.138169, 28.564047], [-82.137446, 28.564729], [-82.137633, 28.565252], [-82.138025, 28.565516], [-82.140343, 28.565841], [-82.143914, 28.565991], [-82.144288, 28.56625], [-82.145135, 28.567791], [-82.146045, 28.568231], [-82.146194, 28.568919], [-82.147116, 28.569079], [-82.149085, 28.570256], [-82.149521, 28.570983], [-82.150568, 28.57122], [-82.15174, 28.570554], [-82.153067, 28.571886], [-82.15374, 28.572057], [-82.154208, 28.571826], [-82.156164, 28.57335], [-82.157168, 28.572332], [-82.157835, 28.57214], [-82.158134, 28.571804], [-82.158109, 28.571238], [-82.157486, 28.570148], [-82.157736, 28.56967], [-82.158471, 28.569318], [-82.159724, 28.569483], [-82.160895, 28.569021], [-82.161319, 28.568499], [-82.162379, 28.568696], [-82.162547, 28.568416], [-82.162391, 28.567965], [-82.163033, 28.567118], [-82.163108, 28.566568], [-82.163489, 28.566436], [-82.1639, 28.56582], [-82.16433, 28.565996], [-82.164299, 28.565104], [-82.165016, 28.564934], [-82.165246, 28.563944], [-82.166007, 28.56412], [-82.166268, 28.563663], [-82.166835, 28.563981], [-82.16653, 28.56434], [-82.167633, 28.565082], [-82.167683, 28.566145], [-82.168287, 28.56703], [-82.168742, 28.566716], [-82.169103, 28.566903], [-82.169602, 28.566496], [-82.169901, 28.566711], [-82.17015, 28.56621], [-82.170512, 28.566067], [-82.17083, 28.566403], [-82.171384, 28.56643], [-82.17212, 28.565787], [-82.172381, 28.56625], [-82.172942, 28.566068], [-82.173142, 28.566217], [-82.173039, 28.567089], [-82.17415, 28.567063], [-82.174284, 28.566784], [-82.174573, 28.566794], [-82.175064, 28.567228], [-82.175978, 28.567399], [-82.176417, 28.567833], [-82.176903, 28.567517], [-82.177516, 28.568016], [-82.177329, 28.568412], [-82.178401, 28.56833], [-82.178956, 28.568814], [-82.179411, 28.568578], [-82.179579, 28.568869], [-82.179872, 28.568704], [-82.180595, 28.568919], [-82.181474, 28.568015], [-82.181679, 28.568274], [-82.182533, 28.568037], [-82.183169, 28.568197], [-82.183119, 28.568703], [-82.183331, 28.568902], [-82.183755, 28.568758], [-82.184328, 28.569441], [-82.184347, 28.569837], [-82.184845, 28.570267], [-82.185687, 28.570025], [-82.18573, 28.569298], [-82.186216, 28.568968], [-82.186198, 28.568604], [-82.186603, 28.568582], [-82.188048, 28.569463], [-82.188005, 28.569804], [-82.187257, 28.57004], [-82.187394, 28.570403], [-82.187027, 28.572697], [-82.187637, 28.572708], [-82.187749, 28.573137], [-82.18831, 28.572972], [-82.188329, 28.573264], [-82.189058, 28.573232], [-82.189381, 28.573656], [-82.18985, 28.573501], [-82.19008, 28.572962], [-82.190342, 28.572885], [-82.191651, 28.574321], [-82.19167, 28.574932], [-82.192872, 28.573803], [-82.193826, 28.574287], [-82.193739, 28.57498], [-82.194194, 28.574843], [-82.194487, 28.575306], [-82.195085, 28.575514], [-82.196039, 28.575558], [-82.196275, 28.575266], [-82.196612, 28.575684], [-82.197098, 28.575508], [-82.197815, 28.574578], [-82.198432, 28.574188], [-82.198893, 28.573022], [-82.199784, 28.573115], [-82.200219, 28.572668], [-82.20195, 28.572226], [-82.20521, 28.572259], [-82.20698, 28.571906], [-82.208184, 28.572054], [-82.211951, 28.574055], [-82.213724, 28.575363], [-82.215298, 28.576908], [-82.21795, 28.581348], [-82.219284, 28.582654], [-82.220568, 28.586099], [-82.220313, 28.586885], [-82.221086, 28.588801], [-82.221275, 28.590124], [-82.222302, 28.591778], [-82.222281, 28.592401], [-82.22165, 28.593239], [-82.221774, 28.593633], [-82.224057, 28.595446], [-82.224929, 28.596945], [-82.227559, 28.598432], [-82.226942, 28.59878], [-82.226957, 28.59909], [-82.228105, 28.599167], [-82.228173, 28.599523], [-82.227758, 28.599939], [-82.228258, 28.600524], [-82.228651, 28.60074], [-82.229276, 28.600658], [-82.230054, 28.600091], [-82.230619, 28.600538], [-82.232236, 28.600497], [-82.232381, 28.600208], [-82.233009, 28.600506], [-82.233426, 28.601367], [-82.23274, 28.602221], [-82.232786, 28.602849], [-82.233411, 28.603744], [-82.233797, 28.603915], [-82.234628, 28.605847], [-82.234618, 28.606574], [-82.234049, 28.60721], [-82.234203, 28.608662], [-82.2349, 28.609378], [-82.236261, 28.609968], [-82.2379, 28.612278], [-82.238815, 28.612903], [-82.239988, 28.613459], [-82.2406, 28.613337], [-82.241134, 28.612893], [-82.241931, 28.612998], [-82.242237, 28.613318], [-82.241564, 28.614602], [-82.242025, 28.61525], [-82.243322, 28.615989], [-82.243406, 28.616382], [-82.242793, 28.616963], [-82.242472, 28.617787], [-82.242685, 28.618964], [-82.244045, 28.619612], [-82.245326, 28.619535], [-82.246125, 28.619855], [-82.247356, 28.622528], [-82.2472, 28.623784], [-82.246689, 28.623767], [-82.245803, 28.624695], [-82.245806, 28.625291], [-82.246271, 28.62569], [-82.245948, 28.62677], [-82.247058, 28.627182], [-82.247397, 28.628409], [-82.248194, 28.628973], [-82.248124, 28.629502], [-82.248409, 28.629869], [-82.249459, 28.630185], [-82.250455, 28.630099], [-82.251933, 28.629096], [-82.25324, 28.62962], [-82.253697, 28.630652], [-82.255451, 28.632695], [-82.257011, 28.633349], [-82.258375, 28.633478], [-82.260155, 28.635044], [-82.260795, 28.637287], [-82.260383, 28.638299], [-82.259852, 28.638707], [-82.259682, 28.639169], [-82.259886, 28.641787], [-82.259446, 28.642897], [-82.256884, 28.645225], [-82.25684, 28.648868], [-82.258459, 28.648676], [-82.258388, 28.647912], [-82.25871, 28.647368], [-82.260858, 28.64698], [-82.261718, 28.647163], [-82.262434, 28.647722], [-82.264794, 28.648209], [-82.267301, 28.648218], [-82.269198, 28.649168], [-82.2705, 28.650163], [-82.274096, 28.654602], [-82.274873, 28.656699], [-82.274713, 28.658495], [-82.274325, 28.660251], [-82.274006, 28.660683], [-82.272011, 28.661421], [-82.270667, 28.661212], [-82.269019, 28.660138], [-82.267688, 28.660107], [-82.26682, 28.660519], [-82.266537, 28.660849], [-82.26705, 28.661561], [-82.267638, 28.661867], [-82.267771, 28.662809], [-82.261774, 28.668986], [-82.260454, 28.672195], [-82.260041, 28.674251], [-82.26015, 28.67543], [-82.259531, 28.679258], [-82.260183, 28.681938], [-82.25997, 28.682723], [-82.257058, 28.687218], [-82.25592, 28.687944], [-82.253737, 28.689944], [-82.253467, 28.692575], [-82.25076, 28.696439], [-82.2505, 28.697152], [-82.250524, 28.698203], [-82.250103, 28.698888], [-82.249981, 28.699684], [-82.248603, 28.701494], [-82.248443, 28.702382], [-82.249115, 28.703651], [-82.250955, 28.704867], [-82.251174, 28.705408], [-82.250859, 28.705972], [-82.249417, 28.706645], [-82.248926, 28.707403], [-82.249159, 28.707829], [-82.249767, 28.708092], [-82.250205, 28.709125], [-82.250912, 28.709439], [-82.25114, 28.710931], [-82.250214, 28.711935], [-82.249338, 28.713492], [-82.249092, 28.714581], [-82.249076, 28.717772], [-82.246268, 28.718894], [-82.243639, 28.721698], [-82.242777, 28.723106], [-82.241988, 28.723754], [-82.239321, 28.724572], [-82.238448, 28.725112], [-82.236497, 28.728145], [-82.236009, 28.728336], [-82.235589, 28.72889], [-82.234268, 28.729287], [-82.232681, 28.730711], [-82.232431, 28.733312], [-82.231357, 28.736076], [-82.229647, 28.737375], [-82.227874, 28.737929], [-82.226512, 28.738947], [-82.224409, 28.741059], [-82.222169, 28.741941], [-82.218591, 28.744022], [-82.217759, 28.74482], [-82.217849, 28.745441], [-82.217352, 28.747751], [-82.216879, 28.74812], [-82.215169, 28.74819], [-82.214168, 28.747378], [-82.21322, 28.747674], [-82.212636, 28.748395], [-82.212039, 28.751719], [-82.210885, 28.753808], [-82.208475, 28.755243], [-82.207754, 28.756618], [-82.206173, 28.757159], [-82.204694, 28.756671], [-82.203851, 28.756639], [-82.203127, 28.756954], [-82.20278, 28.75744], [-82.201662, 28.757759], [-82.200629, 28.757342], [-82.199022, 28.757308], [-82.198049, 28.757764], [-82.196357, 28.75941], [-82.195065, 28.760161], [-82.192209, 28.759406], [-82.189439, 28.758969], [-82.188714, 28.759067], [-82.18628, 28.760468], [-82.184809, 28.761771], [-82.183229, 28.763849], [-82.183062, 28.765778], [-82.182198, 28.767676], [-82.182241, 28.768879], [-82.18312, 28.76976], [-82.183951, 28.770058], [-82.185628, 28.770056], [-82.186633, 28.770388], [-82.188241, 28.771662], [-82.188454, 28.77315], [-82.188315, 28.776783], [-82.187929, 28.777757], [-82.186042, 28.781052], [-82.184453, 28.783114], [-82.180769, 28.784715], [-82.179708, 28.784881], [-82.178509, 28.78587], [-82.178001, 28.787321], [-82.177306, 28.787706], [-82.175977, 28.787446], [-82.175378, 28.78803], [-82.173557, 28.788657], [-82.171181, 28.789967], [-82.169468, 28.791559], [-82.169141, 28.792954], [-82.16951, 28.796147], [-82.169779, 28.796715], [-82.176792, 28.801727], [-82.178909, 28.802739], [-82.179307, 28.803316], [-82.179215, 28.804979], [-82.179476, 28.806355], [-82.181206, 28.809173], [-82.181465, 28.813221], [-82.18172, 28.814282], [-82.182442, 28.815346], [-82.182763, 28.816997], [-82.182459, 28.8197], [-82.182602, 28.821785], [-82.183637, 28.823626], [-82.186325, 28.826089], [-82.191213, 28.826834], [-82.196074, 28.830212], [-82.198958, 28.830795], [-82.203436, 28.833919], [-82.204977, 28.834748], [-82.205469, 28.835132], [-82.205873, 28.835902], [-82.206568, 28.837822], [-82.206701, 28.840029], [-82.206934, 28.840547], [-82.207853, 28.841274], [-82.209352, 28.841755], [-82.210836, 28.841889], [-82.212231, 28.842733], [-82.217964, 28.849558], [-82.219217, 28.850764], [-82.221545, 28.851915], [-82.222965, 28.853049], [-82.22618, 28.854433], [-82.227163, 28.855095], [-82.228812, 28.855311], [-82.231952, 28.856582], [-82.233157, 28.858231], [-82.236224, 28.860583], [-82.23674, 28.861282], [-82.236771, 28.861871], [-82.2362, 28.862949], [-82.236157, 28.863595], [-82.236958, 28.86516], [-82.237613, 28.865682], [-82.240142, 28.866785], [-82.240328, 28.867666], [-82.239345, 28.869484], [-82.239236, 28.870266], [-82.239694, 28.871159], [-82.241443, 28.873305], [-82.241838, 28.874197], [-82.242235, 28.876425], [-82.242529, 28.876813], [-82.243153, 28.87708], [-82.244419, 28.877112], [-82.246245, 28.879408], [-82.251032, 28.881151], [-82.253273, 28.883178], [-82.254145, 28.883447], [-82.258081, 28.886352], [-82.25898, 28.886638], [-82.260408, 28.887732], [-82.261303, 28.888817], [-82.2621, 28.889272], [-82.265659, 28.890341], [-82.267645, 28.892028], [-82.268786, 28.893998], [-82.269509, 28.894433], [-82.270066, 28.895218], [-82.273585, 28.897216], [-82.274265, 28.899311], [-82.276248, 28.901668], [-82.275767, 28.902475], [-82.274731, 28.903352], [-82.27531, 28.904194], [-82.276171, 28.904738], [-82.276777, 28.90875], [-82.277317, 28.910553], [-82.277853, 28.91119], [-82.280428, 28.912636], [-82.282184, 28.914693], [-82.282347, 28.915266], [-82.281894, 28.917037], [-82.28193, 28.917827], [-82.284132, 28.921295], [-82.284398, 28.923176], [-82.286843, 28.925582], [-82.288341, 28.928067], [-82.288595, 28.928786], [-82.28863, 28.931687], [-82.289992, 28.935593], [-82.290642, 28.93633], [-82.292246, 28.937239], [-82.293927, 28.937365], [-82.294798, 28.937917], [-82.295679, 28.93804], [-82.295944, 28.938397], [-82.294848, 28.941569], [-82.294862, 28.942692], [-82.295611, 28.943688], [-82.295358, 28.944713], [-82.296438, 28.946114], [-82.296708, 28.947529], [-82.297658, 28.949002], [-82.302387, 28.952263], [-82.304215, 28.952284], [-82.305106, 28.952537], [-82.306835, 28.954473], [-82.308481, 28.955289], [-82.308838, 28.956527], [-82.309791, 28.957614], [-82.311268, 28.958428], [-82.311697, 28.960391], [-82.311266, 28.960399], [-82.311431, 28.961654], [-82.310743, 28.962193], [-82.310511, 28.96161], [-82.310255, 28.961687], [-82.310111, 28.962182], [-82.310389, 28.962291], [-82.310623, 28.963422], [-82.309924, 28.964196], [-82.311283, 28.964562], [-82.311961, 28.965088], [-82.311778, 28.966212], [-82.311987, 28.966441], [-82.311909, 28.966831], [-82.31256, 28.967563], [-82.312821, 28.96935], [-82.31329, 28.969831], [-82.315061, 28.970403], [-82.315373, 28.970816], [-82.315531, 28.971779], [-82.31527, 28.972762], [-82.315922, 28.973542], [-82.317589, 28.973931], [-82.319023, 28.974709], [-82.319491, 28.974709], [-82.31983, 28.974388], [-82.319596, 28.97345], [-82.319804, 28.973312], [-82.321002, 28.973748], [-82.321133, 28.97409], [-82.320482, 28.974662], [-82.320508, 28.974983], [-82.321185, 28.975648], [-82.322747, 28.975374], [-82.323086, 28.975854], [-82.322357, 28.976106], [-82.322435, 28.976244], [-82.323764, 28.976954], [-82.32564, 28.977526], [-82.327178, 28.978992], [-82.329392, 28.979015], [-82.329809, 28.980044], [-82.330408, 28.980478], [-82.331346, 28.980685], [-82.331947, 28.982311], [-82.332234, 28.982494], [-82.333327, 28.982402], [-82.333796, 28.981852], [-82.3351, 28.983249], [-82.337002, 28.983775], [-82.337315, 28.984004], [-82.337681, 28.985219], [-82.340209, 28.986592], [-82.340653, 28.98744], [-82.341251, 28.987943], [-82.343154, 28.987369], [-82.345512, 28.987202], [-82.346926, 28.987977], [-82.348672, 28.988262], [-82.347771, 28.989363], [-82.348272, 28.988868], [-82.348497, 28.988983], [-82.348403, 28.988725], [-82.348785, 28.988444], [-82.349429, 28.988848], [-82.349612, 28.988672], [-82.352394, 28.991242], [-82.355959, 28.991541], [-82.356721, 28.991995], [-82.357829, 28.99325], [-82.361391, 28.993509], [-82.36218, 28.99451], [-82.362144, 28.995828], [-82.36318, 28.996465], [-82.363276, 28.996766], [-82.363138, 28.997072], [-82.362025, 28.997445], [-82.361831, 28.998315], [-82.363382, 28.999367], [-82.364407, 29.00126], [-82.363918, 29.001917], [-82.364839, 29.002395], [-82.366411, 29.002616], [-82.367309, 29.001609], [-82.367539, 29.001556], [-82.367607, 29.001876], [-82.367963, 29.001935], [-82.368457, 29.001239], [-82.368998, 29.001028], [-82.369431, 29.001297], [-82.369613, 29.001795], [-82.370469, 29.001753], [-82.374056, 29.002362], [-82.377347, 29.000639], [-82.37786, 29.001065], [-82.378786, 29.002728], [-82.378562, 29.003468], [-82.377994, 29.004033], [-82.378075, 29.004793], [-82.379286, 29.005485], [-82.381837, 29.006265], [-82.385158, 29.007696], [-82.385858, 29.008078], [-82.386871, 29.009262], [-82.387703, 29.009083], [-82.389583, 29.008059], [-82.390432, 29.007938], [-82.390781, 29.008326], [-82.390316, 29.009617], [-82.390635, 29.009914], [-82.390996, 29.009847], [-82.391955, 29.008372], [-82.393031, 29.007946], [-82.393503, 29.008006], [-82.394888, 29.010147], [-82.396544, 29.011232], [-82.397577, 29.011491], [-82.397133, 29.012802], [-82.395145, 29.0134], [-82.394897, 29.013997], [-82.395042, 29.014544], [-82.398139, 29.015339], [-82.398315, 29.015836], [-82.397351, 29.01647], [-82.397341, 29.01698], [-82.39982, 29.016694], [-82.400687, 29.016229], [-82.40122, 29.015583], [-82.4018, 29.015761], [-82.402298, 29.016593], [-82.401415, 29.018606], [-82.401637, 29.018996], [-82.402499, 29.019103], [-82.403273, 29.018863], [-82.404292, 29.017242], [-82.405023, 29.016685], [-82.407041, 29.016563], [-82.40838, 29.017025], [-82.409125, 29.016706], [-82.409411, 29.016328], [-82.40942, 29.015431], [-82.409677, 29.0152], [-82.41096, 29.015406], [-82.412959, 29.014814], [-82.413766, 29.014279], [-82.415557, 29.013855], [-82.416365, 29.013337], [-82.418663, 29.013131], [-82.419264, 29.0142], [-82.42033, 29.014616], [-82.419587, 29.017345], [-82.419694, 29.01804], [-82.42047, 29.01854], [-82.424294, 29.018644], [-82.42545, 29.019059], [-82.425739, 29.019396], [-82.425731, 29.019809], [-82.424611, 29.021449], [-82.425011, 29.021694], [-82.426106, 29.021419], [-82.429535, 29.021189], [-82.429142, 29.022742], [-82.429707, 29.022992], [-82.430544, 29.022697], [-82.431119, 29.023075], [-82.429751, 29.02377], [-82.429833, 29.024045], [-82.431566, 29.024451], [-82.432381, 29.025089], [-82.432112, 29.027057], [-82.432266, 29.027666], [-82.432794, 29.027798], [-82.434423, 29.026614], [-82.435538, 29.027163], [-82.436358, 29.027154], [-82.436532, 29.027691], [-82.435754, 29.028006], [-82.435196, 29.029623], [-82.43619, 29.030056], [-82.436619, 29.029875], [-82.436689, 29.029128], [-82.436996, 29.028979], [-82.437433, 29.0292], [-82.437691, 29.030731], [-82.439199, 29.033085], [-82.440429, 29.032418], [-82.441315, 29.032382], [-82.44235, 29.034036], [-82.442252, 29.034415], [-82.44147, 29.034959], [-82.441777, 29.035484], [-82.444398, 29.036018], [-82.449309, 29.039006], [-82.451493, 29.040066], [-82.451886, 29.040064], [-82.452625, 29.039524], [-82.453658, 29.03977], [-82.456305, 29.04199], [-82.45835, 29.044348], [-82.458764, 29.045933], [-82.458407, 29.047224], [-82.458566, 29.04765], [-82.459445, 29.047456], [-82.460797, 29.046742], [-82.462532, 29.045104], [-82.463784, 29.044656], [-82.467054, 29.048029], [-82.468101, 29.047981], [-82.468747, 29.047035], [-82.469491, 29.046554], [-82.470546, 29.046582], [-82.473414, 29.048799], [-82.473492, 29.050306], [-82.472838, 29.050801], [-82.472923, 29.051203], [-82.474032, 29.051079], [-82.475273, 29.051368], [-82.476382, 29.05106], [-82.477893, 29.052565], [-82.47881, 29.052217], [-82.482059, 29.052483], [-82.483388, 29.051246], [-82.483944, 29.051099], [-82.485846, 29.05169], [-82.488072, 29.051449], [-82.488637, 29.050796], [-82.488588, 29.05014], [-82.487216, 29.048867], [-82.487118, 29.048375], [-82.487441, 29.048037], [-82.489757, 29.048395], [-82.490494, 29.048009], [-82.491064, 29.047332], [-82.493681, 29.046561], [-82.495227, 29.044354], [-82.497637, 29.042175], [-82.498379, 29.041784], [-82.500156, 29.041843], [-82.500612, 29.041134], [-82.501346, 29.04105], [-82.502062, 29.04103], [-82.502719, 29.041647], [-82.505871, 29.039275], [-82.50717, 29.038702], [-82.508131, 29.037479], [-82.509031, 29.037374], [-82.509826, 29.037572], [-82.510041, 29.03786], [-82.509956, 29.038273], [-82.508568, 29.039679], [-82.508606, 29.040333], [-82.509804, 29.041503], [-82.510395, 29.041546], [-82.511197, 29.040916], [-82.511769, 29.0412], [-82.511493, 29.043011], [-82.511931, 29.04337], [-82.513, 29.043157], [-82.516313, 29.044209], [-82.516939, 29.044199], [-82.517112, 29.043767], [-82.516809, 29.042646], [-82.51703, 29.042051], [-82.518902, 29.041148], [-82.520483, 29.039788], [-82.522358, 29.039644], [-82.523291, 29.040191], [-82.523197, 29.041767], [-82.523469, 29.042184], [-82.524208, 29.041957], [-82.52501, 29.04059], [-82.525692, 29.040857], [-82.525683, 29.041471], [-82.524839, 29.042491], [-82.525057, 29.043005], [-82.52581, 29.043118], [-82.52776, 29.042529], [-82.52822, 29.042644], [-82.529092, 29.043377], [-82.530378, 29.043627], [-82.531203, 29.043076], [-82.531157, 29.041898], [-82.531931, 29.041057], [-82.535116, 29.040928], [-82.535214, 29.041339], [-82.533914, 29.042559], [-82.533763, 29.043409], [-82.534477, 29.044532], [-82.535591, 29.044855], [-82.536478, 29.044823], [-82.537166, 29.044313], [-82.536613, 29.042963], [-82.538085, 29.04225], [-82.541737, 29.042052], [-82.543029, 29.042724], [-82.545817, 29.041793], [-82.549887, 29.039223], [-82.550859, 29.037611], [-82.552217, 29.037191], [-82.552601, 29.036621], [-82.554711, 29.035165], [-82.556018, 29.033864], [-82.556737, 29.033605], [-82.557774, 29.03377], [-82.558081, 29.034049], [-82.558273, 29.035186], [-82.558523, 29.035304], [-82.56147, 29.03467], [-82.562739, 29.035042], [-82.563485, 29.035825], [-82.564135, 29.035817], [-82.565591, 29.035315], [-82.5663, 29.034385], [-82.567875, 29.034398], [-82.568521, 29.034131], [-82.569058, 29.033389], [-82.572196, 29.032696], [-82.572902, 29.032146], [-82.573192, 29.030842], [-82.574803, 29.029117], [-82.576974, 29.028065], [-82.583592, 29.027983], [-82.588529, 29.028632], [-82.593616, 29.030039], [-82.595224, 29.029874], [-82.596641, 29.029178], [-82.597884, 29.027926], [-82.600283, 29.024091], [-82.601684, 29.021294], [-82.601996, 29.019165], [-82.600715, 29.016394], [-82.600827, 29.015463], [-82.602131, 29.013451], [-82.603476, 29.012344], [-82.607473, 29.010443], [-82.612653, 29.009271], [-82.614048, 29.00952], [-82.615541, 29.010131], [-82.618224, 29.01029], [-82.618922, 29.010642], [-82.619716, 29.01173], [-82.620956, 29.012495], [-82.622973, 29.012478], [-82.62425, 29.012931], [-82.625419, 29.013778], [-82.628574, 29.013704], [-82.629043, 29.01399], [-82.630658, 29.016391], [-82.632204, 29.01611], [-82.633577, 29.016154], [-82.63441, 29.017833], [-82.63485, 29.018016], [-82.636625, 29.017489], [-82.638462, 29.018012], [-82.639251, 29.018618], [-82.639528, 29.019335], [-82.639097, 29.019955], [-82.639591, 29.020827], [-82.640486, 29.021467], [-82.640988, 29.021461], [-82.644072, 29.020076], [-82.64531, 29.020607], [-82.64613, 29.021514], [-82.646953, 29.021702], [-82.648724, 29.021818], [-82.649292, 29.020951], [-82.649538, 29.020955], [-82.650036, 29.021762], [-82.652692, 29.023035], [-82.654533, 29.023117], [-82.657429, 29.022192], [-82.658251, 29.022481], [-82.658822, 29.023163], [-82.65968, 29.023579], [-82.66123, 29.023461], [-82.662677, 29.02406], [-82.6648, 29.023811], [-82.666307, 29.024927], [-82.672863, 29.025502], [-82.6739, 29.025941], [-82.675179, 29.026076], [-82.675472, 29.026196], [-82.675588, 29.027396], [-82.676133, 29.028065], [-82.676247, 29.029153], [-82.677095, 29.03056], [-82.67844, 29.030175], [-82.681828, 29.030828], [-82.683541, 29.030564], [-82.684386, 29.031144], [-82.686357, 29.031802], [-82.687115, 29.032553], [-82.688718, 29.033084], [-82.688948, 29.033462], [-82.689814, 29.033962], [-82.692826, 29.032586], [-82.695128, 29.03318], [-82.696019, 29.03313], [-82.696802, 29.032615], [-82.697019, 29.031726], [-82.697796, 29.031749], [-82.69903, 29.032337], [-82.701028, 29.031964], [-82.701988, 29.032707], [-82.702833, 29.032821], [-82.704371, 29.032119], [-82.705528, 29.030766], [-82.708178, 29.031467], [-82.709803, 29.030899], [-82.71153, 29.030988], [-82.712312, 29.030673], [-82.713243, 29.029624], [-82.714441, 29.029183], [-82.715104, 29.028643], [-82.716641, 29.028157], [-82.717536, 29.026978], [-82.720013, 29.025575], [-82.720948, 29.02429], [-82.721099, 29.023501], [-82.722198, 29.023185], [-82.722671, 29.021985], [-82.72392, 29.02123], [-82.725309, 29.019051], [-82.726915, 29.017865], [-82.727385, 29.015543], [-82.727678, 29.015092], [-82.728754, 29.014743], [-82.733467, 29.014945], [-82.734054, 29.014635], [-82.734479, 29.013987], [-82.737214, 29.012406], [-82.739686, 29.012453], [-82.741005, 29.012069], [-82.741897, 29.011415], [-82.742738, 29.010175], [-82.742678, 29.009732], [-82.741892, 29.008656], [-82.742319, 29.008024], [-82.744877, 29.007568], [-82.749196, 29.004493], [-82.752351, 29.002996], [-82.75492, 29.002248], [-82.755421, 29.001865], [-82.755588, 29.000268], [-82.754585, 28.998357], [-82.754485, 28.997922], [-82.754752, 28.997497], [-82.756278, 28.996346], [-82.758848, 28.993401], [-82.759294, 28.99247], [-82.761568, 28.992091], [-82.999765, 28.989141], [-83.187906, 28.986573]]]}}, {"type": "Feature", "properties": {"district": "24", "chamber": "congressional", "name": "Florida Congressional District 24"}, "geometry": {"type": "Polygon", "coordinates": [[[-80.293174, 25.925024], [-80.291875, 25.896312], [-80.284301, 25.896485], [-80.282469, 25.895937], [-80.281228, 25.895174], [-80.277854, 25.891741], [-80.275253, 25.889563], [-80.275027, 25.881637], [-80.259431, 25.88206], [-80.259052, 25.870702], [-80.242616, 25.871387], [-80.241746, 25.84605], [-80.249908, 25.845768], [-80.24956, 25.836212], [-80.253572, 25.836028], [-80.252981, 25.823567], [-80.250956, 25.823628], [-80.250907, 25.821368], [-80.248816, 25.82142], [-80.24882, 25.820705], [-80.250883, 25.820654], [-80.25086, 25.819902], [-80.248783, 25.819953], [-80.248582, 25.814905], [-80.246574, 25.81508], [-80.246476, 25.815713], [-80.242538, 25.815817], [-80.242396, 25.812749], [-80.240379, 25.812817], [-80.240419, 25.812307], [-80.235566, 25.812032], [-80.209128, 25.812634], [-80.20631, 25.812473], [-80.200373, 25.811526], [-80.191285, 25.811326], [-80.185384, 25.811483], [-80.185376, 25.80542], [-80.189397, 25.805378], [-80.189052, 25.796194], [-80.190815, 25.796145], [-80.190799, 25.795765], [-80.194855, 25.795526], [-80.205297, 25.795239], [-80.20515, 25.792214], [-80.203753, 25.789115], [-80.201564, 25.789116], [-80.200294, 25.788842], [-80.195069, 25.786516], [-80.192214, 25.785921], [-80.18962, 25.785918], [-80.186724, 25.787026], [-80.185464, 25.787244], [-80.179317, 25.787584], [-80.177359, 25.787226], [-80.175781, 25.786001], [-80.172911, 25.781749], [-80.171883, 25.780972], [-80.168969, 25.7797], [-80.16905, 25.779209], [-80.14447, 25.768649], [-80.141408, 25.767057], [-80.136902, 25.765164], [-80.138227, 25.765164], [-80.137587, 25.764765], [-80.138614, 25.764749], [-80.13863, 25.764469], [-80.148897, 25.764154], [-80.149088, 25.763904], [-80.148821, 25.762374], [-80.132179, 25.749925], [-80.132538, 25.748547], [-80.124767, 25.743214], [-80.109306, 25.733389], [-80.09178, 25.72111], [-80.08641, 25.72519], [-80.0828, 25.72862], [-80.0798, 25.73204], [-80.07714, 25.73568], [-80.07466, 25.73986], [-80.07315, 25.74299], [-80.07194, 25.74603], [-80.07061, 25.75042], [-80.0699, 25.75378], [-80.06933, 25.7585], [-80.06928, 25.76343], [-80.06979, 25.76854], [-80.07091, 25.77375], [-80.07262, 25.77928], [-80.07156, 25.78552], [-80.06815, 25.79661], [-80.06696, 25.80239], [-80.06649, 25.80978], [-80.06576, 25.81369], [-80.06499, 25.82206], [-80.06489, 25.82676], [-80.0642, 25.83499], [-80.06426, 25.83929], [-80.06327, 25.84412], [-80.06285, 25.84827], [-80.06295, 25.85469], [-80.06391, 25.86087], [-80.06458, 25.86725], [-80.06465, 25.87365], [-80.06572, 25.88124], [-80.06543, 25.8859], [-80.0656, 25.89019], [-80.0644, 25.89537], [-80.06378, 25.90158], [-80.06403, 25.908], [-80.06543, 25.91523], [-80.06399, 25.9204], [-80.06303, 25.92757], [-80.06316, 25.93423], [-80.06421, 25.94081], [-80.06403, 25.94515], [-80.06341, 25.94907], [-80.06313, 25.95356], [-80.0631, 25.96276], [-80.06284, 25.96802], [-80.06335, 25.9744], [-80.062893, 25.976809], [-80.123309, 25.975103], [-80.123751, 25.975081], [-80.123874, 25.974484], [-80.133153, 25.97412], [-80.133862, 25.97411], [-80.133982, 25.974868], [-80.165724, 25.973783], [-80.165913, 25.979029], [-80.165395, 25.981337], [-80.165087, 25.984296], [-80.165667, 25.989265], [-80.165507, 25.996233], [-80.196431, 25.995278], [-80.2071, 25.995332], [-80.207034, 25.993867], [-80.209299, 25.993888], [-80.209329, 25.992447], [-80.215098, 25.992514], [-80.21512, 25.99326], [-80.219269, 25.99312], [-80.219245, 25.992411], [-80.219956, 25.99241], [-80.220354, 25.992132], [-80.221183, 25.992829], [-80.221242, 25.994464], [-80.223186, 25.994388], [-80.22321, 25.995189], [-80.224977, 25.995137], [-80.227146, 25.992374], [-80.227191, 25.995063], [-80.247583, 25.994804], [-80.279161, 25.993777], [-80.279057, 25.986447], [-80.279313, 25.986444], [-80.278838, 25.972171], [-80.278764, 25.970968], [-80.278436, 25.970834], [-80.27832, 25.956475], [-80.276728, 25.925127], [-80.281327, 25.925367], [-80.289377, 25.92515], [-80.293174, 25.925024]]]}}, {"type": "Feature", "properties": {"district": "6", "chamber": "congressional", "name": "Florida Congressional District 6"}, "geometry": {"type": "Polygon", "coordinates": [[[-82.184867, 29.090367], [-82.184887, 29.081224], [-82.184801, 29.080341], [-82.184292, 29.078235], [-82.184022, 29.077367], [-82.183338, 29.075783], [-82.180972, 29.071973], [-82.17322, 29.060274], [-82.171677, 29.05786], [-82.16878, 29.052296], [-82.162945, 29.04244], [-82.162494, 29.041568], [-82.161793, 29.039923], [-82.161438, 29.038897], [-82.158458, 29.029137], [-82.158457, 29.028785], [-82.157384, 29.025489], [-82.156773, 29.023304], [-82.156394, 29.02227], [-82.154945, 29.017236], [-82.152951, 29.011108], [-82.151922, 29.008586], [-82.150251, 29.004971], [-82.14772, 29.000547], [-82.145228, 28.996414], [-82.127475, 28.967497], [-82.123647, 28.960197], [-82.11777, 28.96003], [-82.11591, 28.9601], [-82.09669, 28.9601], [-82.08713, 28.96017], [-82.086793, 28.960214], [-82.07966, 28.9602], [-82.078633, 28.960256], [-82.053682, 28.960228], [-82.040671, 28.960116], [-82.037011, 28.960182], [-82.02201, 28.96012], [-82.01646, 28.96015], [-81.999807, 28.959909], [-81.95419, 28.960053], [-81.954121, 28.949161], [-81.954148, 28.940983], [-81.953855, 28.916623], [-81.953754, 28.916028], [-81.95364, 28.90984], [-81.95346, 28.886991], [-81.939938, 28.887045], [-81.931375, 28.886989], [-81.920317, 28.887012], [-81.919948, 28.886911], [-81.919442, 28.886651], [-81.919161, 28.886598], [-81.918113, 28.886711], [-81.91812, 28.883371], [-81.917082, 28.883373], [-81.917074, 28.88686], [-81.915801, 28.887019], [-81.912181, 28.887037], [-81.912032, 28.887108], [-81.911939, 28.887236], [-81.91191, 28.888246], [-81.911864, 28.88839], [-81.911693, 28.888477], [-81.908397, 28.888455], [-81.906427, 28.888343], [-81.906487, 28.889334], [-81.905495, 28.889357], [-81.905686, 28.888154], [-81.906019, 28.888197], [-81.906057, 28.887067], [-81.884176, 28.887114], [-81.883886, 28.887072], [-81.883149, 28.886823], [-81.882907, 28.886808], [-81.882115, 28.887056], [-81.881813, 28.887085], [-81.864027, 28.88705], [-81.863605, 28.886923], [-81.862962, 28.88658], [-81.862644, 28.886777], [-81.862415, 28.886652], [-81.861864, 28.886525], [-81.861529, 28.886261], [-81.861492, 28.886113], [-81.861392, 28.886025], [-81.860485, 28.886262], [-81.860029, 28.886244], [-81.858587, 28.885686], [-81.857634, 28.884228], [-81.855506, 28.884007], [-81.850179, 28.881511], [-81.84698, 28.887163], [-81.846341, 28.887288], [-81.845712, 28.88866], [-81.844765, 28.890275], [-81.841945, 28.892062], [-81.839151, 28.893052], [-81.839222, 28.894197], [-81.839192, 28.894699], [-81.831977, 28.892059], [-81.828963, 28.890718], [-81.828798, 28.891546], [-81.828266, 28.891166], [-81.826885, 28.890412], [-81.826097, 28.889796], [-81.825565, 28.889587], [-81.825165, 28.889252], [-81.824903, 28.889131], [-81.824928, 28.889076], [-81.824202, 28.888938], [-81.822771, 28.888471], [-81.821758, 28.888003], [-81.821796, 28.887832], [-81.821606, 28.888182], [-81.820733, 28.88841], [-81.819089, 28.887579], [-81.818103, 28.887321], [-81.81759, 28.887047], [-81.818482, 28.88706], [-81.817733, 28.886356], [-81.815798, 28.885444], [-81.813526, 28.884013], [-81.811363, 28.883122], [-81.810481, 28.882594], [-81.809532, 28.882118], [-81.808429, 28.881651], [-81.807631, 28.881388], [-81.806987, 28.881289], [-81.806027, 28.881305], [-81.80488, 28.881198], [-81.803801, 28.880937], [-81.802744, 28.880583], [-81.802496, 28.880564], [-81.802074, 28.880563], [-81.801521, 28.880657], [-81.800698, 28.880944], [-81.799719, 28.88117], [-81.799173, 28.881186], [-81.798784, 28.881105], [-81.79559, 28.879504], [-81.794633, 28.878913], [-81.794212, 28.878561], [-81.793662, 28.877841], [-81.793196, 28.876893], [-81.79277, 28.876197], [-81.79227, 28.875847], [-81.790753, 28.875001], [-81.790679, 28.874913], [-81.789894, 28.874577], [-81.78876, 28.873913], [-81.788264, 28.873687], [-81.787724, 28.873118], [-81.787465, 28.872965], [-81.786958, 28.872459], [-81.786618, 28.872225], [-81.786196, 28.872199], [-81.784346, 28.871286], [-81.784061, 28.871075], [-81.783786, 28.871009], [-81.782728, 28.870359], [-81.781958, 28.869661], [-81.77895, 28.867875], [-81.777156, 28.86706], [-81.776307, 28.866473], [-81.775922, 28.866333], [-81.775303, 28.866248], [-81.774792, 28.86631], [-81.773791, 28.866594], [-81.773125, 28.866702], [-81.772671, 28.866666], [-81.772394, 28.866533], [-81.771072, 28.86536], [-81.769601, 28.864387], [-81.769109, 28.863617], [-81.768729, 28.86321], [-81.768486, 28.862411], [-81.768074, 28.861596], [-81.768051, 28.861136], [-81.768158, 28.860901], [-81.76845, 28.860546], [-81.769467, 28.860046], [-81.770155, 28.859472], [-81.770613, 28.858459], [-81.770513, 28.85776], [-81.770313, 28.857183], [-81.769789, 28.856838], [-81.769142, 28.856555], [-81.768063, 28.856333], [-81.763316, 28.854401], [-81.761745, 28.853909], [-81.761461, 28.853892], [-81.761131, 28.853675], [-81.759508, 28.853107], [-81.759076, 28.852782], [-81.757858, 28.852449], [-81.757925, 28.852135], [-81.757737, 28.852091], [-81.757506, 28.851926], [-81.757437, 28.851772], [-81.756407, 28.850902], [-81.756001, 28.850462], [-81.755588, 28.849791], [-81.755333, 28.84924], [-81.754983, 28.848244], [-81.75469, 28.847105], [-81.754615, 28.847028], [-81.754055, 28.844409], [-81.751975, 28.844094], [-81.752029, 28.843554], [-81.750722, 28.842059], [-81.751158, 28.841075], [-81.751319, 28.838508], [-81.751187, 28.83645], [-81.750985, 28.835207], [-81.749792, 28.835367], [-81.710067, 28.835547], [-81.707836, 28.835334], [-81.707009, 28.836158], [-81.704118, 28.833977], [-81.704134, 28.832719], [-81.70331, 28.832725], [-81.703302, 28.831895], [-81.702534, 28.832033], [-81.702079, 28.832272], [-81.701758, 28.832566], [-81.701701, 28.832524], [-81.701489, 28.832768], [-81.70125, 28.833303], [-81.701202, 28.833535], [-81.701233, 28.833791], [-81.701397, 28.834242], [-81.701833, 28.834883], [-81.702329, 28.835236], [-81.701904, 28.835758], [-81.701796, 28.835804], [-81.701776, 28.835881], [-81.701937, 28.836315], [-81.701745, 28.836313], [-81.701521, 28.835834], [-81.700641, 28.835916], [-81.700749, 28.836404], [-81.700606, 28.836434], [-81.700474, 28.835899], [-81.700215, 28.836112], [-81.699918, 28.835942], [-81.69945, 28.835918], [-81.699581, 28.836374], [-81.699341, 28.83652], [-81.699297, 28.83666], [-81.699328, 28.836822], [-81.695531, 28.837991], [-81.694483, 28.838204], [-81.692474, 28.838282], [-81.692873, 28.837454], [-81.693499, 28.836536], [-81.693595, 28.836302], [-81.69973, 28.829807], [-81.699976, 28.829435], [-81.700053, 28.829129], [-81.700606, 28.829125], [-81.700807, 28.829022], [-81.707339, 28.822148], [-81.70821, 28.822154], [-81.708208, 28.821656], [-81.701257, 28.821697], [-81.701256, 28.821628], [-81.699992, 28.821636], [-81.699993, 28.821704], [-81.69746, 28.821724], [-81.696452, 28.821811], [-81.696421, 28.820326], [-81.69461, 28.82094], [-81.694029, 28.819647], [-81.693023, 28.819711], [-81.692192, 28.819414], [-81.69168, 28.819403], [-81.69143, 28.819299], [-81.691155, 28.819277], [-81.691117, 28.819343], [-81.691548, 28.820102], [-81.691486, 28.820498], [-81.691105, 28.820911], [-81.690649, 28.821192], [-81.690005, 28.821313], [-81.689312, 28.821307], [-81.688631, 28.821049], [-81.6882, 28.820685], [-81.688075, 28.82035], [-81.688025, 28.819563], [-81.687613, 28.818743], [-81.687469, 28.817648], [-81.687725, 28.81652], [-81.687894, 28.81619], [-81.688218, 28.815893], [-81.690161, 28.815921], [-81.690193, 28.815789], [-81.690036, 28.815667], [-81.689719, 28.815642], [-81.690028, 28.815629], [-81.690207, 28.815329], [-81.69029, 28.815032], [-81.685557, 28.815043], [-81.685562, 28.811098], [-81.685666, 28.810893], [-81.687118, 28.80912], [-81.687231, 28.808691], [-81.687225, 28.805364], [-81.687314, 28.804469], [-81.687328, 28.803125], [-81.687274, 28.796134], [-81.687397, 28.787869], [-81.686275, 28.787928], [-81.683009, 28.78787], [-81.67831, 28.78821], [-81.673701, 28.789557], [-81.669307, 28.791315], [-81.664516, 28.793146], [-81.662624, 28.793669], [-81.659397, 28.793969], [-81.657024, 28.793688], [-81.65359, 28.793493], [-81.651121, 28.79305], [-81.646741, 28.785882], [-81.638072, 28.78586], [-81.624979, 28.785914], [-81.623997, 28.78597], [-81.592971, 28.78597], [-81.592845, 28.786556], [-81.592791, 28.797625], [-81.588721, 28.797665], [-81.58476, 28.79884], [-81.584326, 28.79892], [-81.576066, 28.799009], [-81.57615, 28.804253], [-81.573996, 28.804481], [-81.57233, 28.804956], [-81.572299, 28.804508], [-81.570831, 28.804796], [-81.56614, 28.806162], [-81.564102, 28.806899], [-81.564103, 28.805984], [-81.560031, 28.805942], [-81.560032, 28.807725], [-81.533458, 28.808175], [-81.532846, 28.808411], [-81.528736, 28.811116], [-81.527896, 28.811605], [-81.527251, 28.811878], [-81.526547, 28.812083], [-81.524474, 28.812459], [-81.522949, 28.812653], [-81.521699, 28.812718], [-81.508415, 28.812743], [-81.508374, 28.812961], [-81.504788, 28.812868], [-81.503166, 28.812897], [-81.501944, 28.813197], [-81.501303, 28.81342], [-81.491543, 28.818204], [-81.490254, 28.818574], [-81.489513, 28.818644], [-81.480119, 28.818568], [-81.476714, 28.818603], [-81.475713, 28.818398], [-81.474825, 28.818098], [-81.467982, 28.813626], [-81.465202, 28.811897], [-81.464091, 28.811402], [-81.462928, 28.811023], [-81.462701, 28.811008], [-81.445743, 28.810985], [-81.444785, 28.811038], [-81.444083, 28.811157], [-81.443342, 28.811373], [-81.434635, 28.815055], [-81.433802, 28.815362], [-81.432967, 28.815545], [-81.432091, 28.815621], [-81.431405, 28.815613], [-81.419555, 28.815181], [-81.419651, 28.815513], [-81.41958, 28.816394], [-81.419174, 28.818411], [-81.416846, 28.824569], [-81.416294, 28.825565], [-81.41575, 28.826372], [-81.414377, 28.8275], [-81.412004, 28.830577], [-81.411798, 28.830762], [-81.410909, 28.831137], [-81.409804, 28.831854], [-81.409696, 28.832046], [-81.409261, 28.832302], [-81.40911, 28.832476], [-81.409232, 28.833191], [-81.409098, 28.833332], [-81.408897, 28.833348], [-81.40874, 28.833627], [-81.408279, 28.834056], [-81.407288, 28.834769], [-81.405902, 28.834784], [-81.405137, 28.835041], [-81.404819, 28.835056], [-81.404029, 28.834794], [-81.403862, 28.83483], [-81.403568, 28.835326], [-81.403322, 28.835611], [-81.403255, 28.836266], [-81.403047, 28.837176], [-81.402323, 28.837741], [-81.400525, 28.838705], [-81.399091, 28.840144], [-81.398574, 28.840484], [-81.398393, 28.840668], [-81.398521, 28.840971], [-81.39887, 28.84109], [-81.398837, 28.841206], [-81.398612, 28.841417], [-81.398397, 28.841887], [-81.398271, 28.841969], [-81.398011, 28.841977], [-81.397637, 28.841889], [-81.397412, 28.841746], [-81.396794, 28.841711], [-81.396195, 28.842295], [-81.396059, 28.842281], [-81.395762, 28.841806], [-81.395556, 28.841786], [-81.39466, 28.842106], [-81.394129, 28.842604], [-81.393688, 28.843194], [-81.393386, 28.843755], [-81.393388, 28.844274], [-81.393316, 28.84466], [-81.392749, 28.845087], [-81.392796, 28.845367], [-81.392595, 28.845798], [-81.392299, 28.845856], [-81.392117, 28.845775], [-81.391863, 28.846219], [-81.391769, 28.846843], [-81.391342, 28.847482], [-81.390803, 28.847865], [-81.390086, 28.848169], [-81.389931, 28.848342], [-81.38998, 28.848432], [-81.390223, 28.848562], [-81.390234, 28.84887], [-81.390122, 28.849013], [-81.389362, 28.849248], [-81.388917, 28.849229], [-81.388626, 28.849338], [-81.388324, 28.849727], [-81.388068, 28.849898], [-81.387672, 28.849949], [-81.387416, 28.849954], [-81.387141, 28.849833], [-81.387079, 28.849679], [-81.387079, 28.84936], [-81.386985, 28.849233], [-81.386873, 28.849211], [-81.386379, 28.849872], [-81.386041, 28.849943], [-81.38566, 28.849877], [-81.385522, 28.849943], [-81.385454, 28.850025], [-81.38546, 28.85035], [-81.385322, 28.850476], [-81.384878, 28.850619], [-81.384366, 28.851054], [-81.383953, 28.85112], [-81.383572, 28.851538], [-81.382965, 28.851994], [-81.382928, 28.852082], [-81.383003, 28.85239], [-81.382927, 28.85261], [-81.382458, 28.853166], [-81.382008, 28.85392], [-81.381083, 28.85464], [-81.380757, 28.855195], [-81.380469, 28.855955], [-81.380007, 28.856477], [-81.379744, 28.857275], [-81.379731, 28.857484], [-81.379893, 28.857842], [-81.379918, 28.858106], [-81.379806, 28.858337], [-81.379556, 28.858568], [-81.378924, 28.858782], [-81.378749, 28.859013], [-81.378599, 28.859635], [-81.378311, 28.859844], [-81.378136, 28.859943], [-81.377948, 28.859943], [-81.37738, 28.859788], [-81.377098, 28.859937], [-81.376948, 28.860388], [-81.376917, 28.861142], [-81.376816, 28.861296], [-81.375966, 28.862143], [-81.375735, 28.862071], [-81.37536, 28.862063], [-81.375073, 28.862209], [-81.374929, 28.862385], [-81.37492, 28.862591], [-81.375038, 28.862735], [-81.374971, 28.862881], [-81.375106, 28.863105], [-81.375088, 28.863366], [-81.376006, 28.865901], [-81.375888, 28.865966], [-81.375684, 28.866477], [-81.375038, 28.86654], [-81.374909, 28.866682], [-81.375151, 28.867423], [-81.37526, 28.867539], [-81.375154, 28.867804], [-81.375186, 28.868197], [-81.375047, 28.868435], [-81.374811, 28.868593], [-81.374422, 28.868683], [-81.374116, 28.869151], [-81.374115, 28.869764], [-81.373903, 28.870047], [-81.373491, 28.87025], [-81.373129, 28.870094], [-81.372926, 28.869822], [-81.372882, 28.869415], [-81.372919, 28.869104], [-81.372622, 28.868908], [-81.37238, 28.8689], [-81.372009, 28.869039], [-81.371758, 28.869464], [-81.371675, 28.869895], [-81.371553, 28.870147], [-81.371217, 28.87036], [-81.370946, 28.870378], [-81.370332, 28.870219], [-81.369936, 28.870295], [-81.369692, 28.870536], [-81.369788, 28.871266], [-81.369646, 28.871695], [-81.369127, 28.872513], [-81.368608, 28.872921], [-81.366705, 28.87325], [-81.366296, 28.873602], [-81.366152, 28.874165], [-81.366158, 28.874744], [-81.366764, 28.876619], [-81.367052, 28.878315], [-81.367036, 28.878779], [-81.36694, 28.879227], [-81.366779, 28.879479], [-81.366757, 28.879637], [-81.366312, 28.88], [-81.365766, 28.880078], [-81.364972, 28.879883], [-81.364169, 28.879096], [-81.363636, 28.878991], [-81.363048, 28.879188], [-81.36302, 28.879387], [-81.363052, 28.879707], [-81.363564, 28.880475], [-81.364303, 28.88124], [-81.365372, 28.882859], [-81.365644, 28.883563], [-81.365964, 28.884747], [-81.36614, 28.886619], [-81.366124, 28.887755], [-81.365868, 28.888379], [-81.365657, 28.888703], [-81.365569, 28.889032], [-81.365143, 28.889647], [-81.364535, 28.890262], [-81.363591, 28.890542], [-81.362607, 28.89036], [-81.361774, 28.889808], [-81.359962, 28.888085], [-81.358912, 28.887272], [-81.357991, 28.886938], [-81.357168, 28.887149], [-81.356612, 28.887575], [-81.356284, 28.888219], [-81.356076, 28.889387], [-81.355931, 28.889803], [-81.355227, 28.891771], [-81.354835, 28.892607], [-81.354615, 28.894117], [-81.354758, 28.895091], [-81.354987, 28.895578], [-81.355531, 28.896186], [-81.355755, 28.896602], [-81.355563, 28.897034], [-81.355249, 28.897167], [-81.355183, 28.897261], [-81.354715, 28.897162], [-81.354512, 28.89701], [-81.353391, 28.896473], [-81.352788, 28.896685], [-81.352643, 28.897103], [-81.352861, 28.8975], [-81.354059, 28.898458], [-81.354747, 28.898602], [-81.355723, 28.898634], [-81.356507, 28.898826], [-81.357163, 28.899226], [-81.357563, 28.899642], [-81.357819, 28.90041], [-81.357595, 28.902042], [-81.357419, 28.902794], [-81.357421, 28.903408], [-81.357531, 28.903722], [-81.358123, 28.904458], [-81.359643, 28.905642], [-81.360075, 28.906138], [-81.360171, 28.90665], [-81.360011, 28.90721], [-81.359637, 28.907957], [-81.359029, 28.908673], [-81.357353, 28.909649], [-81.356966, 28.909989], [-81.356667, 28.910538], [-81.356689, 28.911053], [-81.357035, 28.911514], [-81.357835, 28.912016], [-81.358603, 28.912394], [-81.359211, 28.912858], [-81.359451, 28.913178], [-81.359543, 28.913961], [-81.359202, 28.914646], [-81.358411, 28.915594], [-81.357579, 28.916842], [-81.354123, 28.920905], [-81.35337, 28.920986], [-81.35254, 28.920661], [-81.351998, 28.920651], [-81.351931, 28.920746], [-81.351931, 28.921433], [-81.352215, 28.922271], [-81.352683, 28.922505], [-81.352767, 28.923117], [-81.352358, 28.923034], [-81.351817, 28.923201], [-81.350873, 28.923199], [-81.350108, 28.923117], [-81.344575, 28.923142], [-81.344459, 28.922997], [-81.344424, 28.922368], [-81.344488, 28.921077], [-81.34447, 28.919499], [-81.339196, 28.919417], [-81.337708, 28.919367], [-81.337476, 28.919311], [-81.337175, 28.919354], [-81.337184, 28.91947], [-81.333142, 28.919443], [-81.333141, 28.91955], [-81.332932, 28.919551], [-81.332885, 28.934524], [-81.332819, 28.93539], [-81.332369, 28.938529], [-81.332271, 28.939991], [-81.332188, 28.97475], [-81.326999, 28.974768], [-81.326963, 28.972256], [-81.321771, 28.972478], [-81.321845, 28.974768], [-81.315584, 28.974919], [-81.315635, 28.976272], [-81.315478, 28.976819], [-81.315538, 28.977251], [-81.315512, 28.977551], [-81.315072, 28.978015], [-81.315064, 28.978114], [-81.315186, 28.978324], [-81.315121, 28.978579], [-81.315004, 28.978731], [-81.314848, 28.978802], [-81.314368, 28.978772], [-81.313732, 28.978601], [-81.313605, 28.978637], [-81.313731, 28.984156], [-81.302332, 28.984356], [-81.302346, 28.982844], [-81.300534, 28.98287], [-81.300518, 28.982107], [-81.299605, 28.98211], [-81.299528, 28.979063], [-81.299516, 28.978934], [-81.299241, 28.978931], [-81.298891, 28.974077], [-81.298685, 28.973967], [-81.296938, 28.973443], [-81.291721, 28.973187], [-81.291628, 28.972259], [-81.291696, 28.971727], [-81.291637, 28.969774], [-81.282297, 28.969827], [-81.282343, 28.965443], [-81.282162, 28.964731], [-81.280216, 28.964695], [-81.280217, 28.968936], [-81.28019, 28.96908], [-81.280038, 28.96929], [-81.265849, 28.960345], [-81.265605, 28.960373], [-81.264605, 28.959728], [-81.264597, 28.959827], [-81.259465, 28.956475], [-81.25831, 28.955848], [-81.25796, 28.95559], [-81.257941, 28.955648], [-81.257758, 28.955547], [-81.256475, 28.959556], [-81.256312, 28.959555], [-81.256282, 28.959645], [-81.256185, 28.959623], [-81.248594, 28.983443], [-81.248637, 28.984631], [-81.252317, 28.984826], [-81.252319, 28.986541], [-81.252793, 28.98654], [-81.253531, 28.987576], [-81.25276, 28.988387], [-81.251455, 28.988387], [-81.251456, 28.988061], [-81.249303, 28.987694], [-81.248643, 28.987254], [-81.248641, 28.988379], [-81.248795, 28.988379], [-81.248855, 28.999403], [-81.244111, 28.999398], [-81.24353, 28.999346], [-81.24155, 29.005463], [-81.240927, 29.006842], [-81.240163, 29.008147], [-81.239485, 29.009088], [-81.238528, 29.010234], [-81.231568, 29.01763], [-81.229013, 29.017633], [-81.2242, 29.018386], [-81.219284, 29.019017], [-81.215829, 29.019393], [-81.210239, 29.01984], [-81.205707, 29.020988], [-81.204279, 29.021445], [-81.202218, 29.022495], [-81.199696, 29.02389], [-81.195193, 29.025626], [-81.193988, 29.025935], [-81.187832, 29.026983], [-81.186474, 29.027312], [-81.18464, 29.02797], [-81.182165, 29.029116], [-81.180831, 29.029599], [-81.179254, 29.029934], [-81.178031, 29.030042], [-81.169775, 29.030194], [-81.168054, 29.030168], [-81.166671, 29.030038], [-81.162757, 29.029436], [-81.157702, 29.029024], [-81.156465, 29.028856], [-81.154664, 29.028411], [-81.150147, 29.026791], [-81.148659, 29.026448], [-81.147514, 29.026292], [-81.12709, 29.025076], [-81.125959, 29.025153], [-81.124446, 29.025366], [-81.124688, 29.025221], [-81.12473, 29.024908], [-81.121771, 29.024466], [-81.120249, 29.024148], [-81.118514, 29.023686], [-81.085768, 29.012604], [-81.084004, 29.012065], [-81.084087, 29.017881], [-81.084384, 29.019914], [-81.084211, 29.032415], [-81.083952, 29.03793], [-81.084545, 29.062439], [-81.084612, 29.06244], [-81.084795, 29.067936], [-81.085182, 29.081597], [-81.087526, 29.102647], [-81.088686, 29.104216], [-81.087694, 29.105862], [-81.085338, 29.105923], [-81.085292, 29.105656], [-81.085306, 29.104126], [-81.068829, 29.10443], [-81.068974, 29.106221], [-81.069642, 29.10836], [-81.06985, 29.109472], [-81.071143, 29.120819], [-81.071312, 29.121478], [-81.072483, 29.124762], [-81.066063, 29.124771], [-81.066064, 29.124227], [-81.065985, 29.123655], [-81.065759, 29.123004], [-81.065539, 29.122634], [-81.065021, 29.122061], [-81.06469, 29.121801], [-81.063323, 29.120963], [-81.062297, 29.120015], [-81.061485, 29.118925], [-81.060842, 29.117592], [-81.060326, 29.117811], [-81.056487, 29.120891], [-81.052805, 29.117466], [-81.051117, 29.118713], [-81.048875, 29.119935], [-81.04839, 29.120106], [-81.046814, 29.126214], [-81.046585, 29.127488], [-81.04656, 29.128371], [-81.046639, 29.129152], [-81.046873, 29.130157], [-81.04708, 29.130738], [-81.047471, 29.131558], [-81.047945, 29.132329], [-81.048516, 29.133049], [-81.049042, 29.133555], [-81.055507, 29.138758], [-81.056677, 29.139849], [-81.056491, 29.140057], [-81.055528, 29.140735], [-81.054693, 29.141196], [-81.053835, 29.14151], [-81.053183, 29.14166], [-81.051897, 29.141763], [-81.044994, 29.141713], [-81.044913, 29.154906], [-81.035496, 29.154888], [-81.035496, 29.154241], [-81.036681, 29.154219], [-81.036589, 29.153802], [-81.035935, 29.152871], [-81.03542, 29.152973], [-81.035105, 29.152966], [-81.035107, 29.153072], [-81.03376, 29.15308], [-81.033756, 29.152762], [-81.032291, 29.152765], [-81.032293, 29.153101], [-81.031005, 29.153103], [-81.031022, 29.155726], [-81.026896, 29.155732], [-81.0269, 29.157811], [-81.023958, 29.15262], [-81.021462, 29.15365], [-81.020199, 29.151177], [-81.018542, 29.151917], [-81.017988, 29.15077], [-81.017876, 29.150816], [-81.016206, 29.147819], [-81.014206, 29.148617], [-81.013307, 29.146986], [-81.011417, 29.147751], [-81.012295, 29.149365], [-81.011794, 29.14958], [-81.012178, 29.150284], [-81.010763, 29.150846], [-81.012169, 29.153459], [-81.010335, 29.154227], [-81.009405, 29.152463], [-81.007517, 29.153219], [-81.005143, 29.148808], [-81.004831, 29.148477], [-81.004363, 29.14868], [-81.00443, 29.148799], [-81.002982, 29.149404], [-81.003606, 29.150523], [-80.993607, 29.150477], [-80.993581, 29.149398], [-80.991139, 29.150416], [-80.990801, 29.150472], [-80.990005, 29.150906], [-80.989898, 29.150705], [-80.979155, 29.154927], [-80.982251, 29.159668], [-80.983645, 29.161959], [-80.990806, 29.173146], [-80.986162, 29.175029], [-80.986086, 29.175053], [-80.986054, 29.174983], [-80.984461, 29.175639], [-80.984295, 29.175336], [-80.983812, 29.175526], [-80.9836, 29.175612], [-80.983755, 29.175917], [-80.983051, 29.176213], [-80.984881, 29.179873], [-80.988346, 29.179839], [-80.9884, 29.179954], [-80.989927, 29.179881], [-80.990223, 29.180303], [-80.990905, 29.180764], [-80.99141, 29.181546], [-80.991752, 29.181566], [-80.991752, 29.181644], [-80.989215, 29.181686], [-80.98966, 29.182619], [-80.988904, 29.182616], [-80.98918, 29.183161], [-80.988888, 29.183263], [-80.988599, 29.182734], [-80.988329, 29.182728], [-80.988282, 29.182896], [-80.988493, 29.182982], [-80.988133, 29.183112], [-80.988219, 29.183297], [-80.988688, 29.183131], [-80.98878, 29.183316], [-80.988335, 29.183469], [-80.988515, 29.183805], [-80.987627, 29.183805], [-80.989418, 29.187384], [-80.989565, 29.187385], [-80.989856, 29.187921], [-80.989937, 29.187921], [-80.99001, 29.188687], [-80.989905, 29.188687], [-80.990749, 29.190395], [-80.990977, 29.190392], [-80.991058, 29.190833], [-80.990933, 29.190838], [-80.99112, 29.191341], [-80.991334, 29.191324], [-80.991333, 29.191878], [-80.991802, 29.191869], [-80.991823, 29.192416], [-80.992292, 29.192402], [-80.992309, 29.192793], [-80.99246, 29.192961], [-80.992528, 29.193401], [-80.992416, 29.193441], [-80.992416, 29.193771], [-80.992523, 29.193837], [-80.992527, 29.193998], [-80.993483, 29.193994], [-80.993493, 29.194274], [-80.99361, 29.194524], [-80.992908, 29.19453], [-80.992993, 29.194736], [-80.993078, 29.194818], [-80.994179, 29.195003], [-80.994923, 29.196559], [-80.995276, 29.1968], [-80.996269, 29.198561], [-80.995604, 29.198808], [-80.995997, 29.199592], [-80.995517, 29.199762], [-80.995554, 29.199837], [-80.995507, 29.199855], [-80.995673, 29.200216], [-80.995735, 29.200192], [-80.995887, 29.200459], [-80.996355, 29.20029], [-80.996432, 29.200443], [-80.995989, 29.200599], [-80.996176, 29.200977], [-80.996619, 29.200817], [-80.996708, 29.200993], [-80.996232, 29.20116], [-80.996452, 29.201593], [-80.996483, 29.201703], [-80.996437, 29.20172], [-80.996568, 29.20204], [-80.996755, 29.201979], [-80.997283, 29.201969], [-80.997524, 29.202592], [-80.997293, 29.202596], [-80.997152, 29.202274], [-80.99695, 29.202277], [-80.996961, 29.202343], [-80.997068, 29.2026], [-80.997206, 29.202598], [-80.99746, 29.203085], [-80.998294, 29.204948], [-80.998156, 29.204946], [-80.998157, 29.205544], [-80.996307, 29.20561], [-80.987744, 29.209891], [-80.987693, 29.209792], [-80.946448, 29.227218], [-80.955785, 29.250258], [-80.999776, 29.33682], [-81.045706, 29.432462], [-81.041923, 29.432893], [-81.071587, 29.499998], [-81.072204, 29.501513], [-81.075031, 29.507164], [-81.077085, 29.511605], [-81.078209, 29.513825], [-81.080186, 29.518367], [-81.085187, 29.528862], [-81.091773, 29.541104], [-81.094756, 29.546282], [-81.097509, 29.551697], [-81.102042, 29.559599], [-81.103709, 29.562658], [-81.106192, 29.568107], [-81.108716, 29.573961], [-81.111277, 29.578904], [-81.114034, 29.58533], [-81.116828, 29.591283], [-81.119814, 29.59673], [-81.123775, 29.60551], [-81.125228, 29.609227], [-81.127322, 29.614153], [-81.132291, 29.625251], [-81.13383, 29.629126], [-81.134723, 29.632267], [-81.137472, 29.638657], [-81.140068, 29.644911], [-81.14266, 29.651637], [-81.144208, 29.654884], [-81.145901, 29.65894], [-81.149144, 29.666143], [-81.151541, 29.673238], [-81.154056, 29.680098], [-81.155587, 29.685199], [-81.157241, 29.689458], [-81.158751, 29.692704], [-81.160258, 29.696287], [-81.161605, 29.700443], [-81.162237, 29.702941], [-81.162952, 29.704732], [-81.163696, 29.707467], [-81.163901, 29.710267], [-81.164153, 29.712123], [-81.164561, 29.713778], [-81.16542, 29.716682], [-81.166238, 29.719823], [-81.167403, 29.723101], [-81.170124, 29.728748], [-81.171486, 29.731386], [-81.173343, 29.734736], [-81.174894, 29.737847], [-81.175576, 29.739099], [-81.175794, 29.739336], [-81.183108, 29.753449], [-81.186399, 29.76008], [-81.192768, 29.778326], [-81.195088, 29.787038], [-81.1992, 29.801157], [-81.200433, 29.811512], [-81.205177, 29.822433], [-81.20617, 29.835382], [-81.206196, 29.838481], [-81.249024, 29.826038], [-81.258263, 29.822577], [-81.258263, 29.82266], [-81.262402, 29.822055], [-81.262387, 29.821377], [-81.262159, 29.819519], [-81.269973, 29.819448], [-81.270628, 29.821596], [-81.27118, 29.821591], [-81.271018, 29.821059], [-81.275815, 29.821009], [-81.276584, 29.823651], [-81.276337, 29.823655], [-81.276372, 29.823902], [-81.275676, 29.824106], [-81.275628, 29.824195], [-81.275633, 29.824628], [-81.273161, 29.824649], [-81.273096, 29.823853], [-81.272268, 29.823862], [-81.272217, 29.823697], [-81.271275, 29.823704], [-81.272142, 29.826502], [-81.272918, 29.826493], [-81.273004, 29.826819], [-81.272241, 29.826833], [-81.273652, 29.831381], [-81.274487, 29.833731], [-81.275097, 29.83628], [-81.276556, 29.840983], [-81.28106, 29.840954], [-81.283311, 29.838828], [-81.283275, 29.838728], [-81.282879, 29.83851], [-81.282792, 29.838359], [-81.282806, 29.837884], [-81.282907, 29.837771], [-81.283239, 29.837784], [-81.283838, 29.837533], [-81.284112, 29.837553], [-81.284613, 29.837425], [-81.284633, 29.837474], [-81.284754, 29.837417], [-81.284774, 29.837279], [-81.28469, 29.837042], [-81.284812, 29.836969], [-81.285292, 29.836969], [-81.285611, 29.836903], [-81.285969, 29.836478], [-81.285922, 29.835932], [-81.286147, 29.834291], [-81.286045, 29.83406], [-81.286078, 29.833713], [-81.285966, 29.833586], [-81.286029, 29.833486], [-81.286042, 29.833266], [-81.285861, 29.832816], [-81.285931, 29.83262], [-81.285867, 29.832505], [-81.286481, 29.831877], [-81.286519, 29.831722], [-81.286681, 29.831872], [-81.287128, 29.832077], [-81.287288, 29.83202], [-81.287235, 29.832168], [-81.287487, 29.832502], [-81.28763, 29.832549], [-81.287578, 29.832601], [-81.28761, 29.832717], [-81.287806, 29.832872], [-81.287726, 29.832923], [-81.2877, 29.833031], [-81.287774, 29.83341], [-81.287995, 29.833665], [-81.290238, 29.834134], [-81.291074, 29.834183], [-81.291564, 29.833983], [-81.291593, 29.833683], [-81.29145, 29.833233], [-81.291131, 29.832957], [-81.290872, 29.832333], [-81.290988, 29.832157], [-81.291507, 29.832106], [-81.293641, 29.832333], [-81.293815, 29.832207], [-81.293786, 29.831882], [-81.293613, 29.831356], [-81.293555, 29.830681], [-81.293844, 29.83033], [-81.294219, 29.830156], [-81.29468, 29.830205], [-81.2952, 29.830481], [-81.296007, 29.830731], [-81.299728, 29.830831], [-81.302112, 29.831023], [-81.302465, 29.831806], [-81.302624, 29.832823], [-81.302617, 29.833509], [-81.302417, 29.834881], [-81.301953, 29.837199], [-81.301827, 29.838523], [-81.301886, 29.839782], [-81.301962, 29.840694], [-81.302197, 29.84226], [-81.30255, 29.843147], [-81.302926, 29.844534], [-81.30792, 29.844615], [-81.309165, 29.844567], [-81.309665, 29.844964], [-81.3102, 29.845288], [-81.310341, 29.845204], [-81.310811, 29.845149], [-81.310718, 29.844506], [-81.311081, 29.844409], [-81.31188, 29.844619], [-81.312372, 29.844505], [-81.312444, 29.844959], [-81.316299, 29.844873], [-81.316286, 29.84437], [-81.317101, 29.844353], [-81.317109, 29.844856], [-81.318078, 29.844829], [-81.317939, 29.844574], [-81.317919, 29.844319], [-81.319836, 29.844253], [-81.319783, 29.843287], [-81.319021, 29.841272], [-81.320097, 29.84096], [-81.320933, 29.843161], [-81.321671, 29.843094], [-81.321873, 29.843019], [-81.322055, 29.843085], [-81.322573, 29.843109], [-81.322145, 29.825855], [-81.322265, 29.823998], [-81.32263, 29.821656], [-81.322773, 29.821491], [-81.323111, 29.821635], [-81.323176, 29.821915], [-81.323123, 29.821991], [-81.323032, 29.821822], [-81.322705, 29.821591], [-81.322662, 29.821826], [-81.322772, 29.822095], [-81.322678, 29.822487], [-81.32269, 29.822768], [-81.32292, 29.823382], [-81.322746, 29.82348], [-81.322679, 29.823397], [-81.322639, 29.823472], [-81.322738, 29.823656], [-81.322759, 29.823545], [-81.32294, 29.82342], [-81.322978, 29.823496], [-81.322824, 29.823717], [-81.322898, 29.82372], [-81.322885, 29.823783], [-81.323011, 29.823768], [-81.322957, 29.823667], [-81.323003, 29.823537], [-81.323485, 29.82407], [-81.32388, 29.824129], [-81.324203, 29.824048], [-81.324504, 29.823781], [-81.324439, 29.823537], [-81.324537, 29.823218], [-81.324959, 29.823071], [-81.325519, 29.823112], [-81.325577, 29.823215], [-81.325891, 29.823425], [-81.325872, 29.823477], [-81.325489, 29.823562], [-81.325503, 29.823691], [-81.325752, 29.823785], [-81.325668, 29.823871], [-81.325511, 29.823879], [-81.32542, 29.823949], [-81.325563, 29.824081], [-81.325643, 29.823993], [-81.3257, 29.824047], [-81.325635, 29.823917], [-81.325706, 29.823918], [-81.325786, 29.823823], [-81.325726, 29.823711], [-81.32554, 29.82358], [-81.32588, 29.823523], [-81.325965, 29.823439], [-81.325616, 29.82318], [-81.325634, 29.823121], [-81.326182, 29.823181], [-81.326837, 29.823167], [-81.3279, 29.82331], [-81.328215, 29.823262], [-81.328404, 29.823391], [-81.328674, 29.823437], [-81.328791, 29.823368], [-81.329024, 29.82291], [-81.329062, 29.822597], [-81.32896, 29.822602], [-81.328933, 29.822402], [-81.328667, 29.822215], [-81.327982, 29.822076], [-81.327571, 29.821886], [-81.326933, 29.821391], [-81.326435, 29.821093], [-81.326312, 29.820968], [-81.326298, 29.820827], [-81.326603, 29.820453], [-81.326869, 29.820367], [-81.32716, 29.820422], [-81.327451, 29.820632], [-81.327957, 29.821353], [-81.328462, 29.821585], [-81.328747, 29.821297], [-81.328913, 29.820996], [-81.32875, 29.820724], [-81.32846, 29.820492], [-81.328055, 29.820367], [-81.328039, 29.820207], [-81.328097, 29.820123], [-81.328309, 29.820124], [-81.329125, 29.820416], [-81.329366, 29.820225], [-81.329324, 29.819933], [-81.32941, 29.819937], [-81.32944, 29.82002], [-81.329523, 29.820045], [-81.32992, 29.820099], [-81.329889, 29.819971], [-81.329807, 29.81993], [-81.32929, 29.819876], [-81.32926, 29.819708], [-81.329329, 29.819574], [-81.329567, 29.81944], [-81.330036, 29.81943], [-81.330157, 29.819504], [-81.330311, 29.819738], [-81.330513, 29.819828], [-81.330749, 29.819842], [-81.330925, 29.819674], [-81.330937, 29.819542], [-81.330815, 29.81942], [-81.330481, 29.819272], [-81.330448, 29.819173], [-81.331058, 29.819018], [-81.331446, 29.818989], [-81.331915, 29.818757], [-81.331983, 29.818835], [-81.33173, 29.819465], [-81.331815, 29.819586], [-81.332026, 29.819599], [-81.332615, 29.819118], [-81.332949, 29.818958], [-81.333081, 29.818652], [-81.333272, 29.818498], [-81.333527, 29.818448], [-81.333795, 29.818523], [-81.334115, 29.818528], [-81.33516, 29.818123], [-81.33566, 29.818139], [-81.336061, 29.818263], [-81.336182, 29.818236], [-81.336238, 29.818067], [-81.3361, 29.817667], [-81.335884, 29.817446], [-81.336, 29.817325], [-81.336178, 29.817281], [-81.336518, 29.817282], [-81.336657, 29.817369], [-81.336654, 29.817564], [-81.336519, 29.817836], [-81.336505, 29.818089], [-81.336607, 29.818221], [-81.336781, 29.818229], [-81.336936, 29.818045], [-81.336963, 29.817586], [-81.337237, 29.81706], [-81.337373, 29.816973], [-81.337647, 29.817], [-81.337849, 29.81711], [-81.337926, 29.817235], [-81.337872, 29.81753], [-81.337523, 29.818036], [-81.337577, 29.818267], [-81.33792, 29.818311], [-81.33833, 29.818144], [-81.338699, 29.818081], [-81.33927, 29.818142], [-81.339349, 29.818021], [-81.339224, 29.817884], [-81.338884, 29.81784], [-81.338868, 29.817782], [-81.339348, 29.81743], [-81.339565, 29.817085], [-81.339659, 29.817062], [-81.340287, 29.817493], [-81.340885, 29.817772], [-81.340872, 29.817897], [-81.34066, 29.818136], [-81.340627, 29.818436], [-81.341185, 29.818638], [-81.341431, 29.818873], [-81.341747, 29.819356], [-81.342322, 29.819431], [-81.342181, 29.819521], [-81.341668, 29.819536], [-81.341526, 29.819598], [-81.341569, 29.819686], [-81.341957, 29.819909], [-81.342262, 29.8197], [-81.342397, 29.819729], [-81.342366, 29.820062], [-81.34208, 29.820425], [-81.342168, 29.820613], [-81.342428, 29.820767], [-81.342577, 29.820728], [-81.342575, 29.820196], [-81.34268, 29.82028], [-81.342908, 29.820824], [-81.343037, 29.820906], [-81.343226, 29.820887], [-81.343499, 29.820721], [-81.343587, 29.820904], [-81.343772, 29.820991], [-81.344405, 29.820756], [-81.344566, 29.820835], [-81.344852, 29.820827], [-81.344899, 29.820864], [-81.344852, 29.821009], [-81.344902, 29.821226], [-81.345082, 29.821194], [-81.345275, 29.821072], [-81.34536, 29.821103], [-81.345333, 29.821836], [-81.345238, 29.821889], [-81.345182, 29.82202], [-81.345238, 29.822132], [-81.345387, 29.82208], [-81.345431, 29.822118], [-81.345165, 29.822362], [-81.345189, 29.822453], [-81.346265, 29.822297], [-81.346431, 29.822346], [-81.346518, 29.822439], [-81.346635, 29.822391], [-81.346935, 29.823769], [-81.347245, 29.824434], [-81.34737, 29.82486], [-81.347363, 29.825627], [-81.347443, 29.825893], [-81.347915, 29.826982], [-81.348325, 29.827508], [-81.348577, 29.827633], [-81.348987, 29.827977], [-81.349454, 29.827745], [-81.349685, 29.827561], [-81.349738, 29.827423], [-81.349704, 29.827244], [-81.34924, 29.826541], [-81.348997, 29.825932], [-81.349105, 29.825667], [-81.349522, 29.825429], [-81.350089, 29.826348], [-81.350661, 29.826955], [-81.35569, 29.830302], [-81.356412, 29.830934], [-81.35673, 29.831411], [-81.356964, 29.832146], [-81.357025, 29.836407], [-81.361085, 29.836366], [-81.361803, 29.836432], [-81.362827, 29.836432], [-81.365146, 29.836371], [-81.365609, 29.836385], [-81.365999, 29.836473], [-81.366556, 29.836774], [-81.366885, 29.837254], [-81.367014, 29.837812], [-81.367009, 29.839006], [-81.367234, 29.83937], [-81.367612, 29.839588], [-81.36993, 29.836797], [-81.370978, 29.835425], [-81.375707, 29.829831], [-81.378193, 29.826713], [-81.3791, 29.82569], [-81.391377, 29.850589], [-81.392365, 29.853172], [-81.39486, 29.861382], [-81.424523, 29.858297], [-81.458072, 29.855575], [-81.481736, 29.852432], [-81.49207, 29.851196], [-81.519909, 29.851226], [-81.520567, 29.851188], [-81.521838, 29.850889], [-81.535075, 29.846137], [-81.536514, 29.845724], [-81.537687, 29.845458], [-81.540261, 29.845085], [-81.541883, 29.844997], [-81.55878, 29.845054], [-81.583457, 29.844556], [-81.581207, 29.840176], [-81.606135, 29.839568], [-81.621437, 29.83949], [-81.624807, 29.839563], [-81.654892, 29.839009], [-81.662429, 29.838758], [-81.690902, 29.838276], [-81.69776, 29.83808], [-81.73148, 29.837431], [-81.756899, 29.83705], [-81.81243, 29.83649], [-81.81362, 29.83547], [-81.81435, 29.83475], [-81.81539, 29.83399], [-81.81581, 29.83361], [-81.81724, 29.83191], [-81.81914, 29.83024], [-81.82044, 29.82862], [-81.821872, 29.82634], [-81.822884, 29.825671], [-81.823284, 29.825571], [-81.826073, 29.82521], [-81.826523, 29.82508], [-81.827892, 29.82442], [-81.83219, 29.82095], [-81.83456, 29.8186], [-81.836361, 29.816691], [-81.837001, 29.816142], [-81.847656, 29.809237], [-81.848826, 29.80875], [-81.850756, 29.808141], [-81.85253, 29.807427], [-81.853337, 29.806965], [-81.854273, 29.806081], [-81.855328, 29.80535], [-81.85999, 29.80268], [-81.860612, 29.801972], [-81.861994, 29.800187], [-81.862184, 29.800137], [-81.862502, 29.800168], [-81.864237, 29.800512], [-81.86656, 29.800765], [-81.87033, 29.800868], [-81.881233, 29.799612], [-81.89045, 29.79828], [-81.89552, 29.79621], [-81.90019, 29.79413], [-81.90306, 29.79341], [-81.90474, 29.79307], [-81.90536, 29.79307], [-81.90657, 29.79332], [-81.9083, 29.79353], [-81.90893, 29.79357], [-81.90951, 29.79352], [-81.910409, 29.793256], [-81.911019, 29.792987], [-81.913329, 29.791749], [-81.914192, 29.791399], [-81.914233, 29.79115], [-81.914668, 29.790465], [-81.915629, 29.789604], [-81.916571, 29.788848], [-81.918731, 29.787529], [-81.919525, 29.786869], [-81.920218, 29.78616], [-81.921586, 29.783832], [-81.923497, 29.780919], [-81.923759, 29.780207], [-81.924269, 29.778434], [-81.924631, 29.77683], [-81.925042, 29.774068], [-81.92577, 29.77298], [-81.92712, 29.770228], [-81.927536, 29.768787], [-81.927781, 29.767671], [-81.928104, 29.765539], [-81.928241, 29.764027], [-81.928175, 29.762606], [-81.928346, 29.76111], [-81.929094, 29.759356], [-81.930074, 29.758082], [-81.93074, 29.75664], [-81.93111, 29.75613], [-81.9364, 29.7508], [-81.939427, 29.747497], [-81.945942, 29.747336], [-81.946672, 29.747274], [-81.95529, 29.74738], [-81.957117, 29.747243], [-81.957712, 29.747272], [-81.957692, 29.747447], [-81.957896, 29.747483], [-81.958497, 29.747396], [-81.95889, 29.74722], [-81.959699, 29.747171], [-81.961275, 29.747239], [-81.96356, 29.74715], [-81.963849, 29.747215], [-81.96616, 29.74712], [-81.96931, 29.74713], [-81.975648, 29.747028], [-81.976228, 29.747114], [-81.982312, 29.745836], [-81.985912, 29.744983], [-81.985864, 29.743652], [-81.991073, 29.743952], [-81.991415, 29.743807], [-81.99451, 29.743059], [-81.99451, 29.74288], [-81.99457, 29.74282], [-81.99523, 29.7426], [-82.004625, 29.740352], [-82.00707, 29.73949], [-82.0092, 29.73757], [-82.01293, 29.73446], [-82.01609, 29.73214], [-82.020417, 29.728719], [-82.02387, 29.72617], [-82.024913, 29.725236], [-82.025876, 29.723995], [-82.027324, 29.721155], [-82.027979, 29.720014], [-82.028917, 29.718681], [-82.049244, 29.71867], [-82.055625, 29.718232], [-82.05548, 29.717825], [-82.055474, 29.717209], [-82.054283, 29.716918], [-82.053993, 29.716995], [-82.053004, 29.717017], [-82.052027, 29.71678], [-82.051693, 29.716643], [-82.051189, 29.716279], [-82.050829, 29.716098], [-82.050324, 29.715498], [-82.050117, 29.715163], [-82.049928, 29.714062], [-82.049783, 29.713952], [-82.049562, 29.713991], [-82.049562, 29.713919], [-82.049682, 29.713881], [-82.049732, 29.713798], [-82.049436, 29.713456], [-82.049052, 29.713368], [-82.049146, 29.713192], [-82.049348, 29.713291], [-82.04948, 29.713209], [-82.049981, 29.713467], [-82.050157, 29.711531], [-82.050169, 29.710487], [-82.050291, 29.709735], [-82.050447, 29.707554], [-82.052302, 29.690543], [-82.052741, 29.688442], [-82.055027, 29.669608], [-82.056071, 29.656846], [-82.056151, 29.645355], [-82.056014, 29.643532], [-82.055961, 29.631151], [-82.055706, 29.625172], [-82.055427, 29.606402], [-82.055337, 29.59482], [-82.055444, 29.59381], [-82.055488, 29.577408], [-82.055481, 29.569061], [-82.055395, 29.568206], [-82.055433, 29.566576], [-82.055363, 29.565814], [-82.055418, 29.564323], [-82.055527, 29.563922], [-82.055591, 29.546489], [-82.055862, 29.527484], [-82.055971, 29.526094], [-82.05589, 29.525262], [-82.056104, 29.50802], [-82.055957, 29.506908], [-82.055911, 29.505096], [-82.055947, 29.501152], [-82.055896, 29.499452], [-82.0559, 29.469455], [-82.055976, 29.458078], [-82.055926, 29.454007], [-82.055747, 29.450651], [-82.055643, 29.441847], [-82.056148, 29.441532], [-82.056397, 29.441048], [-82.056535, 29.440427], [-82.056747, 29.439951], [-82.057023, 29.439782], [-82.057491, 29.439742], [-82.058153, 29.43979], [-82.05886, 29.439621], [-82.059614, 29.439331], [-82.060321, 29.43934], [-82.061387, 29.439518], [-82.061826, 29.439358], [-82.063024, 29.439373], [-82.064016, 29.439576], [-82.064473, 29.4399], [-82.064686, 29.440361], [-82.064823, 29.44148], [-82.065089, 29.4419], [-82.066007, 29.442296], [-82.06643, 29.442563], [-82.06687, 29.443467], [-82.067094, 29.443662], [-82.067155, 29.443798], [-82.06766, 29.443927], [-82.068349, 29.443895], [-82.071291, 29.443271], [-82.071641, 29.443006], [-82.071726, 29.442609], [-82.071125, 29.441283], [-82.071047, 29.440167], [-82.070326, 29.439195], [-82.070019, 29.437893], [-82.070088, 29.436811], [-82.070467, 29.436182], [-82.070589, 29.43561], [-82.070412, 29.434445], [-82.070522, 29.434236], [-82.070889, 29.434559], [-82.07109, 29.434604], [-82.07145, 29.434539], [-82.073574, 29.434548], [-82.074024, 29.434647], [-82.074601, 29.435198], [-82.075508, 29.435761], [-82.075809, 29.436487], [-82.076102, 29.43682], [-82.075945, 29.437045], [-82.075783, 29.438337], [-82.075901, 29.43875], [-82.077478, 29.439831], [-82.078207, 29.440091], [-82.080529, 29.440441], [-82.080943, 29.440386], [-82.082204, 29.439001], [-82.082857, 29.438512], [-82.083806, 29.437892], [-82.085674, 29.43723], [-82.08642, 29.436434], [-82.087006, 29.436188], [-82.087613, 29.435704], [-82.087852, 29.435018], [-82.088074, 29.433955], [-82.088257, 29.433672], [-82.088744, 29.433221], [-82.088927, 29.432902], [-82.088886, 29.432646], [-82.088561, 29.432486], [-82.087342, 29.432362], [-82.086692, 29.432123], [-82.086946, 29.431655], [-82.087068, 29.431177], [-82.086885, 29.430956], [-82.08652, 29.430929], [-82.086408, 29.431124], [-82.086124, 29.431186], [-82.086053, 29.431106], [-82.08654, 29.430027], [-82.087167, 29.429508], [-82.088164, 29.429467], [-82.088274, 29.429331], [-82.088277, 29.428971], [-82.088122, 29.428714], [-82.087781, 29.428349], [-82.087329, 29.428033], [-82.086983, 29.427633], [-82.086517, 29.42677], [-82.086535, 29.426655], [-82.086768, 29.426778], [-82.087253, 29.426812], [-82.08763, 29.426673], [-82.087808, 29.426535], [-82.087953, 29.426266], [-82.088123, 29.426198], [-82.089427, 29.428046], [-82.089207, 29.428364], [-82.08893, 29.428942], [-82.089022, 29.429071], [-82.090022, 29.42922], [-82.090473, 29.429669], [-82.089971, 29.430697], [-82.090056, 29.430762], [-82.090344, 29.430874], [-82.090951, 29.430936], [-82.091849, 29.430798], [-82.091986, 29.430754], [-82.09213, 29.430571], [-82.092044, 29.43042], [-82.092091, 29.430154], [-82.09242, 29.429956], [-82.092514, 29.429553], [-82.092201, 29.4293], [-82.091534, 29.429157], [-82.09144, 29.429068], [-82.091463, 29.428822], [-82.09162, 29.428692], [-82.092279, 29.428863], [-82.092522, 29.42902], [-82.092671, 29.429232], [-82.093048, 29.430632], [-82.093228, 29.430728], [-82.093471, 29.430748], [-82.093879, 29.430666], [-82.094537, 29.430352], [-82.094679, 29.429956], [-82.094953, 29.429587], [-82.095526, 29.429273], [-82.095729, 29.428781], [-82.09551, 29.428419], [-82.095455, 29.427811], [-82.095659, 29.427374], [-82.096035, 29.426861], [-82.096467, 29.426472], [-82.096874, 29.425242], [-82.096796, 29.424197], [-82.096683, 29.423731], [-82.096344, 29.423093], [-82.095799, 29.42245], [-82.095524, 29.421776], [-82.095474, 29.421073], [-82.095629, 29.420499], [-82.096194, 29.420203], [-82.096674, 29.419802], [-82.099199, 29.418815], [-82.099886, 29.418664], [-82.099941, 29.418898], [-82.098839, 29.419761], [-82.098719, 29.420238], [-82.098912, 29.42056], [-82.099546, 29.420899], [-82.099674, 29.421109], [-82.099425, 29.422489], [-82.099331, 29.422518], [-82.099047, 29.422285], [-82.098359, 29.421452], [-82.098136, 29.421244], [-82.097787, 29.421062], [-82.09724, 29.421141], [-82.0969, 29.421391], [-82.096817, 29.421835], [-82.097441, 29.422981], [-82.098515, 29.424337], [-82.098543, 29.424571], [-82.098331, 29.424732], [-82.098156, 29.425144], [-82.098331, 29.425386], [-82.098808, 29.426919], [-82.098716, 29.427258], [-82.097611, 29.427702], [-82.096999, 29.428244], [-82.097135, 29.428831], [-82.096556, 29.428888], [-82.096262, 29.429364], [-82.096234, 29.429969], [-82.09572, 29.429936], [-82.095664, 29.430098], [-82.095897, 29.430316], [-82.096867, 29.430639], [-82.097162, 29.43101], [-82.097859, 29.431672], [-82.09785, 29.432051], [-82.097427, 29.432503], [-82.097335, 29.432874], [-82.09751, 29.433141], [-82.098242, 29.433218], [-82.098725, 29.43313], [-82.098787, 29.43327], [-82.098364, 29.433625], [-82.098511, 29.433786], [-82.099145, 29.43377], [-82.099209, 29.433908], [-82.098662, 29.434146], [-82.098713, 29.434295], [-82.099438, 29.434658], [-82.099328, 29.43511], [-82.098832, 29.435344], [-82.098767, 29.436062], [-82.098914, 29.436328], [-82.099364, 29.43653], [-82.099226, 29.436813], [-82.099981, 29.437052], [-82.100182, 29.43694], [-82.100499, 29.436584], [-82.100567, 29.436918], [-82.100851, 29.437561], [-82.10075, 29.437692], [-82.100757, 29.437864], [-82.100814, 29.438008], [-82.101143, 29.438313], [-82.101548, 29.438324], [-82.102348, 29.438195], [-82.102588, 29.438387], [-82.102924, 29.438394], [-82.103532, 29.438165], [-82.104124, 29.438273], [-82.104499, 29.437922], [-82.105231, 29.437636], [-82.105315, 29.436745], [-82.105709, 29.435922], [-82.105914, 29.435709], [-82.107373, 29.43555], [-82.108941, 29.435688], [-82.109199, 29.435604], [-82.109514, 29.43538], [-82.109795, 29.435379], [-82.109847, 29.434271], [-82.109857, 29.421618], [-82.109807, 29.417871], [-82.109872, 29.411833], [-82.109972, 29.411226], [-82.110268, 29.41024], [-82.110654, 29.409571], [-82.111375, 29.408681], [-82.112625, 29.407478], [-82.113152, 29.40677], [-82.113537, 29.406019], [-82.113843, 29.405037], [-82.113905, 29.40444], [-82.113867, 29.401929], [-82.113936, 29.40114], [-82.114019, 29.400772], [-82.114375, 29.399869], [-82.115006, 29.398922], [-82.123836, 29.389631], [-82.124412, 29.388872], [-82.145992, 29.348391], [-82.146764, 29.347227], [-82.149388, 29.344327], [-82.149884, 29.34361], [-82.150405, 29.342324], [-82.151367, 29.339317], [-82.151521, 29.338038], [-82.152061, 29.242241], [-82.15197, 29.240163], [-82.151762, 29.238366], [-82.149459, 29.236217], [-82.148691, 29.235746], [-82.149901, 29.235382], [-82.151078, 29.235162], [-82.148444, 29.226816], [-82.142721, 29.226748], [-82.144031, 29.223108], [-82.135109, 29.223063], [-82.13679, 29.224648], [-82.136727, 29.230401], [-82.134576, 29.230347], [-82.134584, 29.22674], [-82.132541, 29.22672], [-82.132579, 29.223061], [-82.123866, 29.223076], [-82.116276, 29.222985], [-82.070267, 29.222933], [-82.070373, 29.21186], [-82.069722, 29.211861], [-82.069721, 29.211586], [-82.069093, 29.211586], [-82.069096, 29.211911], [-82.066237, 29.211923], [-82.066118, 29.210869], [-82.06414, 29.211867], [-82.062978, 29.211832], [-82.057788, 29.211901], [-82.057762, 29.210705], [-82.057604, 29.210133], [-82.057253, 29.209413], [-82.056973, 29.209009], [-82.054829, 29.206686], [-82.054223, 29.205925], [-82.053923, 29.205355], [-82.053757, 29.204866], [-82.053681, 29.204315], [-82.053682, 29.193655], [-82.061981, 29.193699], [-82.062045, 29.180871], [-82.061979, 29.170901], [-82.061829, 29.170618], [-82.061485, 29.170266], [-82.061896, 29.170015], [-82.062436, 29.169865], [-82.064986, 29.169853], [-82.065146, 29.16978], [-82.065267, 29.169583], [-82.065296, 29.167876], [-82.06466, 29.167547], [-82.064561, 29.167309], [-82.064536, 29.165356], [-82.064457, 29.165068], [-82.065563, 29.16504], [-82.065567, 29.161263], [-82.066212, 29.160691], [-82.066221, 29.160515], [-82.065985, 29.160347], [-82.066005, 29.15969], [-82.066099, 29.159693], [-82.066138, 29.149859], [-82.067901, 29.149879], [-82.069262, 29.149975], [-82.07114, 29.14995], [-82.071462, 29.149882], [-82.071775, 29.149653], [-82.072989, 29.147818], [-82.073165, 29.147677], [-82.07373, 29.147428], [-82.074133, 29.147086], [-82.074417, 29.146644], [-82.074417, 29.142687], [-82.074497, 29.142425], [-82.078526, 29.135337], [-82.108505, 29.135292], [-82.124364, 29.135399], [-82.136042, 29.135392], [-82.136218, 29.123627], [-82.140108, 29.123177], [-82.168849, 29.122825], [-82.168862, 29.120909], [-82.1847, 29.12093], [-82.184862, 29.09189], [-82.184867, 29.090367]]]}}, {"type": "Feature", "properties": {"district": "17", "chamber": "congressional", "name": "Florida Congressional District 17"}, "geometry": {"type": "Polygon", "coordinates": [[[-82.85074, 27.391389], [-82.84661, 27.38091], [-82.84377, 27.37488], [-82.84056, 27.3688], [-82.8345, 27.35892], [-82.8302, 27.35282], [-82.82627, 27.34776], [-82.81914, 27.3396], [-82.81016, 27.33072], [-82.79552, 27.31795], [-82.78629, 27.31066], [-82.7817, 27.30349], [-82.77308, 27.29108], [-82.76014, 27.27419], [-82.75309, 27.26602], [-82.73465, 27.24682], [-82.73087, 27.23344], [-82.72787, 27.22521], [-82.72512, 27.2188], [-82.7217, 27.21185], [-82.71779, 27.20491], [-82.7109, 27.19485], [-82.7044, 27.18674], [-82.69921, 27.1808], [-82.69357, 27.17483], [-82.68397, 27.16593], [-82.67457, 27.15847], [-82.67297, 27.15623], [-82.67054, 27.15444], [-82.66846, 27.15019], [-82.66473, 27.14533], [-82.66158, 27.13941], [-82.65937, 27.13467], [-82.65751, 27.12925], [-82.65587, 27.1253], [-82.652, 27.11671], [-82.64858, 27.10997], [-82.64519, 27.10403], [-82.641434, 27.098499], [-82.63531, 27.08773], [-82.63399, 27.08155], [-82.63194, 27.07398], [-82.62946, 27.0665], [-82.62638, 27.05869], [-82.62118, 27.04777], [-82.6147, 27.03673], [-82.60967, 27.02323], [-82.60228, 27.00571], [-82.60032, 27.0014], [-82.59439, 26.99023], [-82.58862, 26.98085], [-82.5724, 26.95802], [-82.56843, 26.95174], [-82.56363, 26.94361], [-82.54882, 26.91529], [-82.54475, 26.90804], [-82.53994, 26.90054], [-82.52699, 26.88198], [-82.51752, 26.86695], [-82.49878, 26.83573], [-82.47786, 26.80631], [-82.47032, 26.79719], [-82.46533, 26.79199], [-82.462012, 26.787429], [-82.307905, 26.788625], [-82.272213, 26.789518], [-82.264676, 26.789429], [-82.249816, 26.786886], [-82.248032, 26.786857], [-82.245635, 26.786391], [-82.242631, 26.785739], [-82.233914, 26.783221], [-82.231046, 26.782653], [-82.228066, 26.782178], [-82.222403, 26.781988], [-82.221492, 26.781754], [-82.218118, 26.779788], [-82.213197, 26.775288], [-82.208794, 26.771724], [-82.20749, 26.771029], [-82.205562, 26.770528], [-82.198626, 26.770892], [-81.931333, 26.770051], [-81.906979, 26.725878], [-81.90596, 26.723455], [-81.900819, 26.70759], [-81.90024, 26.704925], [-81.900174, 26.702512], [-81.900833, 26.696553], [-81.901741, 26.683491], [-81.901599, 26.681563], [-81.901092, 26.679977], [-81.899829, 26.678025], [-81.885917, 26.662802], [-81.88205, 26.656982], [-81.876831, 26.661014], [-81.853953, 26.675495], [-81.840417, 26.689141], [-81.826772, 26.680954], [-81.824536, 26.679015], [-81.825175, 26.678545], [-81.824648, 26.67778], [-81.824472, 26.663476], [-81.824779, 26.663213], [-81.820019, 26.663288], [-81.820006, 26.662769], [-81.818358, 26.663298], [-81.818417, 26.666085], [-81.816329, 26.666092], [-81.816218, 26.663797], [-81.813822, 26.665126], [-81.813399, 26.665148], [-81.813445, 26.667007], [-81.81235, 26.667032], [-81.812299, 26.665181], [-81.812666, 26.665171], [-81.812652, 26.664866], [-81.812292, 26.664844], [-81.81213, 26.656148], [-81.801529, 26.656425], [-81.789906, 26.656401], [-81.789816, 26.653775], [-81.791781, 26.653737], [-81.791609, 26.649254], [-81.787712, 26.649288], [-81.787505, 26.642109], [-81.7716, 26.642165], [-81.771649, 26.656688], [-81.763681, 26.65677], [-81.763471, 26.642254], [-81.765711, 26.642195], [-81.765748, 26.643536], [-81.766758, 26.643535], [-81.76656, 26.627225], [-81.759199, 26.627369], [-81.759208, 26.627714], [-81.751258, 26.62778], [-81.751143, 26.621004], [-81.735643, 26.620909], [-81.734155, 26.620353], [-81.729713, 26.617285], [-81.727855, 26.6167], [-81.682782, 26.617115], [-81.68244, 26.617108], [-81.680658, 26.615966], [-81.6797, 26.615044], [-81.679247, 26.613634], [-81.679189, 26.599016], [-81.678399, 26.584543], [-81.678186, 26.566902], [-81.678338, 26.566382], [-81.647321, 26.552851], [-81.637485, 26.545521], [-81.636881, 26.544819], [-81.635397, 26.541977], [-81.633873, 26.542623], [-81.633009, 26.543269], [-81.632504, 26.544033], [-81.631768, 26.546383], [-81.631069, 26.547058], [-81.63026, 26.547417], [-81.612388, 26.547665], [-81.611808, 26.547669], [-81.611747, 26.542357], [-81.608561, 26.542498], [-81.60557, 26.543053], [-81.605557, 26.54158], [-81.604554, 26.541586], [-81.604586, 26.54502], [-81.603592, 26.545256], [-81.603565, 26.543565], [-81.601752, 26.543981], [-81.601721, 26.542433], [-81.599466, 26.542449], [-81.599491, 26.544201], [-81.596736, 26.544215], [-81.596704, 26.5411], [-81.596022, 26.541105], [-81.596003, 26.541402], [-81.579585, 26.541526], [-81.56421, 26.542476], [-81.565543, 26.625348], [-81.56657, 26.712972], [-81.56493, 26.84005], [-81.564859, 26.857079], [-81.565028, 26.85736], [-81.564702, 26.868987], [-81.562624, 27.033835], [-81.66192, 27.033443], [-81.688576, 27.033833], [-81.793066, 27.033998], [-81.983242, 27.03525], [-81.992522, 27.0317], [-82.057506, 27.032119], [-82.05738, 27.119796], [-82.057631, 27.125331], [-82.056497, 27.207769], [-82.112918, 27.208189], [-82.124827, 27.207994], [-82.136911, 27.208313], [-82.253596, 27.208916], [-82.253197, 27.289774], [-82.253024, 27.2908], [-82.252555, 27.371249], [-82.25226, 27.375321], [-82.252264, 27.386243], [-82.3137, 27.386215], [-82.392515, 27.386831], [-82.397394, 27.386453], [-82.43624, 27.386353], [-82.447088, 27.386123], [-82.447169, 27.388603], [-82.451451, 27.38866], [-82.45505, 27.388688], [-82.46071, 27.388206], [-82.500201, 27.388415], [-82.505618, 27.388904], [-82.513871, 27.388974], [-82.51998, 27.389019], [-82.524179, 27.388664], [-82.529561, 27.388664], [-82.533716, 27.388928], [-82.543666, 27.389044], [-82.565383, 27.389051], [-82.825647, 27.391112], [-82.85074, 27.391389]]]}}, {"type": "Feature", "properties": {"district": "18", "chamber": "congressional", "name": "Florida Congressional District 18"}, "geometry": {"type": "Polygon", "coordinates": [[[-82.057618, 27.126471], [-82.05738, 27.119796], [-82.057506, 27.032119], [-81.992522, 27.0317], [-81.983242, 27.03525], [-81.793066, 27.033998], [-81.688576, 27.033833], [-81.66192, 27.033443], [-81.562624, 27.033835], [-81.564702, 26.868987], [-81.565028, 26.85736], [-81.564859, 26.857079], [-81.56493, 26.84005], [-81.56657, 26.712972], [-81.565543, 26.625348], [-81.563763, 26.513331], [-81.544425, 26.513506], [-81.434663, 26.485548], [-81.433755, 26.429284], [-81.435243, 26.429299], [-81.43523, 26.428434], [-81.435177, 26.425687], [-81.433695, 26.425711], [-81.433682, 26.424987], [-81.435702, 26.424949], [-81.435703, 26.424761], [-81.433678, 26.42471], [-81.433464, 26.421724], [-81.433633, 26.421591], [-81.433549, 26.418397], [-81.423478, 26.41854], [-81.423433, 26.416669], [-81.420746, 26.416692], [-81.420772, 26.418572], [-81.411887, 26.418627], [-81.409059, 26.418065], [-81.408779, 26.418446], [-81.385422, 26.419098], [-81.36991, 26.419211], [-81.352706, 26.418776], [-81.336281, 26.418868], [-81.320197, 26.419433], [-81.301471, 26.422467], [-81.271932, 26.422648], [-81.270789, 26.350174], [-81.270025, 26.333909], [-81.268681, 26.28219], [-81.268236, 26.253069], [-81.220458, 26.254295], [-81.204302, 26.25458], [-81.187891, 26.254419], [-81.171617, 26.254906], [-81.155642, 26.254883], [-81.122904, 26.255784], [-81.057257, 26.256629], [-80.976641, 26.257168], [-80.87971, 26.259308], [-80.881285, 26.333806], [-80.881833, 26.3338], [-80.881915, 26.346125], [-80.880017, 26.346059], [-80.881189, 26.375356], [-80.883109, 26.447522], [-80.882975, 26.464926], [-80.883146, 26.478154], [-80.885772, 26.609242], [-80.886026, 26.654627], [-80.88578, 26.807582], [-80.886053, 26.949235], [-80.885639, 26.958919], [-80.832735, 27.000372], [-80.749781, 27.063311], [-80.693505, 27.108051], [-80.677427, 27.121619], [-80.677954, 27.24104], [-80.678343, 27.250323], [-80.678687, 27.294048], [-80.67772, 27.294065], [-80.678014, 27.375429], [-80.678821, 27.428723], [-80.678609, 27.448696], [-80.679288, 27.455697], [-80.679037, 27.471912], [-80.679974, 27.525978], [-80.679659, 27.558736], [-80.761855, 27.558981], [-80.777166, 27.558733], [-80.777502, 27.620395], [-80.778047, 27.643195], [-80.84482, 27.642633], [-80.863778, 27.642144], [-80.867024, 27.642387], [-80.985718, 27.64232], [-80.999786, 27.64202], [-81.022917, 27.64199], [-81.065649, 27.642202], [-81.142164, 27.643238], [-81.14171, 27.643896], [-81.141308, 27.644045], [-81.14125, 27.644889], [-81.14005, 27.646666], [-81.13866, 27.64667], [-81.137676, 27.647171], [-81.137311, 27.647038], [-81.137258, 27.6453], [-81.138201, 27.644395], [-81.137612, 27.644181], [-81.136486, 27.644531], [-81.134725, 27.646395], [-81.13395, 27.646686], [-81.133765, 27.647232], [-81.134647, 27.647575], [-81.133899, 27.649119], [-81.133243, 27.648561], [-81.132911, 27.647486], [-81.132469, 27.647468], [-81.131495, 27.6494], [-81.131235, 27.650515], [-81.13121, 27.651386], [-81.131921, 27.653575], [-81.132457, 27.654082], [-81.132317, 27.654807], [-81.131845, 27.655432], [-81.131044, 27.659307], [-81.131842, 27.661509], [-81.134089, 27.662065], [-81.135144, 27.66318], [-81.137345, 27.664048], [-81.138446, 27.665], [-81.140039, 27.66734], [-81.141826, 27.668484], [-81.141951, 27.67028], [-81.142228, 27.670626], [-81.142897, 27.67094], [-81.143284, 27.670739], [-81.143627, 27.669131], [-81.144094, 27.669275], [-81.144343, 27.669723], [-81.144623, 27.672167], [-81.145214, 27.67383], [-81.145069, 27.674683], [-81.144238, 27.675454], [-81.144123, 27.676093], [-81.144295, 27.676448], [-81.145219, 27.677014], [-81.145447, 27.677626], [-81.144652, 27.679471], [-81.145043, 27.680491], [-81.146892, 27.68194], [-81.146885, 27.682217], [-81.146131, 27.682519], [-81.146075, 27.682305], [-81.145507, 27.682124], [-81.144905, 27.682201], [-81.145506, 27.683195], [-81.145907, 27.6851], [-81.146739, 27.685809], [-81.146222, 27.686512], [-81.147481, 27.688177], [-81.147674, 27.688993], [-81.146679, 27.690475], [-81.146613, 27.690921], [-81.147171, 27.691508], [-81.149001, 27.692032], [-81.148561, 27.693647], [-81.147306, 27.695807], [-81.147337, 27.696383], [-81.148729, 27.698345], [-81.150066, 27.699328], [-81.150233, 27.699808], [-81.149801, 27.700161], [-81.148421, 27.699031], [-81.147996, 27.699159], [-81.149324, 27.702979], [-81.147367, 27.704351], [-81.147199, 27.704862], [-81.147669, 27.705371], [-81.147455, 27.705709], [-81.146433, 27.705871], [-81.145987, 27.706266], [-81.146035, 27.707578], [-81.146787, 27.709036], [-81.146497, 27.70958], [-81.145822, 27.7099], [-81.145815, 27.710313], [-81.149004, 27.712879], [-81.150634, 27.715519], [-81.150474, 27.717165], [-81.150709, 27.717632], [-81.151229, 27.71756], [-81.151552, 27.716333], [-81.151777, 27.716175], [-81.152225, 27.716595], [-81.152308, 27.717988], [-81.153076, 27.718553], [-81.154161, 27.718815], [-81.155226, 27.718603], [-81.156764, 27.71883], [-81.157813, 27.718468], [-81.15904, 27.718452], [-81.159969, 27.719263], [-81.160617, 27.721737], [-81.160759, 27.723789], [-81.161347, 27.724166], [-81.163059, 27.724393], [-81.163913, 27.724], [-81.16532, 27.724265], [-81.16595, 27.724039], [-81.166799, 27.723119], [-81.167379, 27.72339], [-81.167459, 27.723779], [-81.16703, 27.724219], [-81.16712, 27.724602], [-81.167634, 27.725289], [-81.168684, 27.725937], [-81.168837, 27.72631], [-81.168353, 27.72733], [-81.168495, 27.7282], [-81.167095, 27.728354], [-81.166883, 27.728745], [-81.168295, 27.729682], [-81.168705, 27.731982], [-81.1683, 27.732632], [-81.167569, 27.73291], [-81.165857, 27.731994], [-81.165498, 27.732129], [-81.166738, 27.733355], [-81.166824, 27.734186], [-81.166615, 27.734716], [-81.165902, 27.7349], [-81.164986, 27.734493], [-81.164542, 27.735359], [-81.164418, 27.736685], [-81.164921, 27.738396], [-81.164736, 27.740229], [-81.165011, 27.742327], [-81.165454, 27.742733], [-81.166445, 27.743027], [-81.167618, 27.742937], [-81.168052, 27.742207], [-81.169254, 27.742681], [-81.171775, 27.743152], [-81.171998, 27.743448], [-81.171804, 27.743696], [-81.170943, 27.743547], [-81.170648, 27.743837], [-81.170562, 27.745422], [-81.171163, 27.746501], [-81.171955, 27.747214], [-81.17287, 27.747439], [-81.173976, 27.745504], [-81.174487, 27.745557], [-81.175218, 27.746408], [-81.175924, 27.747984], [-81.175972, 27.748559], [-81.175402, 27.749299], [-81.175464, 27.749746], [-81.17672, 27.750431], [-81.177394, 27.751607], [-81.178657, 27.752096], [-81.178824, 27.752759], [-81.178631, 27.754009], [-81.17905, 27.755501], [-81.17801, 27.758929], [-81.177302, 27.758966], [-81.176719, 27.759369], [-81.175123, 27.759065], [-81.174347, 27.759414], [-81.173615, 27.758668], [-81.172957, 27.759492], [-81.173013, 27.760907], [-81.17321, 27.761341], [-81.174222, 27.762177], [-81.174578, 27.763704], [-81.175037, 27.764412], [-81.179148, 27.76584], [-81.179383, 27.766671], [-81.178329, 27.768475], [-81.178202, 27.770528], [-81.178618, 27.770857], [-81.180336, 27.769895], [-81.18097, 27.769994], [-81.181108, 27.77092], [-81.180698, 27.773126], [-81.181069, 27.774211], [-81.181687, 27.774574], [-81.182519, 27.774478], [-81.183775, 27.773227], [-81.184675, 27.772934], [-81.186414, 27.773864], [-81.187474, 27.774975], [-81.18771, 27.775453], [-81.187395, 27.776484], [-81.186799, 27.77684], [-81.185705, 27.778183], [-81.185981, 27.779038], [-81.187575, 27.780738], [-81.189443, 27.782275], [-81.189862, 27.783368], [-81.189834, 27.784666], [-81.18956, 27.785319], [-81.191984, 27.786872], [-81.193186, 27.788024], [-81.194309, 27.789815], [-81.196307, 27.790769], [-81.196529, 27.791545], [-81.197166, 27.792424], [-81.197086, 27.793063], [-81.19749, 27.794985], [-81.198649, 27.797315], [-81.199631, 27.797593], [-81.200089, 27.796957], [-81.200504, 27.797398], [-81.200309, 27.798274], [-81.200528, 27.799621], [-81.20022, 27.800593], [-81.200701, 27.802309], [-81.200693, 27.803653], [-81.201937, 27.805112], [-81.202456, 27.806652], [-81.203821, 27.808837], [-81.204093, 27.80974], [-81.20405, 27.810598], [-81.204427, 27.810593], [-81.204762, 27.810053], [-81.206129, 27.811708], [-81.208575, 27.812227], [-81.20652, 27.812447], [-81.206699, 27.813294], [-81.207163, 27.813267], [-81.208513, 27.815151], [-81.209081, 27.815292], [-81.209934, 27.81724], [-81.209461, 27.817306], [-81.209244, 27.817597], [-81.210039, 27.819228], [-81.208512, 27.820461], [-81.207951, 27.820553], [-81.207976, 27.820977], [-81.211028, 27.82266], [-81.213077, 27.823353], [-81.213956, 27.82409], [-81.215541, 27.826566], [-81.215461, 27.827469], [-81.214929, 27.827711], [-81.214409, 27.82855], [-81.215292, 27.829731], [-81.220815, 27.834929], [-81.224657, 27.836943], [-81.225251, 27.837978], [-81.227933, 27.840147], [-81.229787, 27.842145], [-81.23112, 27.842843], [-81.233131, 27.843416], [-81.23334, 27.843701], [-81.234404, 27.843857], [-81.234789, 27.84365], [-81.237104, 27.844897], [-81.238064, 27.845755], [-81.241426, 27.847207], [-81.241711, 27.847124], [-81.241649, 27.846849], [-81.240992, 27.846486], [-81.24171, 27.84566], [-81.242094, 27.846188], [-81.242831, 27.846171], [-81.243698, 27.847233], [-81.244993, 27.847777], [-81.246473, 27.848789], [-81.24677, 27.84858], [-81.246268, 27.847859], [-81.247618, 27.84787], [-81.247983, 27.847589], [-81.248379, 27.846829], [-81.248607, 27.845261], [-81.250348, 27.84361], [-81.251004, 27.843863], [-81.251468, 27.844981], [-81.251238, 27.846929], [-81.251034, 27.847132], [-81.250563, 27.84705], [-81.250172, 27.848403], [-81.250482, 27.848854], [-81.252333, 27.849009], [-81.254172, 27.848829], [-81.254902, 27.848433], [-81.256172, 27.847173], [-81.257231, 27.847003], [-81.259107, 27.845985], [-81.259875, 27.846255], [-81.2599, 27.846475], [-81.2585, 27.847042], [-81.257781, 27.848137], [-81.258778, 27.848071], [-81.26081, 27.846955], [-81.263187, 27.847115], [-81.265211, 27.847594], [-81.266585, 27.848409], [-81.268028, 27.848894], [-81.27043, 27.849385], [-81.272943, 27.850238], [-81.277283, 27.850751], [-81.278218, 27.851197], [-81.279097, 27.852001], [-81.28018, 27.854258], [-81.281523, 27.855793], [-81.281678, 27.85652], [-81.281324, 27.857472], [-81.289646, 27.857297], [-81.292049, 27.857628], [-81.295429, 27.85874], [-81.297113, 27.859582], [-81.297819, 27.860204], [-81.297943, 27.860881], [-81.29881, 27.861387], [-81.300946, 27.862185], [-81.301305, 27.861965], [-81.301862, 27.862081], [-81.302265, 27.862614], [-81.302289, 27.863583], [-81.301825, 27.864893], [-81.301466, 27.865201], [-81.300729, 27.86492], [-81.299534, 27.862988], [-81.298915, 27.862493], [-81.297713, 27.862493], [-81.297478, 27.862289], [-81.297299, 27.862741], [-81.302995, 27.870049], [-81.303379, 27.870385], [-81.303831, 27.869895], [-81.304376, 27.870401], [-81.304883, 27.871722], [-81.304592, 27.871992], [-81.305923, 27.876827], [-81.305914, 27.877523], [-81.304901, 27.879077], [-81.304473, 27.880469], [-81.306108, 27.886176], [-81.306665, 27.88753], [-81.307991, 27.889583], [-81.312847, 27.89562], [-81.314129, 27.898057], [-81.314909, 27.901244], [-81.31481, 27.903836], [-81.313931, 27.904738], [-81.312599, 27.908167], [-81.312264, 27.910236], [-81.310933, 27.912586], [-81.310028, 27.913582], [-81.309173, 27.915304], [-81.308498, 27.91936], [-81.308405, 27.920835], [-81.308696, 27.92188], [-81.312085, 27.925122], [-81.314377, 27.925793], [-81.314805, 27.926541], [-81.315418, 27.926888], [-81.315331, 27.927829], [-81.315994, 27.928506], [-81.317859, 27.928665], [-81.318844, 27.928131], [-81.318702, 27.927691], [-81.317649, 27.926723], [-81.317568, 27.926294], [-81.317915, 27.925936], [-81.317109, 27.924879], [-81.317116, 27.9245], [-81.317816, 27.924263], [-81.319055, 27.92538], [-81.321335, 27.92637], [-81.330022, 27.929473], [-81.333356, 27.930403], [-81.33827, 27.933407], [-81.338604, 27.93334], [-81.3387, 27.932855], [-81.33848, 27.932008], [-81.338664, 27.931336], [-81.340395, 27.932154], [-81.340891, 27.932648], [-81.341414, 27.932536], [-81.341646, 27.932735], [-81.34399, 27.936201], [-81.344454, 27.936107], [-81.344817, 27.935571], [-81.34546, 27.935677], [-81.346735, 27.936751], [-81.347485, 27.938357], [-81.347522, 27.939249], [-81.346494, 27.939777], [-81.346141, 27.94024], [-81.34616, 27.94063], [-81.345732, 27.940895], [-81.346438, 27.941087], [-81.345873, 27.941451], [-81.343484, 27.941351], [-81.341258, 27.940626], [-81.340618, 27.940661], [-81.338983, 27.939949], [-81.33871, 27.939333], [-81.338233, 27.939197], [-81.33847, 27.939983], [-81.338371, 27.940533], [-81.336655, 27.945343], [-81.336488, 27.947649], [-81.336824, 27.94991], [-81.337499, 27.950697], [-81.3382, 27.950994], [-81.338869, 27.951165], [-81.340902, 27.951032], [-81.34296, 27.953079], [-81.343369, 27.953134], [-81.344019, 27.952787], [-81.343629, 27.952264], [-81.345128, 27.952291], [-81.346052, 27.952583], [-81.347267, 27.953469], [-81.347936, 27.953452], [-81.347688, 27.953155], [-81.348054, 27.953122], [-81.34899, 27.953325], [-81.349845, 27.953919], [-81.350056, 27.954453], [-81.349945, 27.955064], [-81.349548, 27.955135], [-81.349523, 27.954607], [-81.34905, 27.95426], [-81.348456, 27.95547], [-81.347961, 27.960669], [-81.348459, 27.961995], [-81.349831, 27.963758], [-81.365148, 27.972895], [-81.366854, 27.973143], [-81.368688, 27.973809], [-81.368933, 27.974167], [-81.368758, 27.975428], [-81.369505, 27.976781], [-81.370596, 27.977927], [-81.3723, 27.977621], [-81.373211, 27.977026], [-81.373751, 27.977103], [-81.373927, 27.977498], [-81.375006, 27.97819], [-81.376505, 27.978251], [-81.376739, 27.981828], [-81.376435, 27.981894], [-81.377135, 27.984067], [-81.378995, 27.983034], [-81.380098, 27.983018], [-81.381022, 27.983393], [-81.381908, 27.984983], [-81.381622, 27.986717], [-81.380908, 27.988004], [-81.380542, 27.988345], [-81.378602, 27.988443], [-81.378502, 27.988977], [-81.381685, 27.995323], [-81.382639, 27.997717], [-81.382837, 27.997806], [-81.382955, 27.997431], [-81.383625, 27.997179], [-81.38396, 27.997487], [-81.384096, 27.998301], [-81.384629, 27.999127], [-81.384529, 27.999358], [-81.384833, 27.999628], [-81.385769, 27.99938], [-81.385724, 28.000492], [-81.386058, 28.001626], [-81.387254, 28.00298], [-81.387248, 28.003261], [-81.386808, 28.003283], [-81.386802, 28.003486], [-81.388215, 28.004065], [-81.38948, 28.004049], [-81.391104, 28.004501], [-81.392511, 28.004562], [-81.398167, 28.003006], [-81.401912, 28.002468], [-81.403697, 28.002782], [-81.407089, 28.001412], [-81.408602, 28.001071], [-81.414349, 28.000649], [-81.414721, 28.000038], [-81.413854, 27.999597], [-81.41391, 27.99914], [-81.414574, 27.99843], [-81.415888, 27.998249], [-81.419978, 28.001794], [-81.421063, 28.003352], [-81.421956, 28.005525], [-81.422421, 28.007754], [-81.424224, 28.010743], [-81.424888, 28.013874], [-81.426115, 28.0164], [-81.426785, 28.017055], [-81.426778, 28.017825], [-81.427256, 28.018507], [-81.427776, 28.021055], [-81.428093, 28.02154], [-81.428806, 28.021815], [-81.429147, 28.021661], [-81.428403, 28.021358], [-81.428118, 28.020802], [-81.428254, 28.019085], [-81.428564, 28.018783], [-81.429104, 28.019861], [-81.429203, 28.020978], [-81.429742, 28.020951], [-81.430716, 28.021809], [-81.432452, 28.022382], [-81.432818, 28.0234], [-81.434715, 28.025282], [-81.435664, 28.02701], [-81.436073, 28.028512], [-81.437022, 28.029767], [-81.43709, 28.030653], [-81.438263, 28.031973], [-81.438597, 28.033223], [-81.438976, 28.032815], [-81.440067, 28.033338], [-81.440427, 28.033927], [-81.441382, 28.033817], [-81.442573, 28.033195], [-81.445085, 28.033211], [-81.44834, 28.032303], [-81.448923, 28.032474], [-81.449289, 28.032886], [-81.44968, 28.032787], [-81.450083, 28.033448], [-81.450896, 28.033833], [-81.45252, 28.032325], [-81.451956, 28.033178], [-81.453178, 28.034515], [-81.45324, 28.031692], [-81.452942, 28.031532], [-81.452266, 28.031846], [-81.453115, 28.031108], [-81.45319, 28.03054], [-81.451697, 28.031692], [-81.450895, 28.03096], [-81.455968, 28.027447], [-81.459654, 28.027573], [-81.461897, 28.026989], [-81.512785, 28.02673], [-81.514995, 28.027293], [-81.520925, 28.031185], [-81.527342, 28.033385], [-81.529229, 28.034288], [-81.52901, 28.053551], [-81.5287, 28.053288], [-81.528241, 28.053838], [-81.527819, 28.053898], [-81.526244, 28.053232], [-81.523503, 28.052835], [-81.52166, 28.052934], [-81.521121, 28.052532], [-81.520258, 28.053352], [-81.518658, 28.053478], [-81.516877, 28.054974], [-81.515828, 28.057312], [-81.515189, 28.05789], [-81.515039, 28.058528], [-81.516608, 28.061027], [-81.516862, 28.062474], [-81.517872, 28.064808], [-81.518429, 28.06713], [-81.518956, 28.067493], [-81.519558, 28.067092], [-81.520085, 28.067345], [-81.52042, 28.067989], [-81.520475, 28.070636], [-81.521994, 28.072645], [-81.521832, 28.075017], [-81.521124, 28.077157], [-81.521608, 28.077757], [-81.522383, 28.077999], [-81.523816, 28.080069], [-81.523877, 28.082507], [-81.524732, 28.084708], [-81.524558, 28.086243], [-81.525022, 28.08955], [-81.525618, 28.090497], [-81.525884, 28.091499], [-81.526895, 28.092203], [-81.527472, 28.09304], [-81.527955, 28.095599], [-81.529761, 28.097734], [-81.530927, 28.100018], [-81.531119, 28.100992], [-81.532335, 28.101988], [-81.533625, 28.102561], [-81.534326, 28.103458], [-81.535598, 28.104234], [-81.536213, 28.104284], [-81.537615, 28.105737], [-81.538067, 28.105643], [-81.538488, 28.10722], [-81.538332, 28.108034], [-81.53929, 28.10901], [-81.539234, 28.10975], [-81.53847, 28.110212], [-81.538205, 28.110725], [-81.537895, 28.113442], [-81.537518, 28.11428], [-81.535683, 28.11599], [-81.535124, 28.116393], [-81.534404, 28.116533], [-81.533175, 28.116175], [-81.531319, 28.116147], [-81.529321, 28.116647], [-81.527732, 28.117951], [-81.528861, 28.118859], [-81.532901, 28.119801], [-81.53431, 28.121623], [-81.535172, 28.121926], [-81.535439, 28.122558], [-81.536122, 28.123147], [-81.536655, 28.124694], [-81.537268, 28.12532], [-81.537175, 28.127037], [-81.538558, 28.129024], [-81.539203, 28.131577], [-81.540699, 28.133419], [-81.538577, 28.135252], [-81.5307, 28.139761], [-81.528577, 28.140335], [-81.526593, 28.140457], [-81.521835, 28.139555], [-81.51732, 28.142462], [-81.51732, 28.142787], [-81.524227, 28.142805], [-81.524083, 28.201012], [-81.539507, 28.228202], [-81.549969, 28.231621], [-81.552414, 28.23262], [-81.554799, 28.234009], [-81.564649, 28.240807], [-81.570614, 28.243076], [-81.579106, 28.244794], [-81.590247, 28.244914], [-81.594944, 28.246021], [-81.599142, 28.245393], [-81.600429, 28.245535], [-81.606262, 28.248098], [-81.613355, 28.250289], [-81.620572, 28.254286], [-81.677437, 28.21229], [-81.680779, 28.210164], [-81.701957, 28.199797], [-81.714901, 28.194371], [-81.723052, 28.190494], [-81.760658, 28.175353], [-81.76909, 28.170879], [-81.777348, 28.16527], [-81.778922, 28.166055], [-81.780823, 28.166466], [-81.789091, 28.166531], [-81.789087, 28.168953], [-81.785874, 28.168905], [-81.785869, 28.17205], [-81.789416, 28.172103], [-81.789289, 28.186497], [-81.805855, 28.186448], [-81.805876, 28.183949], [-81.801382, 28.18396], [-81.801166, 28.179281], [-81.79634, 28.17941], [-81.796519, 28.184126], [-81.793849, 28.184185], [-81.793391, 28.170123], [-81.79353, 28.166559], [-81.797634, 28.166367], [-81.797609, 28.172068], [-81.805407, 28.172035], [-81.805633, 28.17251], [-81.805523, 28.173475], [-81.803764, 28.173482], [-81.803786, 28.175246], [-81.804862, 28.175244], [-81.805072, 28.174693], [-81.806084, 28.174854], [-81.806612, 28.175236], [-81.805846, 28.175241], [-81.8059, 28.178637], [-81.806393, 28.179274], [-81.809993, 28.179251], [-81.809961, 28.175207], [-81.808513, 28.175233], [-81.808114, 28.174079], [-81.809211, 28.174069], [-81.809178, 28.172011], [-81.809439, 28.172013], [-81.813503, 28.176072], [-81.816136, 28.176117], [-81.816137, 28.175114], [-81.815418, 28.174721], [-81.815412, 28.174193], [-81.814394, 28.172702], [-81.814307, 28.171985], [-81.822378, 28.171965], [-81.82239, 28.168381], [-81.821422, 28.167425], [-81.821677, 28.165708], [-81.820496, 28.161009], [-81.821565, 28.160411], [-81.821742, 28.159872], [-81.821642, 28.159688], [-81.820339, 28.159686], [-81.82034, 28.156531], [-81.82241, 28.156546], [-81.822415, 28.157167], [-81.825622, 28.157153], [-81.825959, 28.162889], [-81.826182, 28.162862], [-81.826362, 28.165711], [-81.826744, 28.16575], [-81.827028, 28.170229], [-81.830663, 28.170149], [-81.830637, 28.168965], [-81.829525, 28.168134], [-81.829072, 28.167402], [-81.828941, 28.166318], [-81.829357, 28.165201], [-81.830813, 28.164602], [-81.835782, 28.164706], [-81.835731, 28.156491], [-81.835989, 28.156452], [-81.836008, 28.153838], [-81.837186, 28.153832], [-81.837185, 28.156244], [-81.838825, 28.155896], [-81.838829, 28.156627], [-81.841896, 28.155826], [-81.843193, 28.157483], [-81.846822, 28.157482], [-81.846535, 28.155969], [-81.845783, 28.155803], [-81.84526, 28.15379], [-81.849851, 28.152935], [-81.854163, 28.151751], [-81.854546, 28.152916], [-81.853729, 28.153665], [-81.853397, 28.154349], [-81.85451, 28.154391], [-81.854355, 28.157413], [-81.860381, 28.157418], [-81.860379, 28.158469], [-81.86219, 28.1567], [-81.864661, 28.15497], [-81.86715, 28.153761], [-81.870364, 28.152765], [-81.87087, 28.154462], [-81.868668, 28.155088], [-81.868715, 28.161066], [-81.880996, 28.161078], [-81.881094, 28.171713], [-81.905831, 28.171968], [-81.905333, 28.171081], [-81.905568, 28.157379], [-81.914078, 28.157396], [-81.915227, 28.156886], [-81.918862, 28.154133], [-81.926137, 28.152513], [-81.926087, 28.151121], [-81.929427, 28.150418], [-81.929445, 28.150999], [-81.929723, 28.151371], [-81.937701, 28.145724], [-81.938211, 28.145128], [-81.938357, 28.144197], [-81.9441, 28.144199], [-81.946391, 28.14667], [-81.946491, 28.128347], [-81.973685, 28.12813], [-81.973921, 28.113437], [-81.973765, 28.101582], [-81.974045, 28.092686], [-81.973645, 28.089863], [-81.972924, 28.088178], [-81.971813, 28.086496], [-81.959698, 28.074904], [-81.958264, 28.072694], [-81.957423, 28.069756], [-81.957046, 28.013494], [-81.9553, 28.013508], [-81.955278, 28.012698], [-81.955982, 28.01265], [-81.95609, 28.012163], [-81.957031, 28.012174], [-81.956964, 27.99664], [-81.957153, 27.995306], [-81.95688, 27.992758], [-81.956866, 27.982041], [-81.960911, 27.982138], [-81.960886, 27.974895], [-81.973541, 27.974872], [-81.973332, 27.972839], [-81.973376, 27.967576], [-81.989663, 27.967553], [-81.989568, 27.953058], [-82.001918, 27.952844], [-82.001759, 27.938462], [-82.015025, 27.93857], [-82.021233, 27.938323], [-82.024802, 27.93488], [-82.02592, 27.930427], [-82.026715, 27.928706], [-82.027939, 27.926355], [-82.030218, 27.923582], [-82.031654, 27.924871], [-82.033517, 27.926058], [-82.035612, 27.926913], [-82.037515, 27.927357], [-82.039714, 27.927513], [-82.055262, 27.927253], [-82.054866, 27.907242], [-82.055288, 27.88459], [-82.055281, 27.86816], [-82.055231, 27.865271], [-82.054036, 27.854647], [-82.054012, 27.816005], [-82.054928, 27.775774], [-82.054712, 27.67588], [-82.054349, 27.646382], [-82.054463, 27.5918], [-82.055492, 27.473365], [-82.055753, 27.338264], [-82.056273, 27.275667], [-82.05653, 27.275369], [-82.056068, 27.249467], [-82.05755, 27.132169], [-82.057618, 27.126471]]]}}, {"type": "Feature", "properties": {"district": "25", "chamber": "congressional", "name": "Florida Congressional District 25"}, "geometry": {"type": "Polygon", "coordinates": [[[-80.449711, 26.141841], [-80.449752, 26.140746], [-80.443286, 26.112933], [-80.442, 26.061936], [-80.441981, 26.044175], [-80.439389, 25.956852], [-80.310772, 25.95717], [-80.294972, 25.95677], [-80.295187, 25.97057], [-80.278764, 25.970968], [-80.279313, 25.986444], [-80.279057, 25.986447], [-80.279161, 25.993777], [-80.247583, 25.994804], [-80.227191, 25.995063], [-80.227146, 25.992374], [-80.224977, 25.995137], [-80.22321, 25.995189], [-80.223186, 25.994388], [-80.221242, 25.994464], [-80.221183, 25.992829], [-80.220354, 25.992132], [-80.219956, 25.99241], [-80.219245, 25.992411], [-80.219269, 25.99312], [-80.21512, 25.99326], [-80.215098, 25.992514], [-80.209329, 25.992447], [-80.209299, 25.993888], [-80.207034, 25.993867], [-80.2071, 25.995332], [-80.196431, 25.995278], [-80.165507, 25.996233], [-80.165667, 25.989265], [-80.165087, 25.984296], [-80.165395, 25.981337], [-80.165913, 25.979029], [-80.165724, 25.973783], [-80.133982, 25.974868], [-80.133862, 25.97411], [-80.133153, 25.97412], [-80.123874, 25.974484], [-80.123751, 25.975081], [-80.123309, 25.975103], [-80.062893, 25.976809], [-80.06107, 25.98846], [-80.06094, 25.99495], [-80.06038, 26.00077], [-80.06022, 26.00606], [-80.05934, 26.01508], [-80.05735, 26.0417], [-80.05588, 26.05354], [-80.05453, 26.07312], [-80.0529, 26.077], [-80.05082, 26.08321], [-80.04978, 26.08823], [-80.04933, 26.09276], [-80.105125, 26.093028], [-80.105106, 26.093319], [-80.124296, 26.093096], [-80.124324, 26.096847], [-80.132658, 26.09663], [-80.13269, 26.097591], [-80.134479, 26.097541], [-80.134406, 26.09847], [-80.138741, 26.098336], [-80.13875, 26.099262], [-80.140648, 26.099426], [-80.140366, 26.098188], [-80.142285, 26.097892], [-80.141997, 26.096442], [-80.153001, 26.096312], [-80.153025, 26.097162], [-80.15501, 26.097133], [-80.154968, 26.096281], [-80.160971, 26.096177], [-80.161159, 26.099067], [-80.160352, 26.101011], [-80.159855, 26.104619], [-80.158905, 26.107213], [-80.163888, 26.107135], [-80.173103, 26.106555], [-80.175373, 26.106651], [-80.184392, 26.105843], [-80.190508, 26.104791], [-80.193327, 26.104696], [-80.193394, 26.106158], [-80.195426, 26.10604], [-80.195421, 26.106465], [-80.197574, 26.106264], [-80.19757, 26.10604], [-80.201412, 26.105943], [-80.201363, 26.104515], [-80.204569, 26.103923], [-80.206086, 26.104198], [-80.20799, 26.10583], [-80.20902, 26.106192], [-80.233679, 26.105848], [-80.234175, 26.120609], [-80.23397, 26.120664], [-80.234168, 26.120797], [-80.25238, 26.12074], [-80.253282, 26.122308], [-80.255259, 26.124336], [-80.256358, 26.126262], [-80.256966, 26.126225], [-80.257473, 26.12677], [-80.259671, 26.12678], [-80.259623, 26.128925], [-80.259857, 26.13055], [-80.261234, 26.133019], [-80.264618, 26.130591], [-80.270093, 26.13562], [-80.287395, 26.135524], [-80.286944, 26.138647], [-80.287219, 26.147421], [-80.286413, 26.148904], [-80.283957, 26.150064], [-80.297779, 26.150021], [-80.29782, 26.160398], [-80.313996, 26.160695], [-80.313951, 26.122894], [-80.315261, 26.122892], [-80.315292, 26.128126], [-80.316594, 26.12975], [-80.317143, 26.129979], [-80.319674, 26.130145], [-80.320599, 26.129143], [-80.32142, 26.128817], [-80.321401, 26.131172], [-80.326901, 26.131251], [-80.330152, 26.131245], [-80.330207, 26.11922], [-80.346253, 26.123064], [-80.346321, 26.116723], [-80.350318, 26.11671], [-80.350316, 26.114919], [-80.346358, 26.114912], [-80.346344, 26.102309], [-80.362573, 26.102318], [-80.362298, 26.106365], [-80.362346, 26.107427], [-80.362624, 26.107713], [-80.362648, 26.109176], [-80.362614, 26.127274], [-80.387107, 26.133298], [-80.440278, 26.145609], [-80.447066, 26.146091], [-80.447873, 26.144598], [-80.449611, 26.144605], [-80.449683, 26.142613], [-80.449711, 26.141841]]]}}, {"type": "Feature", "properties": {"district": "15", "chamber": "congressional", "name": "Florida Congressional District 15"}, "geometry": {"type": "Polygon", "coordinates": [[[-82.548725, 28.131454], [-82.548608, 28.128723], [-82.547331, 28.124727], [-82.54658, 28.121365], [-82.546223, 28.117443], [-82.54618, 28.112555], [-82.545713, 28.111106], [-82.542762, 28.106309], [-82.542385, 28.105125], [-82.542397, 28.099819], [-82.542877, 28.09781], [-82.539907, 28.092559], [-82.539921, 28.084253], [-82.541916, 28.083218], [-82.541636, 28.06955], [-82.541706, 28.062828], [-82.541912, 28.061374], [-82.537596, 28.059849], [-82.52855, 28.055509], [-82.523337, 28.05197], [-82.517174, 28.04715], [-82.512485, 28.043089], [-82.509582, 28.041064], [-82.507649, 28.037723], [-82.50676, 28.036941], [-82.505814, 28.036564], [-82.4896, 28.035698], [-82.488474, 28.035391], [-82.485323, 28.033788], [-82.483379, 28.033382], [-82.468821, 28.033376], [-82.465957, 28.032923], [-82.441588, 28.032597], [-82.411579, 28.032623], [-82.4114, 28.032039], [-82.410131, 28.031644], [-82.409933, 28.031653], [-82.409925, 28.032632], [-82.397573, 28.032619], [-82.397608, 28.024766], [-82.396048, 28.025092], [-82.394501, 28.025737], [-82.39365, 28.025743], [-82.393465, 28.024105], [-82.393178, 28.023939], [-82.393138, 28.022025], [-82.391775, 28.021163], [-82.391815, 28.020776], [-82.391556, 28.020899], [-82.391306, 28.020253], [-82.390165, 28.019332], [-82.389219, 28.018856], [-82.388927, 28.019007], [-82.388475, 28.018826], [-82.388412, 28.018167], [-82.388826, 28.017522], [-82.388611, 28.016569], [-82.389789, 28.015222], [-82.389956, 28.014447], [-82.389007, 28.012412], [-82.388033, 28.011486], [-82.3874, 28.011364], [-82.387529, 28.010724], [-82.385268, 28.010736], [-82.385274, 28.01199], [-82.383885, 28.013022], [-82.383553, 28.012961], [-82.383637, 28.010744], [-82.376415, 28.010776], [-82.374498, 28.013996], [-82.37447, 28.016537], [-82.374064, 28.01776], [-82.371204, 28.017313], [-82.370507, 28.016959], [-82.367098, 28.016188], [-82.354464, 28.013565], [-82.352435, 28.012909], [-82.351749, 28.012405], [-82.351342, 28.011745], [-82.351573, 28.001926], [-82.351441, 27.995282], [-82.354428, 27.995204], [-82.357826, 27.995508], [-82.358836, 27.990355], [-82.360358, 27.980023], [-82.360443, 27.965294], [-82.360275, 27.963577], [-82.359729, 27.961823], [-82.358826, 27.959873], [-82.35558, 27.956152], [-82.354782, 27.953055], [-82.354194, 27.949471], [-82.348261, 27.949764], [-82.346071, 27.949318], [-82.344747, 27.948795], [-82.339615, 27.945631], [-82.323969, 27.939357], [-82.31963, 27.937841], [-82.318506, 27.93768], [-82.281525, 27.937666], [-82.249986, 27.937909], [-82.147705, 27.937452], [-82.092431, 27.937787], [-82.089504, 27.937195], [-82.088075, 27.936618], [-82.076172, 27.928481], [-82.074134, 27.927549], [-82.07303, 27.927293], [-82.069872, 27.927119], [-82.038451, 27.927467], [-82.036382, 27.927137], [-82.033833, 27.926218], [-82.031925, 27.925073], [-82.030218, 27.923582], [-82.027939, 27.926355], [-82.026715, 27.928706], [-82.02592, 27.930427], [-82.024802, 27.93488], [-82.021233, 27.938323], [-82.015025, 27.93857], [-82.001759, 27.938462], [-82.001918, 27.952844], [-81.989568, 27.953058], [-81.989663, 27.967553], [-81.973376, 27.967576], [-81.973332, 27.972839], [-81.973541, 27.974872], [-81.960886, 27.974895], [-81.960911, 27.982138], [-81.956866, 27.982041], [-81.95688, 27.992758], [-81.957153, 27.995306], [-81.956964, 27.99664], [-81.957031, 28.012174], [-81.95609, 28.012163], [-81.955982, 28.01265], [-81.955278, 28.012698], [-81.9553, 28.013508], [-81.957046, 28.013494], [-81.957423, 28.069756], [-81.958135, 28.072392], [-81.959377, 28.074506], [-81.972005, 28.086712], [-81.97327, 28.088893], [-81.973955, 28.091237], [-81.973735, 28.107729], [-81.973893, 28.11901], [-81.97368, 28.124675], [-81.973837, 28.16148], [-81.974121, 28.163372], [-81.974759, 28.164906], [-81.975598, 28.166108], [-81.977233, 28.167704], [-81.992394, 28.180125], [-81.99535, 28.183009], [-81.997223, 28.185858], [-82.005641, 28.202066], [-82.008102, 28.205307], [-82.049002, 28.243266], [-82.051967, 28.245692], [-82.055539, 28.247961], [-82.055531, 28.258928], [-82.075588, 28.259196], [-82.147072, 28.299082], [-82.148614, 28.308352], [-82.1491, 28.309797], [-82.150008, 28.311286], [-82.151185, 28.312508], [-82.155853, 28.315975], [-82.157118, 28.317489], [-82.162978, 28.317492], [-82.163004, 28.321077], [-82.165019, 28.321109], [-82.165021, 28.323381], [-82.161642, 28.323535], [-82.16162, 28.324887], [-82.161216, 28.32492], [-82.162995, 28.328124], [-82.163468, 28.328377], [-82.183544, 28.328424], [-82.183552, 28.324794], [-82.187497, 28.324804], [-82.187458, 28.324258], [-82.187674, 28.324447], [-82.187658, 28.326557], [-82.189511, 28.326561], [-82.189534, 28.326774], [-82.189922, 28.326774], [-82.189924, 28.326565], [-82.193172, 28.326564], [-82.193188, 28.327338], [-82.191897, 28.327337], [-82.191899, 28.328444], [-82.215963, 28.328424], [-82.215955, 28.332539], [-82.215734, 28.33266], [-82.215726, 28.333985], [-82.224722, 28.333952], [-82.224729, 28.331843], [-82.225817, 28.332086], [-82.237159, 28.332083], [-82.237169, 28.328506], [-82.241276, 28.328485], [-82.241338, 28.325152], [-82.241606, 28.324761], [-82.253671, 28.324636], [-82.254148, 28.325524], [-82.258225, 28.325598], [-82.25868, 28.32497], [-82.259318, 28.324623], [-82.2743, 28.324596], [-82.274318, 28.312785], [-82.277393, 28.31271], [-82.278251, 28.312166], [-82.278593, 28.311497], [-82.278661, 28.282017], [-82.278849, 28.280685], [-82.280521, 28.275147], [-82.281208, 28.273936], [-82.287098, 28.267104], [-82.297223, 28.256109], [-82.298502, 28.25478], [-82.299678, 28.255194], [-82.311875, 28.255239], [-82.318389, 28.256983], [-82.320129, 28.25714], [-82.320358, 28.240531], [-82.329791, 28.240449], [-82.336014, 28.240098], [-82.350194, 28.236309], [-82.360051, 28.237945], [-82.364002, 28.23838], [-82.365546, 28.238254], [-82.367212, 28.237569], [-82.368691, 28.236173], [-82.374108, 28.229263], [-82.385032, 28.221105], [-82.38901, 28.216441], [-82.393065, 28.210201], [-82.398177, 28.201695], [-82.398849, 28.200237], [-82.399314, 28.196311], [-82.399196, 28.194577], [-82.398574, 28.19279], [-82.397025, 28.190584], [-82.401695, 28.187078], [-82.404209, 28.185917], [-82.407682, 28.185713], [-82.450748, 28.185872], [-82.461281, 28.190549], [-82.466731, 28.191865], [-82.470322, 28.193357], [-82.473317, 28.193569], [-82.477808, 28.192894], [-82.480308, 28.193143], [-82.482341, 28.194016], [-82.487409, 28.197236], [-82.488738, 28.197747], [-82.489931, 28.197903], [-82.491973, 28.197548], [-82.497676, 28.194038], [-82.501039, 28.193003], [-82.504253, 28.193137], [-82.513335, 28.194984], [-82.531971, 28.193804], [-82.535164, 28.193069], [-82.54404, 28.189336], [-82.540279, 28.184553], [-82.538856, 28.182121], [-82.536055, 28.172791], [-82.535494, 28.169081], [-82.53585, 28.16697], [-82.537672, 28.163133], [-82.538322, 28.160931], [-82.537973, 28.156396], [-82.538215, 28.153783], [-82.538849, 28.152537], [-82.541357, 28.149661], [-82.546325, 28.142664], [-82.547825, 28.136776], [-82.5487, 28.131847], [-82.548725, 28.131454]]]}}, {"type": "Feature", "properties": {"district": "4", "chamber": "congressional", "name": "Florida Congressional District 4"}, "geometry": {"type": "Polygon", "coordinates": [[[-82.050331, 30.675737], [-82.050293, 30.675], [-82.050217, 30.674538], [-82.049966, 30.673756], [-82.049895, 30.673619], [-82.049793, 30.673497], [-82.049702, 30.673091], [-82.049582, 30.672708], [-82.049272, 30.672046], [-82.049215, 30.671343], [-82.049131, 30.670978], [-82.048884, 30.670327], [-82.048427, 30.669514], [-82.048279, 30.668906], [-82.048089, 30.66853], [-82.047809, 30.668262], [-82.047322, 30.667894], [-82.047228, 30.66775], [-82.047154, 30.667469], [-82.047045, 30.667319], [-82.046696, 30.66704], [-82.046488, 30.66694], [-82.046295, 30.666814], [-82.046125, 30.666653], [-82.046, 30.666477], [-82.04599, 30.66637], [-82.046034, 30.666266], [-82.046327, 30.666036], [-82.046593, 30.665911], [-82.046874, 30.665813], [-82.047255, 30.665754], [-82.047589, 30.665627], [-82.047845, 30.665424], [-82.048024, 30.665165], [-82.048059, 30.665031], [-82.048065, 30.664909], [-82.048017, 30.664792], [-82.047917, 30.664701], [-82.047324, 30.664413], [-82.047177, 30.664326], [-82.047037, 30.664179], [-82.046935, 30.664011], [-82.046883, 30.663677], [-82.046902, 30.663458], [-82.04698, 30.663073], [-82.046974, 30.662743], [-82.046939, 30.662468], [-82.046921, 30.662346], [-82.046463, 30.661464], [-82.046407, 30.661193], [-82.046414, 30.660902], [-82.046471, 30.660806], [-82.046557, 30.660747], [-82.046872, 30.66071], [-82.0473, 30.660754], [-82.047467, 30.660812], [-82.04761, 30.660896], [-82.047737, 30.661005], [-82.04793, 30.66124], [-82.048017, 30.661405], [-82.048013, 30.661581], [-82.047866, 30.66192], [-82.047778, 30.662051], [-82.04776, 30.662172], [-82.04778, 30.662278], [-82.047867, 30.662456], [-82.048015, 30.662654], [-82.048231, 30.662873], [-82.048344, 30.662926], [-82.048451, 30.66294], [-82.048574, 30.662912], [-82.048683, 30.662851], [-82.048936, 30.662582], [-82.049396, 30.662007], [-82.049502, 30.661451], [-82.04949, 30.661039], [-82.049447, 30.660668], [-82.04935, 30.660259], [-82.04931, 30.659764], [-82.049327, 30.659406], [-82.049383, 30.659021], [-82.049373, 30.658828], [-82.049317, 30.658656], [-82.049157, 30.658329], [-82.049038, 30.658182], [-82.048828, 30.657991], [-82.048733, 30.657849], [-82.048648, 30.657598], [-82.048655, 30.657338], [-82.049055, 30.656429], [-82.049107, 30.656185], [-82.049112, 30.655966], [-82.049023, 30.655295], [-82.048959, 30.655122], [-82.048791, 30.654824], [-82.048598, 30.654589], [-82.048421, 30.654337], [-82.048202, 30.654251], [-82.04795, 30.65419], [-82.047678, 30.654045], [-82.04741, 30.653789], [-82.047358, 30.653688], [-82.04731, 30.65351], [-82.047221, 30.653381], [-82.047078, 30.65329], [-82.046774, 30.65318], [-82.046568, 30.653171], [-82.04618, 30.653356], [-82.045756, 30.653479], [-82.045382, 30.653419], [-82.044979, 30.653306], [-82.044744, 30.653212], [-82.044533, 30.65309], [-82.044345, 30.652941], [-82.044092, 30.652643], [-82.044057, 30.652526], [-82.044069, 30.652388], [-82.044142, 30.652267], [-82.044305, 30.652161], [-82.044512, 30.65215], [-82.044625, 30.652202], [-82.044692, 30.652278], [-82.044858, 30.652394], [-82.045114, 30.652525], [-82.045464, 30.652625], [-82.045717, 30.652633], [-82.045933, 30.652583], [-82.046074, 30.652457], [-82.046124, 30.652311], [-82.046076, 30.652072], [-82.045966, 30.651933], [-82.045173, 30.651371], [-82.044906, 30.651157], [-82.044601, 30.650866], [-82.044304, 30.650635], [-82.043907, 30.650381], [-82.043297, 30.650061], [-82.042091, 30.649498], [-82.041877, 30.649336], [-82.041717, 30.649134], [-82.041641, 30.648981], [-82.041588, 30.648781], [-82.041519, 30.648191], [-82.041366, 30.647432], [-82.041115, 30.6471], [-82.040886, 30.646725], [-82.039047, 30.643219], [-82.038925, 30.642923], [-82.038856, 30.642698], [-82.038612, 30.640947], [-82.038627, 30.640839], [-82.038681, 30.640755], [-82.038757, 30.640692], [-82.039322, 30.64052], [-82.039589, 30.640394], [-82.039818, 30.640247], [-82.040077, 30.640011], [-82.040176, 30.639868], [-82.040245, 30.639709], [-82.040319, 30.638979], [-82.04026, 30.638842], [-82.040142, 30.63878], [-82.039993, 30.63877], [-82.039669, 30.638895], [-82.03947, 30.638935], [-82.039211, 30.638935], [-82.038961, 30.638873], [-82.038819, 30.638787], [-82.038768, 30.638663], [-82.038814, 30.638515], [-82.038941, 30.638615], [-82.039082, 30.638465], [-82.039245, 30.638323], [-82.039343, 30.638184], [-82.03942, 30.638018], [-82.039458, 30.637787], [-82.039412, 30.637348], [-82.039436, 30.63711], [-82.039299, 30.637087], [-82.0393, 30.637022], [-82.039393, 30.636935], [-82.039492, 30.636929], [-82.039856, 30.636793], [-82.040166, 30.636751], [-82.040335, 30.636668], [-82.040443, 30.636571], [-82.040533, 30.636443], [-82.04054, 30.636222], [-82.04049, 30.63605], [-82.040394, 30.635883], [-82.040258, 30.635787], [-82.040102, 30.635735], [-82.039872, 30.635728], [-82.039655, 30.635785], [-82.039502, 30.635883], [-82.039304, 30.636102], [-82.03912, 30.636078], [-82.038954, 30.635998], [-82.038839, 30.635888], [-82.038763, 30.635768], [-82.038735, 30.635648], [-82.03874, 30.635502], [-82.038836, 30.635321], [-82.039075, 30.635131], [-82.039207, 30.634937], [-82.039325, 30.634566], [-82.039304, 30.634144], [-82.039205, 30.633965], [-82.039016, 30.63385], [-82.038875, 30.633827], [-82.038442, 30.633671], [-82.037748, 30.633481], [-82.037535, 30.633387], [-82.037233, 30.633215], [-82.036925, 30.632983], [-82.036507, 30.632516], [-82.035961, 30.632049], [-82.03582, 30.631853], [-82.035756, 30.631629], [-82.035805, 30.631439], [-82.036131, 30.631086], [-82.036646, 30.6307], [-82.036772, 30.630542], [-82.036844, 30.630392], [-82.036894, 30.630216], [-82.036854, 30.630113], [-82.03673, 30.629975], [-82.036563, 30.629903], [-82.035926, 30.629894], [-82.035572, 30.629964], [-82.035231, 30.629991], [-82.033966, 30.62996], [-82.033723, 30.629902], [-82.033479, 30.629807], [-82.033349, 30.629726], [-82.033241, 30.629613], [-82.033171, 30.629493], [-82.033137, 30.629359], [-82.033168, 30.628964], [-82.03326, 30.628632], [-82.033428, 30.628311], [-82.033599, 30.628152], [-82.033935, 30.627949], [-82.034341, 30.62777], [-82.034633, 30.627577], [-82.034713, 30.627501], [-82.034855, 30.627364], [-82.034921, 30.627228], [-82.034949, 30.627108], [-82.034959, 30.626837], [-82.034903, 30.626712], [-82.034826, 30.626612], [-82.033969, 30.626147], [-82.032916, 30.625722], [-82.032091, 30.625325], [-82.031738, 30.625078], [-82.031684, 30.625016], [-82.031641, 30.62463], [-82.031663, 30.62448], [-82.031418, 30.623972], [-82.031013, 30.622898], [-82.03096, 30.622671], [-82.030937, 30.622452], [-82.030975, 30.622166], [-82.031059, 30.621931], [-82.031158, 30.621805], [-82.031448, 30.621572], [-82.031631, 30.621368], [-82.031807, 30.621105], [-82.031913, 30.620848], [-82.031944, 30.620686], [-82.031944, 30.620501], [-82.031753, 30.61973], [-82.031646, 30.61953], [-82.031486, 30.619343], [-82.031334, 30.619221], [-82.031013, 30.61902], [-82.030822, 30.618944], [-82.030624, 30.6189], [-82.030418, 30.618891], [-82.030021, 30.618938], [-82.029838, 30.618984], [-82.02967, 30.619059], [-82.029518, 30.619158], [-82.029411, 30.619255], [-82.029319, 30.619385], [-82.029251, 30.619537], [-82.02922, 30.619671], [-82.02922, 30.619837], [-82.029266, 30.620012], [-82.029579, 30.620705], [-82.029953, 30.621389], [-82.030006, 30.621559], [-82.030021, 30.621738], [-82.029983, 30.621912], [-82.029907, 30.622078], [-82.029777, 30.622236], [-82.029625, 30.622356], [-82.029464, 30.62244], [-82.029289, 30.622471], [-82.029121, 30.622459], [-82.028549, 30.622314], [-82.028404, 30.62221], [-82.028259, 30.622011], [-82.028198, 30.62183], [-82.028236, 30.621639], [-82.028679, 30.621107], [-82.028755, 30.620958], [-82.028763, 30.620682], [-82.028686, 30.620415], [-82.02861, 30.620295], [-82.027939, 30.619869], [-82.027862, 30.619783], [-82.027809, 30.619682], [-82.027786, 30.619534], [-82.027824, 30.6194], [-82.028297, 30.618784], [-82.028335, 30.618679], [-82.028328, 30.618557], [-82.028045, 30.618008], [-82.027839, 30.617727], [-82.027626, 30.617489], [-82.027488, 30.617243], [-82.027328, 30.61664], [-82.027244, 30.616047], [-82.027176, 30.615738], [-82.02687, 30.614849], [-82.026527, 30.614048], [-82.026352, 30.613726], [-82.026283, 30.61339], [-82.026298, 30.613083], [-82.026436, 30.61282], [-82.026642, 30.612692], [-82.026878, 30.612583], [-82.027122, 30.612513], [-82.027786, 30.61237], [-82.02845, 30.612089], [-82.028724, 30.611904], [-82.028854, 30.611761], [-82.028885, 30.611685], [-82.028854, 30.61158], [-82.028656, 30.611404], [-82.028412, 30.611307], [-82.028129, 30.611298], [-82.027809, 30.611395], [-82.027557, 30.611423], [-82.02729, 30.611395], [-82.027054, 30.611313], [-82.026901, 30.611107], [-82.026809, 30.610872], [-82.026748, 30.610411], [-82.026733, 30.610067], [-82.026779, 30.609547], [-82.026756, 30.608818], [-82.026901, 30.608158], [-82.026992, 30.607981], [-82.027191, 30.607693], [-82.027275, 30.607416], [-82.027305, 30.607035], [-82.027298, 30.606813], [-82.027229, 30.606661], [-82.027115, 30.606493], [-82.026886, 30.606283], [-82.026711, 30.606172], [-82.026479, 30.606065], [-82.026205, 30.606044], [-82.025951, 30.606059], [-82.025657, 30.606118], [-82.025361, 30.606224], [-82.025238, 30.606287], [-82.024842, 30.606564], [-82.024463, 30.606748], [-82.024201, 30.606815], [-82.023863, 30.606829], [-82.023655, 30.606775], [-82.02337, 30.606611], [-82.023279, 30.606514], [-82.02321, 30.606407], [-82.023207, 30.605943], [-82.023133, 30.605799], [-82.022995, 30.605607], [-82.022564, 30.605214], [-82.022078, 30.604882], [-82.021366, 30.604488], [-82.020394, 30.604014], [-82.020315, 30.603755], [-82.019, 30.603134], [-82.018581, 30.602972], [-82.018148, 30.602852], [-82.017723, 30.60278], [-82.01713, 30.60272], [-82.016861, 30.602659], [-82.016494, 30.602512], [-82.01619, 30.602307], [-82.015962, 30.602093], [-82.015813, 30.60185], [-82.015755, 30.601684], [-82.015605, 30.601029], [-82.015537, 30.600963], [-82.015173, 30.600712], [-82.015087, 30.600602], [-82.015075, 30.600496], [-82.015174, 30.599945], [-82.015159, 30.59977], [-82.015118, 30.599632], [-82.014807, 30.599014], [-82.014233, 30.597052], [-82.014236, 30.596934], [-82.014275, 30.596818], [-82.01444, 30.596625], [-82.014487, 30.596527], [-82.014498, 30.596409], [-82.014449, 30.596286], [-82.014357, 30.596194], [-82.014245, 30.59616], [-82.014156, 30.596169], [-82.013747, 30.596292], [-82.013458, 30.596282], [-82.013213, 30.596225], [-82.013056, 30.596058], [-82.013234, 30.595642], [-82.013164, 30.595517], [-82.013155, 30.595437], [-82.013192, 30.595288], [-82.013329, 30.595135], [-82.013382, 30.595035], [-82.013388, 30.594897], [-82.013348, 30.59478], [-82.013191, 30.594597], [-82.012821, 30.594572], [-82.012604, 30.594479], [-82.012338, 30.594164], [-82.012219, 30.59391], [-82.012168, 30.593578], [-82.012212, 30.593349], [-82.012288, 30.593226], [-82.012394, 30.59312], [-82.012838, 30.592795], [-82.013059, 30.592584], [-82.013088, 30.592422], [-82.013056, 30.592343], [-82.012993, 30.592267], [-82.012645, 30.592123], [-82.012574, 30.592053], [-82.012543, 30.591958], [-82.012506, 30.591492], [-82.012525, 30.591172], [-82.012635, 30.59071], [-82.012786, 30.5904], [-82.012793, 30.590303], [-82.01276, 30.590211], [-82.012682, 30.590121], [-82.012574, 30.59006], [-82.01228, 30.590014], [-82.011579, 30.589467], [-82.011361, 30.58925], [-82.011203, 30.588991], [-82.011202, 30.588882], [-82.011277, 30.588775], [-82.011454, 30.588652], [-82.011714, 30.588552], [-82.01183, 30.58848], [-82.011943, 30.588362], [-82.011996, 30.588217], [-82.01196, 30.587772], [-82.011946, 30.587246], [-82.012012, 30.586975], [-82.012201, 30.586661], [-82.012206, 30.586393], [-82.012158, 30.586262], [-82.012063, 30.586163], [-82.011846, 30.586021], [-82.011707, 30.586006], [-82.011622, 30.586039], [-82.011538, 30.58611], [-82.011417, 30.586315], [-82.011374, 30.586478], [-82.011325, 30.586926], [-82.011357, 30.587016], [-82.011289, 30.587111], [-82.011073, 30.587157], [-82.010872, 30.587116], [-82.010771, 30.58705], [-82.010475, 30.586749], [-82.010209, 30.586419], [-82.010222, 30.586289], [-82.010166, 30.58613], [-82.010157, 30.585951], [-82.010208, 30.585773], [-82.010306, 30.585602], [-82.010406, 30.585512], [-82.010819, 30.58523], [-82.01091, 30.585115], [-82.010969, 30.584969], [-82.010983, 30.584819], [-82.010923, 30.584293], [-82.010754, 30.583717], [-82.010494, 30.583229], [-82.010337, 30.583095], [-82.010122, 30.583057], [-82.009644, 30.58312], [-82.009467, 30.583167], [-82.009243, 30.583163], [-82.009088, 30.583118], [-82.008957, 30.583037], [-82.008878, 30.582936], [-82.008831, 30.58282], [-82.008813, 30.582695], [-82.008835, 30.582572], [-82.008987, 30.582319], [-82.009032, 30.582201], [-82.009037, 30.582059], [-82.009005, 30.581953], [-82.00891, 30.581792], [-82.008645, 30.581477], [-82.008491, 30.581375], [-82.008255, 30.581291], [-82.008148, 30.581215], [-82.008079, 30.581108], [-82.008056, 30.580973], [-82.008087, 30.580881], [-82.008156, 30.580822], [-82.008613, 30.580643], [-82.008972, 30.580414], [-82.009018, 30.580284], [-82.008995, 30.580149], [-82.008911, 30.580034], [-82.008773, 30.57996], [-82.008339, 30.579927], [-82.008033, 30.579824], [-82.007888, 30.579737], [-82.007461, 30.579397], [-82.006981, 30.579094], [-82.00692, 30.579002], [-82.006881, 30.578897], [-82.00682, 30.578545], [-82.006828, 30.578285], [-82.006775, 30.5781], [-82.006729, 30.578003], [-82.006332, 30.577461], [-82.006164, 30.577278], [-82.00618, 30.577211], [-82.006126, 30.577124], [-82.006111, 30.577028], [-82.006134, 30.576933], [-82.006248, 30.57679], [-82.006332, 30.576754], [-82.0065, 30.576765], [-82.006828, 30.576921], [-82.007003, 30.577057], [-82.007217, 30.577183], [-82.007591, 30.577324], [-82.007721, 30.57732], [-82.00785, 30.577267], [-82.00795, 30.577166], [-82.008026, 30.57703], [-82.008055, 30.576895], [-82.008032, 30.576759], [-82.007881, 30.576484], [-82.007728, 30.576346], [-82.007545, 30.576249], [-82.007172, 30.57593], [-82.006822, 30.575735], [-82.006517, 30.5755], [-82.006396, 30.575379], [-82.006213, 30.575062], [-82.006183, 30.574957], [-82.006198, 30.574808], [-82.006289, 30.57468], [-82.006426, 30.574598], [-82.006586, 30.574582], [-82.006616, 30.574588], [-82.007287, 30.575227], [-82.007393, 30.575254], [-82.007652, 30.575204], [-82.007759, 30.575141], [-82.007827, 30.575067], [-82.00788, 30.574969], [-82.008078, 30.574285], [-82.008093, 30.574161], [-82.008055, 30.574015], [-82.007987, 30.5739], [-82.007682, 30.573786], [-82.007248, 30.573683], [-82.007066, 30.573602], [-82.00689, 30.57349], [-82.006737, 30.573366], [-82.006647, 30.573255], [-82.006532, 30.572941], [-82.00654, 30.572844], [-82.006578, 30.572743], [-82.006745, 30.572523], [-82.006875, 30.572406], [-82.007012, 30.572338], [-82.007179, 30.572294], [-82.007796, 30.57225], [-82.00788, 30.572223], [-82.008063, 30.572093], [-82.008146, 30.571898], [-82.008108, 30.570942], [-82.008146, 30.570438], [-82.00823, 30.569918], [-82.00823, 30.569712], [-82.008138, 30.569366], [-82.008054, 30.56925], [-82.007795, 30.569051], [-82.007414, 30.568829], [-82.007308, 30.568732], [-82.007232, 30.568556], [-82.007254, 30.568365], [-82.007361, 30.568169], [-82.007514, 30.568042], [-82.00762, 30.567859], [-82.007613, 30.567765], [-82.007475, 30.567554], [-82.007407, 30.567497], [-82.0073, 30.56747], [-82.007201, 30.56749], [-82.006683, 30.567362], [-82.006463, 30.567185], [-82.006264, 30.566753], [-82.006133, 30.566392], [-82.006063, 30.566398], [-82.00592, 30.565994], [-82.00581, 30.565358], [-82.005821, 30.565133], [-82.005885, 30.564919], [-82.006044, 30.564692], [-82.006178, 30.56457], [-82.00636, 30.564477], [-82.006539, 30.56444], [-82.007556, 30.564443], [-82.008171, 30.564325], [-82.008308, 30.564257], [-82.008384, 30.564171], [-82.008423, 30.564066], [-82.008407, 30.563658], [-82.008308, 30.563539], [-82.007965, 30.563383], [-82.007614, 30.563309], [-82.007423, 30.563313], [-82.007286, 30.563341], [-82.007156, 30.563398], [-82.007049, 30.563484], [-82.00663, 30.563644], [-82.006355, 30.563829], [-82.005981, 30.564011], [-82.005844, 30.564009], [-82.005531, 30.563881], [-82.005455, 30.56381], [-82.005401, 30.563698], [-82.005401, 30.563574], [-82.005439, 30.563469], [-82.005523, 30.563372], [-82.005691, 30.563292], [-82.006248, 30.5632], [-82.006408, 30.563107], [-82.006508, 30.562984], [-82.006553, 30.562868], [-82.006553, 30.562759], [-82.006485, 30.562395], [-82.006393, 30.562147], [-82.006385, 30.56205], [-82.006439, 30.561939], [-82.00653, 30.561871], [-82.007835, 30.560389], [-82.008033, 30.560253], [-82.008278, 30.560186], [-82.008499, 30.560188], [-82.008773, 30.560274], [-82.008966, 30.560457], [-82.009216, 30.560574], [-82.009262, 30.560629], [-82.009514, 30.561157], [-82.009597, 30.561256], [-82.009712, 30.561333], [-82.009918, 30.561392], [-82.010215, 30.561392], [-82.010399, 30.561245], [-82.010482, 30.561081], [-82.010711, 30.560736], [-82.010841, 30.560442], [-82.010894, 30.560268], [-82.010879, 30.560074], [-82.010902, 30.559916], [-82.010849, 30.559816], [-82.010765, 30.559755], [-82.010376, 30.55971], [-82.010101, 30.559641], [-82.009842, 30.559517], [-82.00972, 30.559391], [-82.009666, 30.559221], [-82.009704, 30.559044], [-82.009788, 30.558887], [-82.009964, 30.55875], [-82.010093, 30.55859], [-82.01017, 30.558411], [-82.010193, 30.558249], [-82.010154, 30.558073], [-82.010025, 30.557873], [-82.009956, 30.55784], [-82.009689, 30.557796], [-82.009529, 30.557812], [-82.009399, 30.557863], [-82.009048, 30.558149], [-82.00888, 30.558228], [-82.008743, 30.558243], [-82.008621, 30.558226], [-82.008522, 30.558174], [-82.008468, 30.558094], [-82.008445, 30.557911], [-82.008499, 30.557739], [-82.009231, 30.557011], [-82.009353, 30.556864], [-82.009529, 30.556528], [-82.009597, 30.556206], [-82.009575, 30.556057], [-82.00946, 30.555716], [-82.009239, 30.555319], [-82.009041, 30.555105], [-82.008743, 30.55497], [-82.008552, 30.554842], [-82.00843, 30.554716], [-82.0084, 30.554611], [-82.008423, 30.554529], [-82.008476, 30.554447], [-82.008682, 30.554279], [-82.00901, 30.554159], [-82.009475, 30.554037], [-82.009597, 30.553963], [-82.00975, 30.553795], [-82.009857, 30.553761], [-82.010757, 30.553728], [-82.010879, 30.553703], [-82.010986, 30.55365], [-82.011078, 30.55357], [-82.011139, 30.553473], [-82.011161, 30.553368], [-82.011123, 30.552975], [-82.010978, 30.552647], [-82.010696, 30.552338], [-82.010345, 30.552095], [-82.010078, 30.551861], [-82.009872, 30.551617], [-82.009689, 30.551336], [-82.009666, 30.55109], [-82.009704, 30.550846], [-82.009804, 30.550631], [-82.00995, 30.550434], [-82.01015, 30.550252], [-82.01031, 30.550162], [-82.010508, 30.55011], [-82.010731, 30.550109], [-82.010997, 30.550196], [-82.011142, 30.550304], [-82.011751, 30.550651], [-82.011881, 30.550694], [-82.012041, 30.550706], [-82.012193, 30.550682], [-82.012591, 30.550546], [-82.012791, 30.55043], [-82.012951, 30.550284], [-82.013166, 30.549946], [-82.013235, 30.54978], [-82.013259, 30.549631], [-82.013237, 30.549382], [-82.013108, 30.548995], [-82.013048, 30.548694], [-82.013043, 30.548393], [-82.013067, 30.548023], [-82.013159, 30.547884], [-82.013519, 30.547645], [-82.013771, 30.54738], [-82.013833, 30.547288], [-82.014025, 30.546836], [-82.014072, 30.546591], [-82.013858, 30.544865], [-82.013905, 30.544621], [-82.014085, 30.544206], [-82.014098, 30.544082], [-82.013427, 30.54262], [-82.013412, 30.542444], [-82.013458, 30.542328], [-82.013534, 30.542246], [-82.013969, 30.541975], [-82.014312, 30.541653], [-82.014351, 30.541578], [-82.014351, 30.541487], [-82.014549, 30.540995], [-82.014755, 30.540325], [-82.0149, 30.540081], [-82.01503, 30.539944], [-82.01519, 30.539837], [-82.015648, 30.539671], [-82.015754, 30.539539], [-82.01577, 30.539444], [-82.015739, 30.539225], [-82.015762, 30.539047], [-82.015823, 30.538877], [-82.015953, 30.538637], [-82.015999, 30.538464], [-82.015953, 30.53804], [-82.016006, 30.537704], [-82.016357, 30.537418], [-82.016472, 30.537209], [-82.016449, 30.537045], [-82.016319, 30.536896], [-82.016266, 30.536797], [-82.01625, 30.536701], [-82.016258, 30.536608], [-82.016945, 30.535826], [-82.017379, 30.535383], [-82.017433, 30.535271], [-82.017433, 30.535135], [-82.017364, 30.535015], [-82.017006, 30.53496], [-82.016655, 30.534851], [-82.016609, 30.5348], [-82.016609, 30.534733], [-82.016792, 30.534573], [-82.01709, 30.534435], [-82.017219, 30.534328], [-82.017311, 30.534172], [-82.017402, 30.533817], [-82.017669, 30.533476], [-82.017753, 30.533417], [-82.017845, 30.533394], [-82.018333, 30.533426], [-82.018745, 30.533369], [-82.018852, 30.533314], [-82.018928, 30.533245], [-82.019012, 30.533119], [-82.01905, 30.533012], [-82.01905, 30.532888], [-82.01902, 30.532768], [-82.018951, 30.532675], [-82.01886, 30.532623], [-82.018578, 30.532623], [-82.018005, 30.532715], [-82.017776, 30.53266], [-82.017646, 30.532547], [-82.017601, 30.53232], [-82.017646, 30.532175], [-82.017799, 30.532055], [-82.018394, 30.531418], [-82.018371, 30.531269], [-82.018272, 30.531137], [-82.018081, 30.531023], [-82.017875, 30.530951], [-82.017585, 30.530922], [-82.017471, 30.53088], [-82.017364, 30.53076], [-82.017349, 30.530628], [-82.017502, 30.530218], [-82.017563, 30.529922], [-82.017715, 30.52965], [-82.017837, 30.529509], [-82.01799, 30.529387], [-82.018188, 30.529274], [-82.018432, 30.529186], [-82.018531, 30.529081], [-82.018554, 30.528992], [-82.018303, 30.528521], [-82.018142, 30.528433], [-82.017997, 30.528425], [-82.017677, 30.528355], [-82.017372, 30.528326], [-82.01709, 30.528334], [-82.016838, 30.528364], [-82.016655, 30.528412], [-82.016472, 30.528488], [-82.016296, 30.528597], [-82.016136, 30.528656], [-82.015808, 30.528702], [-82.01567, 30.528688], [-82.015579, 30.52866], [-82.015487, 30.528587], [-82.015434, 30.528501], [-82.015434, 30.52837], [-82.015464, 30.528252], [-82.015526, 30.528156], [-82.015617, 30.528065], [-82.015922, 30.527374], [-82.016067, 30.527195], [-82.016212, 30.527054], [-82.016441, 30.526899], [-82.01654, 30.526865], [-82.01667, 30.526875], [-82.016784, 30.526945], [-82.017067, 30.527216], [-82.017143, 30.527384], [-82.017257, 30.527531], [-82.017395, 30.527641], [-82.017547, 30.527716], [-82.017784, 30.52779], [-82.017975, 30.527771], [-82.018127, 30.527662], [-82.018181, 30.52751], [-82.018196, 30.52729], [-82.018165, 30.527046], [-82.017761, 30.525759], [-82.017738, 30.525553], [-82.017784, 30.525406], [-82.017921, 30.525148], [-82.018318, 30.524656], [-82.018478, 30.524391], [-82.0186, 30.524078], [-82.018638, 30.52393], [-82.018631, 30.523834], [-82.018554, 30.523685], [-82.01844, 30.523592], [-82.018219, 30.523533], [-82.018074, 30.523529], [-82.017952, 30.523565], [-82.017837, 30.523638], [-82.017769, 30.523731], [-82.017723, 30.523861], [-82.017624, 30.523964], [-82.017479, 30.524019], [-82.017334, 30.524017], [-82.017219, 30.523951], [-82.017135, 30.523806], [-82.017097, 30.523643], [-82.01712, 30.523268], [-82.017051, 30.523073], [-82.016357, 30.522144], [-82.016296, 30.521904], [-82.016327, 30.521687], [-82.01638, 30.521601], [-82.016449, 30.52153], [-82.01773, 30.520771], [-82.017944, 30.520611], [-82.018158, 30.520409], [-82.018356, 30.520157], [-82.018516, 30.519869], [-82.018585, 30.519489], [-82.018562, 30.51923], [-82.018165, 30.518705], [-82.01802, 30.518648], [-82.017852, 30.518667], [-82.017509, 30.518845], [-82.016945, 30.519327], [-82.016708, 30.519567], [-82.016403, 30.520046], [-82.016319, 30.520143], [-82.016166, 30.52022], [-82.015876, 30.520273], [-82.015678, 30.520233], [-82.015541, 30.520098], [-82.015457, 30.519764], [-82.015419, 30.519367], [-82.015449, 30.518873], [-82.015518, 30.518679], [-82.015632, 30.518507], [-82.015716, 30.518284], [-82.015793, 30.517933], [-82.015808, 30.5177], [-82.015403, 30.516458], [-82.015312, 30.516256], [-82.015312, 30.515762], [-82.015243, 30.51531], [-82.015213, 30.514833], [-82.015136, 30.514385], [-82.015022, 30.513973], [-82.015007, 30.5137], [-82.014755, 30.513252], [-82.01461, 30.512779], [-82.014564, 30.512312], [-82.014663, 30.511181], [-82.015472, 30.508368], [-82.015518, 30.50811], [-82.015587, 30.507944], [-82.015747, 30.507717], [-82.015915, 30.507589], [-82.016136, 30.507503], [-82.016418, 30.507502], [-82.016693, 30.507427], [-82.016914, 30.507299], [-82.017021, 30.507132], [-82.017017, 30.506746], [-82.017003, 30.506664], [-82.016936, 30.506539], [-82.016711, 30.506292], [-82.016592, 30.506099], [-82.016512, 30.505877], [-82.016472, 30.505578], [-82.016505, 30.505348], [-82.016774, 30.504754], [-82.016822, 30.504526], [-82.016906, 30.504046], [-82.016873, 30.503718], [-82.016893, 30.503402], [-82.017001, 30.502809], [-82.017087, 30.502076], [-82.017031, 30.501866], [-82.016946, 30.501764], [-82.015502, 30.500584], [-82.015285, 30.500284], [-82.015166, 30.499985], [-82.01515, 30.499892], [-82.015172, 30.499798], [-82.015232, 30.499715], [-82.0153, 30.499661], [-82.015543, 30.499543], [-82.015626, 30.499457], [-82.01567, 30.499354], [-82.015677, 30.499272], [-82.015653, 30.499209], [-82.015391, 30.49893], [-82.015358, 30.498839], [-82.015357, 30.498715], [-82.015379, 30.498625], [-82.015484, 30.498486], [-82.015551, 30.498332], [-82.015587, 30.498155], [-82.015569, 30.49797], [-82.015696, 30.49772], [-82.015768, 30.497434], [-82.016069, 30.496989], [-82.016097, 30.496838], [-82.016072, 30.496663], [-82.016102, 30.496584], [-82.016185, 30.496501], [-82.016656, 30.496247], [-82.016983, 30.496143], [-82.017349, 30.496091], [-82.017548, 30.496003], [-82.017655, 30.495918], [-82.017754, 30.495792], [-82.017724, 30.495673], [-82.017646, 30.495566], [-82.017494, 30.495473], [-82.017256, 30.495427], [-82.016085, 30.49544], [-82.015933, 30.495397], [-82.015764, 30.495261], [-82.015686, 30.495039], [-82.015717, 30.494822], [-82.01577, 30.494756], [-82.016267, 30.494518], [-82.016535, 30.494347], [-82.01691, 30.494034], [-82.017192, 30.493757], [-82.017407, 30.493496], [-82.017598, 30.493217], [-82.017636, 30.493124], [-82.017651, 30.492949], [-82.017766, 30.492851], [-82.017842, 30.492717], [-82.017979, 30.492351], [-82.018017, 30.492075], [-82.018001, 30.491997], [-82.017955, 30.491942], [-82.017657, 30.491875], [-82.017381, 30.491772], [-82.017128, 30.491631], [-82.01706, 30.491526], [-82.017043, 30.491292], [-82.017097, 30.491107], [-82.017181, 30.490976], [-82.017441, 30.49075], [-82.017609, 30.490532], [-82.017731, 30.490264], [-82.017777, 30.490034], [-82.017745, 30.48976], [-82.017623, 30.489539], [-82.017416, 30.489369], [-82.017163, 30.489287], [-82.016873, 30.48923], [-82.016635, 30.489095], [-82.016466, 30.488891], [-82.016405, 30.48867], [-82.016428, 30.488505], [-82.016718, 30.488212], [-82.016954, 30.487918], [-82.017161, 30.487589], [-82.017253, 30.487342], [-82.017283, 30.487112], [-82.017251, 30.486516], [-82.017143, 30.485583], [-82.017051, 30.485422], [-82.016898, 30.485301], [-82.016775, 30.485248], [-82.016201, 30.485106], [-82.016047, 30.485031], [-82.015918, 30.484934], [-82.015749, 30.484756], [-82.015634, 30.484576], [-82.015557, 30.484381], [-82.015526, 30.48415], [-82.015548, 30.483958], [-82.015648, 30.483817], [-82.01584, 30.483747], [-82.01604, 30.483745], [-82.016177, 30.483783], [-82.016299, 30.48386], [-82.016966, 30.484403], [-82.017203, 30.484472], [-82.017372, 30.48443], [-82.01766, 30.484121], [-82.017957, 30.483665], [-82.018128, 30.483487], [-82.018322, 30.483367], [-82.018768, 30.483186], [-82.019066, 30.483165], [-82.019172, 30.483081], [-82.019218, 30.482979], [-82.01921, 30.48283], [-82.01911, 30.482681], [-82.018942, 30.482579], [-82.018636, 30.482505], [-82.018415, 30.482398], [-82.018231, 30.482231], [-82.018101, 30.482006], [-82.017986, 30.481408], [-82.017825, 30.480821], [-82.017639, 30.480288], [-82.017449, 30.479941], [-82.017433, 30.479875], [-82.017494, 30.479659], [-82.017555, 30.479594], [-82.017631, 30.479551], [-82.017837, 30.479547], [-82.01828, 30.479731], [-82.018509, 30.479773], [-82.018899, 30.479784], [-82.019067, 30.479748], [-82.019212, 30.479664], [-82.019304, 30.479552], [-82.019379, 30.479357], [-82.019387, 30.479151], [-82.019348, 30.478976], [-82.01908, 30.478619], [-82.018698, 30.478287], [-82.017942, 30.477933], [-82.017826, 30.477836], [-82.017788, 30.477744], [-82.017773, 30.47765], [-82.017802, 30.477384], [-82.017879, 30.477148], [-82.017863, 30.477039], [-82.017381, 30.476389], [-82.017006, 30.475942], [-82.016907, 30.475758], [-82.01686, 30.475513], [-82.016906, 30.475111], [-82.017112, 30.474869], [-82.017454, 30.474564], [-82.017614, 30.47438], [-82.017805, 30.474046], [-82.01785, 30.473782], [-82.017926, 30.473557], [-82.018108, 30.473253], [-82.018512, 30.472928], [-82.018993, 30.472794], [-82.019146, 30.472717], [-82.019283, 30.47261], [-82.020289, 30.471361], [-82.020807, 30.470562], [-82.021097, 30.470251], [-82.02118, 30.47009], [-82.021218, 30.46992], [-82.022551, 30.468032], [-82.022887, 30.467699], [-82.023253, 30.46751], [-82.023595, 30.467212], [-82.023786, 30.466717], [-82.023998, 30.465758], [-82.024142, 30.465311], [-82.024203, 30.464889], [-82.024164, 30.464479], [-82.024056, 30.464062], [-82.023987, 30.463923], [-82.02388, 30.463789], [-82.023452, 30.46344], [-82.023298, 30.463184], [-82.023245, 30.463026], [-82.023259, 30.462795], [-82.023236, 30.462604], [-82.023106, 30.462297], [-82.022968, 30.462131], [-82.022348, 30.461561], [-82.022296, 30.461478], [-82.022272, 30.461382], [-82.022325, 30.461227], [-82.022486, 30.461118], [-82.022631, 30.461099], [-82.022829, 30.461138], [-82.02302, 30.461135], [-82.023218, 30.461086], [-82.023386, 30.460998], [-82.023485, 30.460708], [-82.023438, 30.460563], [-82.023271, 30.460319], [-82.023263, 30.46021], [-82.023286, 30.460102], [-82.023362, 30.459997], [-82.023462, 30.459937], [-82.023875, 30.459932], [-82.024135, 30.459885], [-82.024434, 30.459777], [-82.024557, 30.459696], [-82.024642, 30.459597], [-82.024689, 30.45946], [-82.024615, 30.459238], [-82.024662, 30.458994], [-82.024833, 30.458692], [-82.025311, 30.458195], [-82.025389, 30.458076], [-82.025429, 30.457874], [-82.025362, 30.457606], [-82.025372, 30.457441], [-82.025434, 30.457285], [-82.025558, 30.457134], [-82.025757, 30.456978], [-82.02598, 30.45687], [-82.026264, 30.456788], [-82.026546, 30.456766], [-82.026585, 30.456728], [-82.026578, 30.45668], [-82.026808, 30.45656], [-82.027046, 30.45649], [-82.027328, 30.456446], [-82.027473, 30.45639], [-82.027839, 30.456099], [-82.028015, 30.455919], [-82.028145, 30.45573], [-82.02832, 30.455391], [-82.028389, 30.455194], [-82.028381, 30.455044], [-82.028351, 30.454895], [-82.028175, 30.454588], [-82.028038, 30.454454], [-82.02787, 30.454353], [-82.027519, 30.454208], [-82.027404, 30.454199], [-82.027023, 30.454006], [-82.026947, 30.453941], [-82.026886, 30.453844], [-82.02687, 30.453722], [-82.026901, 30.453602], [-82.027168, 30.453281], [-82.027282, 30.452997], [-82.02729, 30.452789], [-82.027206, 30.452583], [-82.027168, 30.452364], [-82.027176, 30.452187], [-82.027214, 30.452011], [-82.027275, 30.451927], [-82.027359, 30.451876], [-82.027496, 30.451849], [-82.027641, 30.451864], [-82.027801, 30.45195], [-82.028015, 30.452253], [-82.028274, 30.45245], [-82.028427, 30.452518], [-82.028549, 30.452543], [-82.028679, 30.452536], [-82.028824, 30.452488], [-82.028946, 30.452419], [-82.029037, 30.45233], [-82.029106, 30.452219], [-82.029136, 30.452112], [-82.029083, 30.452013], [-82.028839, 30.451881], [-82.028694, 30.4517], [-82.028679, 30.451653], [-82.02874, 30.451557], [-82.02877, 30.451448], [-82.028709, 30.451197], [-82.028747, 30.451139], [-82.028808, 30.45112], [-82.028869, 30.45113], [-82.028907, 30.451166], [-82.02903, 30.451187], [-82.029281, 30.451162], [-82.029472, 30.451069], [-82.029571, 30.450945], [-82.029625, 30.450743], [-82.029594, 30.450554], [-82.029487, 30.450369], [-82.028648, 30.449854], [-82.028541, 30.449753], [-82.028457, 30.449623], [-82.028305, 30.449261], [-82.028228, 30.448965], [-82.028167, 30.448095], [-82.028106, 30.447689], [-82.028106, 30.447445], [-82.028145, 30.447252], [-82.028366, 30.446918], [-82.029175, 30.446093], [-82.029396, 30.445894], [-82.029564, 30.445684], [-82.030082, 30.444708], [-82.030212, 30.444534], [-82.030395, 30.444387], [-82.030891, 30.444254], [-82.031067, 30.444187], [-82.03128, 30.444048], [-82.031448, 30.44388], [-82.0317, 30.443499], [-82.03183, 30.443218], [-82.031906, 30.442938], [-82.031974, 30.442467], [-82.032097, 30.44211], [-82.032264, 30.441814], [-82.03247, 30.441599], [-82.032592, 30.441568], [-82.032715, 30.441574], [-82.032837, 30.441616], [-82.032936, 30.441696], [-82.03305, 30.441889], [-82.033088, 30.442238], [-82.033157, 30.442333], [-82.033256, 30.442404], [-82.033401, 30.442446], [-82.033592, 30.44244], [-82.033737, 30.442404], [-82.033874, 30.442316], [-82.033981, 30.442177], [-82.034065, 30.441898], [-82.034256, 30.440876], [-82.034469, 30.440224], [-82.034828, 30.439707], [-82.035316, 30.439167], [-82.036064, 30.438463], [-82.036545, 30.438105], [-82.036781, 30.437998], [-82.037384, 30.437788], [-82.03817, 30.437618], [-82.038879, 30.437536], [-82.039032, 30.4375], [-82.039352, 30.437319], [-82.03965, 30.437092], [-82.039924, 30.436808], [-82.040001, 30.436661], [-82.040024, 30.43623], [-82.040016, 30.435888], [-82.039947, 30.435467], [-82.039756, 30.434896], [-82.039756, 30.434759], [-82.039726, 30.434641], [-82.039573, 30.43445], [-82.039459, 30.434372], [-82.039367, 30.434343], [-82.039261, 30.434341], [-82.039154, 30.434376], [-82.039077, 30.434429], [-82.039024, 30.434509], [-82.038955, 30.434763], [-82.038955, 30.435282], [-82.038856, 30.435495], [-82.038673, 30.435694], [-82.038467, 30.435783], [-82.038231, 30.43578], [-82.037933, 30.435646], [-82.037727, 30.435474], [-82.037613, 30.435293], [-82.037208, 30.434223], [-82.037178, 30.434057], [-82.037185, 30.433786], [-82.037124, 30.43331], [-82.03704, 30.432903], [-82.036911, 30.432438], [-82.036766, 30.432117], [-82.036529, 30.431789], [-82.03629, 30.43155], [-82.035995, 30.431313], [-82.035751, 30.431185], [-82.035438, 30.431093], [-82.035347, 30.431019], [-82.035286, 30.430908], [-82.035309, 30.430433], [-82.035286, 30.430147], [-82.035209, 30.42981], [-82.035095, 30.429522], [-82.03508, 30.429386], [-82.035362, 30.428135], [-82.035324, 30.427992], [-82.035186, 30.427902], [-82.034813, 30.427843], [-82.034546, 30.427839], [-82.034248, 30.427877], [-82.034095, 30.427864], [-82.033882, 30.427774], [-82.033783, 30.42765], [-82.033775, 30.427555], [-82.033828, 30.42724], [-82.034004, 30.426737], [-82.034233, 30.426254], [-82.034538, 30.425764], [-82.034668, 30.425623], [-82.034836, 30.425526], [-82.035049, 30.425467], [-82.035461, 30.425402], [-82.035751, 30.425287], [-82.035957, 30.425137], [-82.035995, 30.425062], [-82.036003, 30.424967], [-82.035949, 30.424833], [-82.035797, 30.424656], [-82.035606, 30.424515], [-82.035331, 30.424387], [-82.035217, 30.424274], [-82.035125, 30.424128], [-82.035011, 30.423805], [-82.034988, 30.423557], [-82.035225, 30.422625], [-82.035255, 30.422405], [-82.035248, 30.422255], [-82.035148, 30.422071], [-82.034477, 30.421413], [-82.034225, 30.421093], [-82.034042, 30.420698], [-82.034019, 30.420536], [-82.034065, 30.420032], [-82.034134, 30.419924], [-82.034256, 30.419834], [-82.034355, 30.419798], [-82.034851, 30.419714], [-82.03524, 30.419601], [-82.035484, 30.419512], [-82.035995, 30.419258], [-82.036361, 30.419132], [-82.036606, 30.419086], [-82.036819, 30.41897], [-82.036911, 30.418882], [-82.037002, 30.418608], [-82.037033, 30.418362], [-82.037025, 30.418106], [-82.037063, 30.417973], [-82.037277, 30.417721], [-82.037552, 30.417538], [-82.037758, 30.417469], [-82.037948, 30.417479], [-82.039055, 30.417948], [-82.039222, 30.41799], [-82.039398, 30.418001], [-82.039619, 30.417971], [-82.040291, 30.41778], [-82.040542, 30.417639], [-82.040649, 30.417538], [-82.040703, 30.417454], [-82.040725, 30.417358], [-82.04071, 30.417294], [-82.040664, 30.417238], [-82.040481, 30.417192], [-82.040374, 30.417204], [-82.040031, 30.417381], [-82.039894, 30.417408], [-82.039749, 30.41741], [-82.03955, 30.41736], [-82.039398, 30.417288], [-82.039253, 30.417183], [-82.039139, 30.417051], [-82.03907, 30.416908], [-82.039062, 30.416702], [-82.039314, 30.41568], [-82.039413, 30.415556], [-82.039505, 30.415503], [-82.039627, 30.415478], [-82.039749, 30.415493], [-82.039848, 30.415537], [-82.039985, 30.415688], [-82.040054, 30.415966], [-82.040138, 30.416172], [-82.040367, 30.416452], [-82.040451, 30.416515], [-82.040565, 30.416557], [-82.040985, 30.416597], [-82.041267, 30.416555], [-82.041519, 30.416458], [-82.041778, 30.416445], [-82.042022, 30.416401], [-82.042465, 30.416244], [-82.042854, 30.415991], [-82.043441, 30.415407], [-82.043609, 30.415211], [-82.043762, 30.414869], [-82.043678, 30.414354], [-82.043617, 30.414257], [-82.043518, 30.414194], [-82.04322, 30.414137], [-82.042968, 30.414124], [-82.042717, 30.414152], [-82.042473, 30.414215], [-82.042267, 30.414309], [-82.04203, 30.414511], [-82.041855, 30.414835], [-82.041717, 30.415005], [-82.041534, 30.415155], [-82.041343, 30.415253], [-82.041206, 30.415289], [-82.041084, 30.415268], [-82.041, 30.415207], [-82.040893, 30.415068], [-82.040847, 30.414938], [-82.040832, 30.414816], [-82.040909, 30.414387], [-82.040916, 30.414005], [-82.040954, 30.413872], [-82.041046, 30.413746], [-82.041206, 30.413637], [-82.041404, 30.413586], [-82.041984, 30.413639], [-82.04248, 30.413588], [-82.042976, 30.413435], [-82.043213, 30.413277], [-82.043358, 30.41305], [-82.04348, 30.412611], [-82.043388, 30.412407], [-82.043158, 30.412263], [-82.042868, 30.412154], [-82.042395, 30.412057], [-82.042127, 30.41191], [-82.041982, 30.411765], [-82.041891, 30.411605], [-82.041853, 30.41146], [-82.041868, 30.411314], [-82.041967, 30.411175], [-82.04212, 30.411087], [-82.042838, 30.410988], [-82.043243, 30.410866], [-82.043472, 30.410742], [-82.043632, 30.410557], [-82.043686, 30.410408], [-82.043693, 30.410174], [-82.043678, 30.410069], [-82.043564, 30.409713], [-82.043541, 30.409371], [-82.043701, 30.408722], [-82.0438, 30.408504], [-82.043861, 30.408277], [-82.043899, 30.40799], [-82.043876, 30.407771], [-82.043808, 30.40762], [-82.043571, 30.407359], [-82.04338, 30.407212], [-82.043182, 30.407106], [-82.042678, 30.407127], [-82.042044, 30.407269], [-82.041868, 30.407264], [-82.0417, 30.407216], [-82.041471, 30.407074], [-82.041364, 30.406973], [-82.041296, 30.406833], [-82.041288, 30.406669], [-82.041326, 30.406551], [-82.041433, 30.4064], [-82.041578, 30.406273], [-82.041738, 30.406181], [-82.04183, 30.406147], [-82.042852, 30.405963], [-82.043317, 30.405836], [-82.043813, 30.405642], [-82.043989, 30.405531], [-82.044149, 30.405397], [-82.044509, 30.404929], [-82.044608, 30.404715], [-82.044661, 30.404513], [-82.044671, 30.40442], [-82.0447, 30.404127], [-82.044685, 30.403963], [-82.044601, 30.403742], [-82.044304, 30.403267], [-82.044197, 30.402983], [-82.044029, 30.402029], [-82.043922, 30.401642], [-82.043754, 30.401213], [-82.043411, 30.400568], [-82.043243, 30.400169], [-82.042816, 30.398748], [-82.042503, 30.397825], [-82.042343, 30.397425], [-82.042228, 30.396982], [-82.042186, 30.396909], [-82.042109, 30.396848], [-82.04196, 30.396632], [-82.041308, 30.395896], [-82.041231, 30.395675], [-82.041269, 30.395351], [-82.041237, 30.395107], [-82.041129, 30.394864], [-82.040687, 30.39472], [-82.040504, 30.394637], [-82.040266, 30.394476], [-82.040175, 30.394348], [-82.040151, 30.394193], [-82.040195, 30.393882], [-82.040149, 30.393638], [-82.040057, 30.393462], [-82.039843, 30.393185], [-82.039681, 30.39293], [-82.039605, 30.392775], [-82.039467, 30.392363], [-82.039633, 30.391998], [-82.039868, 30.39177], [-82.040043, 30.391545], [-82.040073, 30.391465], [-82.040065, 30.391385], [-82.039935, 30.391136], [-82.039758, 30.39094], [-82.038887, 30.390375], [-82.038773, 30.390248], [-82.038734, 30.390144], [-82.038726, 30.390024], [-82.038907, 30.389492], [-82.038922, 30.389328], [-82.038899, 30.38918], [-82.038838, 30.389037], [-82.038738, 30.388913], [-82.038317, 30.388557], [-82.038125, 30.388188], [-82.037942, 30.388013], [-82.037231, 30.38749], [-82.037078, 30.38741], [-82.037009, 30.387317], [-82.037008, 30.387155], [-82.037175, 30.386885], [-82.037206, 30.386677], [-82.037333, 30.38626], [-82.037233, 30.385944], [-82.037073, 30.385789], [-82.036774, 30.385668], [-82.036431, 30.38559], [-82.036134, 30.385408], [-82.035896, 30.385154], [-82.035835, 30.385013], [-82.035811, 30.384851], [-82.035855, 30.38462], [-82.035915, 30.384539], [-82.036014, 30.384469], [-82.036144, 30.384432], [-82.036731, 30.384373], [-82.036974, 30.384293], [-82.037043, 30.384221], [-82.037217, 30.383944], [-82.037334, 30.383399], [-82.037543, 30.382898], [-82.037589, 30.38286], [-82.037596, 30.382767], [-82.037641, 30.382733], [-82.03771, 30.382758], [-82.037817, 30.382746], [-82.037977, 30.382657], [-82.038045, 30.382549], [-82.038051, 30.382395], [-82.038119, 30.382314], [-82.038156, 30.382209], [-82.038148, 30.382071], [-82.038078, 30.38194], [-82.037818, 30.381814], [-82.037519, 30.381804], [-82.037228, 30.381726], [-82.03689, 30.381526], [-82.036805, 30.381412], [-82.036789, 30.381303], [-82.036827, 30.381198], [-82.036933, 30.381096], [-82.037432, 30.380487], [-82.037598, 30.380187], [-82.037664, 30.379949], [-82.037609, 30.379693], [-82.037546, 30.379539], [-82.037407, 30.379372], [-82.037208, 30.379252], [-82.037138, 30.379177], [-82.037075, 30.378886], [-82.036751, 30.378473], [-82.036673, 30.378293], [-82.036633, 30.378096], [-82.036674, 30.377931], [-82.036753, 30.377797], [-82.036862, 30.377697], [-82.037078, 30.377563], [-82.037303, 30.377489], [-82.037518, 30.37745], [-82.038025, 30.377456], [-82.03815, 30.377342], [-82.038175, 30.377222], [-82.038138, 30.377158], [-82.037903, 30.376902], [-82.037875, 30.376755], [-82.038111, 30.376338], [-82.038541, 30.37582], [-82.0387, 30.375534], [-82.03878, 30.375294], [-82.03881, 30.375065], [-82.038812, 30.374693], [-82.038774, 30.374586], [-82.038714, 30.374525], [-82.03863, 30.374487], [-82.038524, 30.37448], [-82.038433, 30.374509], [-82.037533, 30.375191], [-82.037206, 30.375223], [-82.036879, 30.37518], [-82.036765, 30.375109], [-82.036727, 30.375006], [-82.036827, 30.37474], [-82.036926, 30.374552], [-82.037484, 30.373898], [-82.037966, 30.373219], [-82.038141, 30.372924], [-82.038158, 30.37279], [-82.038059, 30.372536], [-82.037923, 30.372391], [-82.037779, 30.372334], [-82.037604, 30.372325], [-82.037262, 30.37224], [-82.037186, 30.372177], [-82.037149, 30.372114], [-82.037157, 30.372033], [-82.037218, 30.371848], [-82.03731, 30.371723], [-82.037447, 30.371631], [-82.03785, 30.371593], [-82.038193, 30.371483], [-82.038467, 30.371323], [-82.038703, 30.371091], [-82.038856, 30.371022], [-82.039175, 30.370982], [-82.039541, 30.371004], [-82.03973, 30.370986], [-82.040157, 30.370868], [-82.040583, 30.370698], [-82.040751, 30.370556], [-82.040805, 30.3704], [-82.040767, 30.37028], [-82.040707, 30.370185], [-82.040615, 30.370113], [-82.040479, 30.370068], [-82.040449, 30.37002], [-82.040427, 30.369859], [-82.040495, 30.369709], [-82.040526, 30.369671], [-82.040755, 30.369598], [-82.041439, 30.369433], [-82.04176, 30.36928], [-82.041935, 30.369146], [-82.042118, 30.36896], [-82.042179, 30.368864], [-82.042202, 30.368742], [-82.042097, 30.368365], [-82.041992, 30.368122], [-82.041947, 30.368036], [-82.041794, 30.367945], [-82.041727, 30.367838], [-82.041712, 30.367689], [-82.041758, 30.36762], [-82.041834, 30.367596], [-82.04191, 30.3676], [-82.042304, 30.367731], [-82.042783, 30.367831], [-82.043353, 30.367885], [-82.043574, 30.367924], [-82.04378, 30.367932], [-82.044053, 30.367893], [-82.044334, 30.367789], [-82.044487, 30.367672], [-82.044587, 30.367503], [-82.04461, 30.367325], [-82.04455, 30.367157], [-82.044308, 30.366833], [-82.044028, 30.366608], [-82.043823, 30.366518], [-82.04326, 30.366495], [-82.042705, 30.366371], [-82.042432, 30.366265], [-82.042295, 30.366178], [-82.042084, 30.365958], [-82.042015, 30.365819], [-82.042024, 30.365658], [-82.042139, 30.365409], [-82.042314, 30.365315], [-82.042497, 30.365249], [-82.042983, 30.365219], [-82.043234, 30.365243], [-82.0434, 30.3652], [-82.043637, 30.365074], [-82.043743, 30.365069], [-82.04385, 30.365098], [-82.043926, 30.36515], [-82.043977, 30.365229], [-82.043983, 30.365459], [-82.04402, 30.365635], [-82.044088, 30.365802], [-82.044185, 30.365961], [-82.044321, 30.36611], [-82.044585, 30.366307], [-82.044676, 30.366355], [-82.044783, 30.366376], [-82.044957, 30.366361], [-82.045117, 30.366307], [-82.045239, 30.366223], [-82.045346, 30.366087], [-82.045393, 30.365972], [-82.045401, 30.365818], [-82.045312, 30.365472], [-82.045305, 30.365336], [-82.045375, 30.365199], [-82.04549, 30.365109], [-82.045702, 30.365069], [-82.046037, 30.365134], [-82.046286, 30.365248], [-82.046535, 30.365455], [-82.046641, 30.365483], [-82.046907, 30.365452], [-82.047066, 30.3654], [-82.04722, 30.365302], [-82.047335, 30.365155], [-82.047466, 30.364662], [-82.047516, 30.364119], [-82.047617, 30.363668], [-82.047671, 30.36357], [-82.047771, 30.363485], [-82.048509, 30.363178], [-82.049462, 30.362607], [-82.04969, 30.362519], [-82.049958, 30.362472], [-82.050057, 30.361399], [-82.049687, 30.332436], [-82.049626, 30.3139], [-82.049702, 30.292389], [-82.049578, 30.281366], [-82.049236, 30.273432], [-82.04932, 30.27343], [-82.049331, 30.27334], [-82.048923, 30.243364], [-82.048816, 30.241033], [-82.048924, 30.237176], [-82.049076, 30.226081], [-82.049319, 30.201434], [-82.049349, 30.19383], [-82.049502, 30.188875], [-82.049411, 30.186933], [-82.049442, 30.148681], [-82.049382, 30.125238], [-82.049394, 30.098267], [-82.049296, 30.091413], [-82.049204, 30.056082], [-82.049103, 30.049345], [-82.049092, 30.044995], [-82.048816, 30.018574], [-82.048808, 30.015518], [-82.04803, 30.00208], [-82.04797, 30.00048], [-82.047879, 29.998943], [-82.04772, 29.99495], [-82.04775, 29.99228], [-82.04768, 29.99119], [-82.04772, 29.99018], [-82.04772, 29.98791], [-82.04778, 29.98448], [-82.04778, 29.9834], [-82.04773, 29.98158], [-82.04769, 29.98089], [-82.04773, 29.97904], [-82.04777, 29.978], [-82.04783, 29.97765], [-82.04795, 29.97728], [-82.04825, 29.97622], [-82.04839, 29.97496], [-82.04843, 29.97437], [-82.04845, 29.97376], [-82.04844, 29.97064], [-82.04846, 29.97011], [-82.04844, 29.96766], [-82.04839, 29.96608], [-82.04839, 29.96422], [-82.04835, 29.96178], [-82.04832, 29.9573], [-82.04824, 29.95656], [-82.048326, 29.93853], [-82.047987, 29.91024], [-82.04741, 29.864521], [-82.04713, 29.840753], [-82.046918, 29.837213], [-82.046862, 29.827462], [-82.046683, 29.826738], [-82.046683, 29.823619], [-82.046782, 29.823384], [-82.0466, 29.821844], [-82.046504, 29.819594], [-82.046542, 29.81889], [-82.046781, 29.817939], [-82.04682, 29.81749], [-82.046792, 29.8168], [-82.04651, 29.813389], [-82.04651, 29.812945], [-82.046605, 29.811565], [-82.046685, 29.806395], [-82.046686, 29.804941], [-82.046712, 29.804552], [-82.046791, 29.804414], [-82.046712, 29.804208], [-82.046849, 29.803656], [-82.04657, 29.80214], [-82.046512, 29.801999], [-82.046731, 29.801346], [-82.046743, 29.800527], [-82.046818, 29.798157], [-82.04666, 29.796988], [-82.046528, 29.795819], [-82.046658, 29.795348], [-82.046462, 29.790877], [-82.046372, 29.790203], [-82.04637, 29.790081], [-82.04636, 29.788852], [-82.046377, 29.784983], [-82.04638, 29.78469], [-82.046424, 29.784669], [-82.046363, 29.782781], [-82.046435, 29.781957], [-82.04639, 29.78128], [-82.04634, 29.7808], [-82.04636, 29.7808], [-82.046417, 29.780532], [-82.046375, 29.778652], [-82.046264, 29.778432], [-82.04633, 29.77818], [-82.04631, 29.77779], [-82.046347, 29.775854], [-82.046295, 29.775189], [-82.046445, 29.769726], [-82.046454, 29.769001], [-82.046375, 29.768267], [-82.046398, 29.762098], [-82.04626, 29.76109], [-82.04623, 29.76031], [-82.046257, 29.759293], [-82.04621, 29.75471], [-82.046219, 29.751902], [-82.046161, 29.750244], [-82.046112, 29.747129], [-82.047293, 29.73561], [-82.047333, 29.735186], [-82.047328, 29.734811], [-82.047496, 29.733281], [-82.047572, 29.732664], [-82.04811, 29.730695], [-82.047985, 29.730202], [-82.047983, 29.729939], [-82.04829, 29.72649], [-82.04831, 29.72607], [-82.04838, 29.72556], [-82.04845, 29.72477], [-82.04854, 29.7241], [-82.04886, 29.72068], [-82.049244, 29.71867], [-82.028917, 29.718681], [-82.028256, 29.719594], [-82.027979, 29.720014], [-82.027324, 29.721155], [-82.025876, 29.723995], [-82.025459, 29.724585], [-82.024913, 29.725236], [-82.024365, 29.725757], [-82.02387, 29.72617], [-82.021729, 29.727766], [-82.021075, 29.728229], [-82.020417, 29.728719], [-82.018982, 29.729821], [-82.01609, 29.73214], [-82.01487, 29.73306], [-82.01421, 29.73351], [-82.01293, 29.73446], [-82.01264, 29.734742], [-82.01234, 29.735], [-82.011749, 29.73546], [-82.011339, 29.735815], [-82.01085, 29.736189], [-82.0092, 29.73757], [-82.009188, 29.737594], [-82.007485, 29.739102], [-82.00707, 29.73949], [-82.004625, 29.740352], [-81.99982, 29.741472], [-81.99523, 29.7426], [-81.99457, 29.74282], [-81.99451, 29.74288], [-81.99451, 29.743059], [-81.991716, 29.743745], [-81.991415, 29.743807], [-81.991073, 29.743952], [-81.985864, 29.743652], [-81.985912, 29.744983], [-81.982312, 29.745836], [-81.976228, 29.747114], [-81.975648, 29.747028], [-81.97213, 29.74709], [-81.97134, 29.74708], [-81.96931, 29.74713], [-81.967552, 29.747146], [-81.96616, 29.74712], [-81.963849, 29.747215], [-81.96356, 29.74715], [-81.961275, 29.747239], [-81.959699, 29.747171], [-81.95889, 29.74722], [-81.958497, 29.747396], [-81.957896, 29.747483], [-81.957692, 29.747447], [-81.957712, 29.747272], [-81.957117, 29.747243], [-81.955999, 29.747316], [-81.95529, 29.74738], [-81.95427, 29.747381], [-81.950863, 29.747331], [-81.948517, 29.747326], [-81.948061, 29.747291], [-81.946672, 29.747274], [-81.945942, 29.747336], [-81.945057, 29.747353], [-81.944944, 29.747343], [-81.943473, 29.747392], [-81.940006, 29.747471], [-81.939427, 29.747497], [-81.939234, 29.747733], [-81.937894, 29.749171], [-81.93724, 29.74992], [-81.9364, 29.7508], [-81.93341, 29.75382], [-81.93255, 29.75464], [-81.93222, 29.75502], [-81.93111, 29.75613], [-81.93074, 29.75664], [-81.93053, 29.75705], [-81.93041, 29.75734], [-81.93025, 29.75766], [-81.930074, 29.758082], [-81.929897, 29.758325], [-81.929263, 29.759119], [-81.929094, 29.759356], [-81.928346, 29.76111], [-81.928175, 29.762606], [-81.928241, 29.764027], [-81.928104, 29.765539], [-81.927781, 29.767671], [-81.927536, 29.768787], [-81.92712, 29.770228], [-81.926846, 29.770761], [-81.926216, 29.772059], [-81.92579, 29.772859], [-81.92577, 29.77298], [-81.925042, 29.774068], [-81.924871, 29.775009], [-81.924631, 29.77683], [-81.924269, 29.778434], [-81.923759, 29.780207], [-81.923497, 29.780919], [-81.921586, 29.783832], [-81.920634, 29.785516], [-81.920218, 29.78616], [-81.919525, 29.786869], [-81.918731, 29.787529], [-81.916571, 29.788848], [-81.915629, 29.789604], [-81.914668, 29.790465], [-81.914233, 29.79115], [-81.914192, 29.791399], [-81.913759, 29.791539], [-81.913329, 29.791749], [-81.911019, 29.792987], [-81.910409, 29.793256], [-81.909929, 29.793416], [-81.90951, 29.79352], [-81.90926, 29.79356], [-81.90893, 29.79357], [-81.9083, 29.79353], [-81.90657, 29.79332], [-81.90619, 29.79326], [-81.90536, 29.79307], [-81.905079, 29.79306], [-81.90474, 29.79307], [-81.90422, 29.79315], [-81.90378, 29.79326], [-81.90306, 29.79341], [-81.90089, 29.79394], [-81.90019, 29.79413], [-81.897135, 29.795475], [-81.89552, 29.79621], [-81.89068, 29.79821], [-81.89045, 29.79828], [-81.88664, 29.7988], [-81.88413, 29.79917], [-81.88251, 29.79944], [-81.881233, 29.799612], [-81.879927, 29.799749], [-81.87926, 29.79985], [-81.87926, 29.79986], [-81.87776, 29.80004], [-81.87755, 29.80005], [-81.87536, 29.800323], [-81.87033, 29.800868], [-81.86935, 29.800877], [-81.86656, 29.800765], [-81.864237, 29.800512], [-81.863249, 29.800338], [-81.862502, 29.800168], [-81.862184, 29.800137], [-81.861994, 29.800187], [-81.861804, 29.800396], [-81.8613, 29.80109], [-81.860612, 29.801972], [-81.86014, 29.80255], [-81.85999, 29.80268], [-81.858794, 29.803349], [-81.85649, 29.80469], [-81.855328, 29.80535], [-81.854748, 29.805737], [-81.854273, 29.806081], [-81.853984, 29.806341], [-81.853337, 29.806965], [-81.85253, 29.807427], [-81.852, 29.80762], [-81.850756, 29.808141], [-81.84977, 29.80846], [-81.849769, 29.80848], [-81.848826, 29.80875], [-81.847922, 29.809095], [-81.847656, 29.809237], [-81.847213, 29.809493], [-81.846901, 29.809695], [-81.8467, 29.80984], [-81.84604, 29.81026], [-81.84603, 29.81029], [-81.84573, 29.81046], [-81.843372, 29.812043], [-81.841363, 29.813295], [-81.837952, 29.815503], [-81.837001, 29.816142], [-81.836671, 29.816392], [-81.836361, 29.816691], [-81.83456, 29.8186], [-81.83335, 29.81983], [-81.83219, 29.82095], [-81.827892, 29.82442], [-81.826523, 29.82508], [-81.826073, 29.82521], [-81.823284, 29.825571], [-81.822884, 29.825671], [-81.821872, 29.82634], [-81.82152, 29.82684], [-81.8213, 29.82727], [-81.82099, 29.82772], [-81.82044, 29.82862], [-81.81969, 29.82957], [-81.81914, 29.83024], [-81.81873, 29.83061], [-81.81802, 29.83119], [-81.81724, 29.83191], [-81.81581, 29.83361], [-81.81539, 29.83399], [-81.81476, 29.83443], [-81.81435, 29.83475], [-81.81362, 29.83547], [-81.81243, 29.83649], [-81.81233, 29.83648], [-81.804135, 29.836564], [-81.799327, 29.83659], [-81.797232, 29.83665], [-81.793398, 29.836718], [-81.790052, 29.836745], [-81.786612, 29.836751], [-81.77584, 29.83686], [-81.77287, 29.83691], [-81.75937, 29.83703], [-81.7573, 29.837069], [-81.7573, 29.83705], [-81.756899, 29.83705], [-81.740195, 29.837306], [-81.737209, 29.837375], [-81.73148, 29.837431], [-81.726789, 29.837511], [-81.72006, 29.837655], [-81.71673, 29.837752], [-81.709498, 29.837844], [-81.70471, 29.83797], [-81.69776, 29.83808], [-81.69637, 29.83815], [-81.690902, 29.838276], [-81.674309, 29.838534], [-81.67211, 29.838609], [-81.662429, 29.838758], [-81.66185, 29.83877], [-81.661334, 29.838805], [-81.654892, 29.839009], [-81.642485, 29.839207], [-81.624807, 29.839563], [-81.621437, 29.83949], [-81.606135, 29.839568], [-81.581207, 29.840176], [-81.581668, 29.841046], [-81.589142, 29.85574], [-81.592571, 29.862369], [-81.597561, 29.872286], [-81.599013, 29.875422], [-81.599089, 29.875774], [-81.599234, 29.876286], [-81.599348, 29.876594], [-81.599778, 29.877975], [-81.599866, 29.87831], [-81.600062, 29.878915], [-81.600201, 29.879399], [-81.600694, 29.880874], [-81.600789, 29.881303], [-81.601137, 29.882348], [-81.601225, 29.882667], [-81.601617, 29.883833], [-81.601699, 29.884257], [-81.601819, 29.884581], [-81.601971, 29.885104], [-81.602022, 29.885214], [-81.602275, 29.886155], [-81.60273, 29.887612], [-81.603147, 29.889098], [-81.603754, 29.891171], [-81.604114, 29.892261], [-81.604272, 29.892673], [-81.604412, 29.893185], [-81.604595, 29.893641], [-81.604696, 29.894021], [-81.604797, 29.894301], [-81.604873, 29.894604], [-81.605, 29.894884], [-81.605518, 29.896491], [-81.60622, 29.899329], [-81.606575, 29.90115], [-81.607017, 29.90302], [-81.607106, 29.903592], [-81.607226, 29.90395], [-81.607378, 29.904599], [-81.607505, 29.905248], [-81.607606, 29.905655], [-81.60803, 29.908257], [-81.608182, 29.909446], [-81.608233, 29.910283], [-81.608354, 29.911712], [-81.608355, 29.91301], [-81.608393, 29.914006], [-81.608368, 29.914892], [-81.608375, 29.915288], [-81.608356, 29.915695], [-81.608243, 29.916498], [-81.608123, 29.917181], [-81.608041, 29.91756], [-81.607865, 29.918215], [-81.607738, 29.918628], [-81.607032, 29.920449], [-81.606628, 29.921417], [-81.605997, 29.923068], [-81.605758, 29.923541], [-81.605562, 29.924025], [-81.605322, 29.924548], [-81.604414, 29.926452], [-81.604142, 29.927106], [-81.603669, 29.927998], [-81.602786, 29.929819], [-81.602603, 29.930292], [-81.602224, 29.931079], [-81.601808, 29.932108], [-81.601372, 29.933027], [-81.601133, 29.933483], [-81.600539, 29.934969], [-81.600382, 29.935404], [-81.600066, 29.93613], [-81.599864, 29.936554], [-81.599719, 29.936939], [-81.599612, 29.937313], [-81.599341, 29.9381], [-81.599246, 29.938446], [-81.599063, 29.93925], [-81.598975, 29.939525], [-81.598861, 29.940053], [-81.598773, 29.940559], [-81.598735, 29.941038], [-81.59871, 29.941637], [-81.598711, 29.942952], [-81.599263, 29.948327], [-81.59956, 29.950461], [-81.599858, 29.952238], [-81.600453, 29.954537], [-81.600662, 29.955153], [-81.60099, 29.956017], [-81.601705, 29.957486], [-81.602008, 29.958146], [-81.602223, 29.958514], [-81.602767, 29.959543], [-81.602976, 29.959994], [-81.603823, 29.961534], [-81.604266, 29.962409], [-81.604588, 29.962948], [-81.604867, 29.963498], [-81.605575, 29.964686], [-81.605923, 29.965131], [-81.606131, 29.965505], [-81.606441, 29.965984], [-81.606808, 29.96649], [-81.607471, 29.967205], [-81.607857, 29.9677], [-81.608211, 29.968063], [-81.6089, 29.968849], [-81.609235, 29.969173], [-81.609469, 29.969498], [-81.610146, 29.970235], [-81.610493, 29.970526], [-81.61134, 29.97135], [-81.612048, 29.971998], [-81.612989, 29.972832], [-81.615216, 29.974691], [-81.615651, 29.975029], [-81.616559, 29.975642], [-81.617702, 29.976605], [-81.619331, 29.977737], [-81.619805, 29.97812], [-81.620364, 29.978451], [-81.622369, 29.979893], [-81.624682, 29.981495], [-81.633611, 29.986346], [-81.658229, 30.000244], [-81.659858, 30.001068], [-81.662954, 30.002769], [-81.666525, 30.004618], [-81.671088, 30.007242], [-81.674583, 30.009581], [-81.678243, 30.012233], [-81.680209, 30.01407], [-81.680942, 30.014692], [-81.682807, 30.016694], [-81.684943, 30.01977], [-81.686726, 30.022982], [-81.687807, 30.025529], [-81.688876, 30.028566], [-81.689413, 30.031234], [-81.690001, 30.035553], [-81.690368, 30.039976], [-81.690469, 30.04321], [-81.690298, 30.04732], [-81.689958, 30.052431], [-81.689813, 30.056045], [-81.689756, 30.058823], [-81.689585, 30.06088], [-81.68932, 30.06296], [-81.688883, 30.064863], [-81.688555, 30.06576], [-81.688213, 30.066602], [-81.687821, 30.067542], [-81.686025, 30.070315], [-81.684893, 30.072279], [-81.683318, 30.075453], [-81.681743, 30.078913], [-81.68056, 30.082654], [-81.680073, 30.086621], [-81.680237, 30.089877], [-81.68061, 30.092738], [-81.681167, 30.095841], [-81.681603, 30.099323], [-81.68178, 30.103031], [-81.681736, 30.106177], [-81.68145, 30.108984], [-81.68061, 30.114337], [-81.68019, 30.117225], [-81.679973, 30.119118], [-81.680111, 30.120708], [-81.680215, 30.12124], [-81.686414, 30.132339], [-81.691815, 30.142339], [-81.692116, 30.14474], [-81.690216, 30.16134], [-81.690516, 30.17194], [-81.681716, 30.18144], [-81.679626, 30.190495], [-81.679573, 30.190838], [-81.650715, 30.22354], [-81.649133, 30.228162], [-81.651841, 30.241813], [-81.653016, 30.24394], [-81.658116, 30.25014], [-81.665316, 30.25764], [-81.669617, 30.261639], [-81.680317, 30.273139], [-81.684118, 30.283239], [-81.676617, 30.288739], [-81.673917, 30.290439], [-81.668217, 30.294439], [-81.667744, 30.310697], [-81.667906, 30.313953], [-81.667604, 30.314212], [-81.667468, 30.314407], [-81.66732, 30.314742], [-81.664435, 30.320112], [-81.664127, 30.320604], [-81.664093, 30.32068], [-81.663608, 30.32098], [-81.662811, 30.321406], [-81.661775, 30.321897], [-81.660593, 30.322224], [-81.659702, 30.322369], [-81.658248, 30.32226], [-81.655902, 30.321806], [-81.651295, 30.320407], [-81.647617, 30.320039], [-81.642116, 30.318339], [-81.629816, 30.314139], [-81.626924, 30.314924], [-81.621741, 30.318704], [-81.620727, 30.321083], [-81.618368, 30.327292], [-81.608006, 30.327351], [-81.606057, 30.328512], [-81.605863, 30.328842], [-81.609008, 30.328818], [-81.609025, 30.329447], [-81.60899, 30.329944], [-81.608998, 30.330236], [-81.609025, 30.330463], [-81.6091, 30.330757], [-81.609206, 30.330993], [-81.609546, 30.331618], [-81.609604, 30.33176], [-81.609634, 30.331997], [-81.609643, 30.332384], [-81.610578, 30.332371], [-81.610587, 30.332764], [-81.610601, 30.333851], [-81.607832, 30.333849], [-81.60692, 30.333877], [-81.605991, 30.333879], [-81.606053, 30.335116], [-81.605999, 30.336389], [-81.60554, 30.336358], [-81.605137, 30.336378], [-81.604336, 30.336515], [-81.603843, 30.336624], [-81.603114, 30.336752], [-81.602583, 30.336757], [-81.602573, 30.338068], [-81.602548, 30.338642], [-81.602645, 30.343001], [-81.603976, 30.342997], [-81.604009, 30.345001], [-81.602706, 30.345023], [-81.602741, 30.34635], [-81.602759, 30.34798], [-81.602726, 30.348332], [-81.602664, 30.349437], [-81.602615, 30.350982], [-81.602625, 30.351485], [-81.602656, 30.351602], [-81.602629, 30.352029], [-81.602728, 30.352718], [-81.603025, 30.353613], [-81.603505, 30.354732], [-81.604822, 30.358087], [-81.605964, 30.36135], [-81.606402, 30.362676], [-81.606845, 30.363942], [-81.600656, 30.365457], [-81.597289, 30.366263], [-81.597108, 30.366291], [-81.595109, 30.366344], [-81.591675, 30.366395], [-81.590191, 30.366397], [-81.587909, 30.366447], [-81.586248, 30.366455], [-81.583475, 30.366507], [-81.582403, 30.366512], [-81.577986, 30.366584], [-81.576287, 30.366628], [-81.571646, 30.366666], [-81.568879, 30.366728], [-81.565656, 30.366734], [-81.560995, 30.366853], [-81.55962, 30.366854], [-81.559402, 30.36684], [-81.559034, 30.36675], [-81.558651, 30.366591], [-81.558328, 30.366393], [-81.55446, 30.363039], [-81.553187, 30.361891], [-81.55292, 30.362703], [-81.552016, 30.365715], [-81.551884, 30.366215], [-81.551741, 30.366937], [-81.55165, 30.367574], [-81.551576, 30.368307], [-81.551539, 30.369282], [-81.551579, 30.370425], [-81.55165, 30.371059], [-81.551829, 30.372085], [-81.551959, 30.372668], [-81.552094, 30.373236], [-81.552346, 30.373998], [-81.553606, 30.377337], [-81.554479, 30.379358], [-81.55558, 30.382079], [-81.556848, 30.385053], [-81.555928, 30.385396], [-81.5556, 30.38535], [-81.551727, 30.385249], [-81.548385, 30.385377], [-81.542106, 30.385648], [-81.539349, 30.385716], [-81.538349, 30.385718], [-81.538213, 30.387239], [-81.536613, 30.388739], [-81.512612, 30.392739], [-81.505211, 30.390739], [-81.490911, 30.392139], [-81.47081, 30.392039], [-81.45931, 30.38394], [-81.450309, 30.38094], [-81.439009, 30.38654], [-81.423555, 30.403001], [-81.409173, 30.402302], [-81.399959, 30.3993], [-81.394424, 30.398109], [-81.388705, 30.39695], [-81.374807, 30.396105], [-81.31726, 30.396112], [-81.316712, 30.401676], [-81.316897, 30.407721], [-81.319799, 30.416465], [-81.324877, 30.424735], [-81.33229, 30.433036], [-81.338657, 30.438231], [-81.34996, 30.445009], [-81.353574, 30.44666], [-81.354348, 30.449732], [-81.353917, 30.453346], [-81.35387, 30.460303], [-81.35344, 30.462667], [-81.351794, 30.473407], [-81.352445, 30.482119], [-81.354883, 30.492754], [-81.358036, 30.500239], [-81.358793, 30.501504], [-81.35918, 30.502622], [-81.36, 30.504302], [-81.361639, 30.506383], [-81.362264, 30.507357], [-81.364255, 30.510144], [-81.366444, 30.51478], [-81.368047, 30.518778], [-81.36965, 30.522945], [-81.375002, 30.532758], [-81.377674, 30.54446], [-81.380278, 30.563225], [-81.382015, 30.583579], [-81.382449, 30.600741], [-81.382015, 30.615913], [-81.381147, 30.625238], [-81.380867, 30.627345], [-81.37481, 30.654558], [-81.37481, 30.656525], [-81.373398, 30.662779], [-81.368138, 30.666416], [-81.362842, 30.671331], [-81.358169, 30.675976], [-81.354939, 30.680149], [-81.351553, 30.685666], [-81.349259, 30.690577], [-81.347201, 30.696798], [-81.346389, 30.701438], [-81.346358, 30.706279], [-81.346795, 30.711085], [-81.347015, 30.712444], [-81.373696, 30.712395], [-81.376343, 30.71241], [-81.404175, 30.712439], [-81.403702, 30.709814], [-81.429962, 30.708822], [-81.431541, 30.70874], [-81.43409, 30.708862], [-81.436432, 30.709158], [-81.438164, 30.709591], [-81.440483, 30.709982], [-81.441902, 30.709965], [-81.444611, 30.70966], [-81.446991, 30.709419], [-81.448715, 30.709352], [-81.451241, 30.709484], [-81.459976, 30.710434], [-81.464013, 30.710983], [-81.465398, 30.711258], [-81.46862, 30.711996], [-81.469959, 30.712441], [-81.471809, 30.713022], [-81.472419, 30.713274], [-81.473586, 30.713686], [-81.474113, 30.713913], [-81.474578, 30.714144], [-81.475036, 30.714399], [-81.475486, 30.714685], [-81.47589, 30.715017], [-81.477218, 30.716295], [-81.479629, 30.718918], [-81.48159, 30.721312], [-81.482231, 30.72221], [-81.482978, 30.723082], [-81.483314, 30.723541], [-81.483955, 30.724182], [-81.48455, 30.724865], [-81.484825, 30.725113], [-81.485427, 30.725492], [-81.486068, 30.725796], [-81.486587, 30.725979], [-81.487563, 30.726231], [-81.487991, 30.726288], [-81.488464, 30.726309], [-81.48899, 30.726288], [-81.489478, 30.726234], [-81.489898, 30.726156], [-81.490882, 30.725931], [-81.494171, 30.725273], [-81.496627, 30.724857], [-81.49726, 30.724802], [-81.497901, 30.724791], [-81.499526, 30.724625], [-81.499977, 30.724493], [-81.501678, 30.724279], [-81.502876, 30.72398], [-81.504447, 30.723495], [-81.505447, 30.723219], [-81.507938, 30.722825], [-81.509887, 30.722614], [-81.512382, 30.722538], [-81.513656, 30.722528], [-81.514488, 30.722546], [-81.515472, 30.722601], [-81.516799, 30.722726], [-81.520988, 30.722805], [-81.522674, 30.722881], [-81.52404, 30.723001], [-81.524742, 30.72304], [-81.525154, 30.723085], [-81.526245, 30.723392], [-81.527336, 30.72365], [-81.530128, 30.724142], [-81.530647, 30.724207], [-81.531486, 30.724226], [-81.532035, 30.724153], [-81.532295, 30.724091], [-81.532677, 30.723912], [-81.533142, 30.723629], [-81.533366, 30.723433], [-81.533691, 30.723064], [-81.533912, 30.722654], [-81.534065, 30.722248], [-81.534156, 30.72179], [-81.534194, 30.721296], [-81.534248, 30.72097], [-81.534393, 30.720551], [-81.534492, 30.720074], [-81.534553, 30.719528], [-81.534568, 30.71895], [-81.534477, 30.718092], [-81.534118, 30.715887], [-81.533874, 30.714052], [-81.533813, 30.713175], [-81.533813, 30.712055], [-81.533889, 30.711773], [-81.534011, 30.711447], [-81.534179, 30.711136], [-81.535148, 30.709702], [-81.535331, 30.709494], [-81.53553, 30.709316], [-81.535781, 30.709148], [-81.536041, 30.709017], [-81.536567, 30.70882], [-81.537109, 30.708698], [-81.537597, 30.708651], [-81.538169, 30.708673], [-81.538391, 30.708656], [-81.538658, 30.708691], [-81.539123, 30.708803], [-81.539886, 30.709078], [-81.540656, 30.709459], [-81.541595, 30.710062], [-81.542831, 30.711134], [-81.543449, 30.711782], [-81.543769, 30.712206], [-81.544181, 30.712826], [-81.544692, 30.71372], [-81.545341, 30.715401], [-81.545646, 30.716114], [-81.545959, 30.716736], [-81.545974, 30.716854], [-81.54602, 30.716942], [-81.546096, 30.71703], [-81.546989, 30.717796], [-81.547271, 30.717953], [-81.547622, 30.718105], [-81.548004, 30.718214], [-81.548377, 30.718279], [-81.548759, 30.718307], [-81.549301, 30.718292], [-81.549995, 30.718206], [-81.550399, 30.71813], [-81.550788, 30.718019], [-81.551208, 30.717852], [-81.552131, 30.717386], [-81.552642, 30.717112], [-81.553138, 30.71678], [-81.553443, 30.716545], [-81.554145, 30.715923], [-81.554946, 30.715004], [-81.555801, 30.714079], [-81.556107, 30.713778], [-81.558311, 30.712309], [-81.56002, 30.711706], [-81.561424, 30.711672], [-81.561775, 30.711763], [-81.562095, 30.711891], [-81.562423, 30.712076], [-81.562698, 30.712286], [-81.562911, 30.712492], [-81.563101, 30.712731], [-81.563293, 30.713041], [-81.563461, 30.713423], [-81.56356, 30.713728], [-81.563621, 30.713995], [-81.563636, 30.714258], [-81.563621, 30.714546], [-81.563468, 30.715284], [-81.563253, 30.715913], [-81.563194, 30.716034], [-81.563125, 30.716499], [-81.563125, 30.716732], [-81.563171, 30.717005], [-81.563285, 30.717243], [-81.563507, 30.71751], [-81.563796, 30.717749], [-81.564102, 30.717949], [-81.564407, 30.718117], [-81.56475, 30.718264], [-81.565078, 30.718374], [-81.565963, 30.718588], [-81.567336, 30.718685], [-81.567626, 30.718725], [-81.568038, 30.718828], [-81.568412, 30.718979], [-81.56874, 30.719154], [-81.569007, 30.719351], [-81.569465, 30.719807], [-81.569801, 30.720079], [-81.570442, 30.720671], [-81.570945, 30.721071], [-81.571601, 30.721502], [-81.572395, 30.721897], [-81.573379, 30.722261], [-81.574218, 30.722504], [-81.575233, 30.722702], [-81.575881, 30.722773], [-81.57965, 30.722752], [-81.580741, 30.722866], [-81.582023, 30.723101], [-81.583648, 30.723467], [-81.585243, 30.723686], [-81.586769, 30.723734], [-81.587234, 30.723703], [-81.587684, 30.723635], [-81.588127, 30.723524], [-81.588508, 30.723375], [-81.588851, 30.723186], [-81.589195, 30.722937], [-81.589828, 30.7223], [-81.591079, 30.720694], [-81.591575, 30.719969], [-81.59201, 30.719513], [-81.592163, 30.719305], [-81.592338, 30.719128], [-81.592658, 30.718908], [-81.59307, 30.718697], [-81.593437, 30.718567], [-81.593841, 30.718481], [-81.594581, 30.718409], [-81.595794, 30.718573], [-81.596176, 30.718666], [-81.596575, 30.718844], [-81.596939, 30.719078], [-81.597106, 30.719326], [-81.597236, 30.719593], [-81.597343, 30.720007], [-81.597373, 30.720226], [-81.59729, 30.720997], [-81.597007, 30.721724], [-81.596382, 30.723499], [-81.596237, 30.723991], [-81.596092, 30.724615], [-81.596031, 30.72508], [-81.596023, 30.72534], [-81.596183, 30.726528], [-81.596534, 30.727472], [-81.596763, 30.727684], [-81.597045, 30.728031], [-81.597251, 30.728239], [-81.597541, 30.728462], [-81.597869, 30.728653], [-81.598297, 30.728828], [-81.599014, 30.729057], [-81.599655, 30.729225], [-81.600349, 30.72937], [-81.601882, 30.729586], [-81.602615, 30.729547], [-81.603195, 30.729446], [-81.603759, 30.729238], [-81.604293, 30.728939], [-81.604637, 30.72867], [-81.605194, 30.728065], [-81.605834, 30.727264], [-81.605956, 30.727011], [-81.606025, 30.726728], [-81.606018, 30.726219], [-81.605918, 30.724215], [-81.605766, 30.723103], [-81.60572, 30.722485], [-81.605712, 30.721922], [-81.605827, 30.71969], [-81.605918, 30.719185], [-81.606048, 30.718676], [-81.606201, 30.718256], [-81.606422, 30.717785], [-81.606697, 30.71731], [-81.606903, 30.717035], [-81.60762, 30.716373], [-81.608062, 30.716061], [-81.608406, 30.715879], [-81.608627, 30.715803], [-81.609085, 30.71582], [-81.609588, 30.715881], [-81.60987, 30.715933], [-81.610282, 30.716063], [-81.610656, 30.716217], [-81.611274, 30.716551], [-81.611747, 30.716976], [-81.61193, 30.717201], [-81.612159, 30.717562], [-81.612335, 30.717943], [-81.612503, 30.718576], [-81.612617, 30.719242], [-81.613044, 30.720451], [-81.613334, 30.721165], [-81.613731, 30.721918], [-81.613853, 30.722078], [-81.614166, 30.722353], [-81.614532, 30.722542], [-81.615066, 30.722691], [-81.615615, 30.72274], [-81.617126, 30.722645], [-81.619285, 30.722351], [-81.620712, 30.722471], [-81.621139, 30.72254], [-81.621566, 30.722649], [-81.621978, 30.722795], [-81.622383, 30.72299], [-81.622726, 30.723206], [-81.622978, 30.723467], [-81.623359, 30.724056], [-81.623542, 30.72468], [-81.623558, 30.724953], [-81.623527, 30.725227], [-81.623434, 30.725555], [-81.623369, 30.725741], [-81.622628, 30.726805], [-81.622009, 30.727547], [-81.621749, 30.727911], [-81.621475, 30.728189], [-81.621284, 30.728493], [-81.620972, 30.729169], [-81.620704, 30.729862], [-81.620651, 30.730328], [-81.620681, 30.730959], [-81.620823, 30.73162], [-81.621052, 30.732306], [-81.621177, 30.732729], [-81.621337, 30.733059], [-81.621948, 30.734102], [-81.622199, 30.734486], [-81.622558, 30.734907], [-81.623771, 30.736052], [-81.624015, 30.736208], [-81.624366, 30.73634], [-81.624809, 30.73645], [-81.625244, 30.736509], [-81.625724, 30.73649], [-81.626716, 30.736364], [-81.62696, 30.736313], [-81.627281, 30.736195], [-81.627616, 30.736006], [-81.62796, 30.73576], [-81.628242, 30.7355], [-81.628331, 30.735394], [-81.6287, 30.734861], [-81.628875, 30.734636], [-81.628982, 30.734396], [-81.629089, 30.734076], [-81.629196, 30.733467], [-81.629196, 30.732809], [-81.629135, 30.732145], [-81.628898, 30.730864], [-81.628776, 30.730335], [-81.628753, 30.730015], [-81.628773, 30.729732], [-81.628829, 30.729307], [-81.628921, 30.729071], [-81.629142, 30.728725], [-81.629318, 30.728529], [-81.629531, 30.728388], [-81.629875, 30.728249], [-81.630432, 30.728088], [-81.631607, 30.728121], [-81.631876, 30.728181], [-81.631927, 30.728193], [-81.632209, 30.728346], [-81.632453, 30.728443], [-81.632682, 30.728596], [-81.632843, 30.728762], [-81.633262, 30.729349], [-81.633491, 30.729771], [-81.633659, 30.730289], [-81.63375, 30.730482], [-81.633834, 30.731123], [-81.634017, 30.73172], [-81.634277, 30.732296], [-81.634696, 30.732969], [-81.635047, 30.733276], [-81.635421, 30.733536], [-81.635887, 30.733797], [-81.636131, 30.733879], [-81.636383, 30.733927], [-81.636619, 30.733938], [-81.636871, 30.733921], [-81.637123, 30.73387], [-81.637542, 30.733705], [-81.638058, 30.733368], [-81.638956, 30.732562], [-81.639608, 30.731774], [-81.63983, 30.731529], [-81.640586, 30.730254], [-81.641067, 30.729588], [-81.641372, 30.729309], [-81.641826, 30.728972], [-81.641915, 30.728922], [-81.642356, 30.728775], [-81.643585, 30.728203], [-81.644439, 30.72793], [-81.646415, 30.727499], [-81.646942, 30.727427], [-81.647483, 30.727394], [-81.648536, 30.727423], [-81.649024, 30.727499], [-81.649581, 30.727663], [-81.650169, 30.727871], [-81.651367, 30.72838], [-81.652153, 30.72887], [-81.652839, 30.729437], [-81.653366, 30.730106], [-81.653495, 30.730343], [-81.653579, 30.730675], [-81.653694, 30.730906], [-81.653938, 30.731556], [-81.654045, 30.732174], [-81.65409, 30.733093], [-81.654067, 30.733479], [-81.654014, 30.73386], [-81.653755, 30.735079], [-81.653335, 30.736458], [-81.653137, 30.736923], [-81.652923, 30.737337], [-81.652481, 30.738399], [-81.652183, 30.739023], [-81.651863, 30.73959], [-81.651504, 30.740677], [-81.651504, 30.74095], [-81.651727, 30.741919], [-81.651828, 30.742208], [-81.652067, 30.742688], [-81.652328, 30.743101], [-81.652605, 30.743451], [-81.652866, 30.743692], [-81.653189, 30.743915], [-81.653734, 30.744188], [-81.653985, 30.744286], [-81.654304, 30.74436], [-81.654632, 30.744385], [-81.655113, 30.744291], [-81.656684, 30.743772], [-81.657936, 30.743252], [-81.658691, 30.742964], [-81.660362, 30.742414], [-81.660835, 30.74234], [-81.661437, 30.742468], [-81.661903, 30.74264], [-81.662323, 30.742865], [-81.662658, 30.74312], [-81.663009, 30.743492], [-81.663253, 30.743832], [-81.663597, 30.744429], [-81.66365, 30.744789], [-81.663658, 30.745146], [-81.66362, 30.745491], [-81.663558, 30.745703], [-81.663482, 30.745853], [-81.662994, 30.74641], [-81.662269, 30.747049], [-81.661773, 30.747534], [-81.660408, 30.748608], [-81.660133, 30.748869], [-81.659896, 30.749161], [-81.659774, 30.749441], [-81.659729, 30.749716], [-81.659736, 30.750326], [-81.659789, 30.750916], [-81.659805, 30.751265], [-81.659919, 30.751636], [-81.660034, 30.751848], [-81.660156, 30.752007], [-81.660339, 30.752466], [-81.660835, 30.753193], [-81.661064, 30.753456], [-81.661399, 30.753727], [-81.661697, 30.753908], [-81.662002, 30.754055], [-81.662323, 30.754177], [-81.662658, 30.754272], [-81.663345, 30.754402], [-81.663566, 30.754387], [-81.663864, 30.75432], [-81.664711, 30.754045], [-81.665565, 30.753677], [-81.666244, 30.753321], [-81.667411, 30.752565], [-81.667686, 30.752411], [-81.668546, 30.752023], [-81.668952, 30.751871], [-81.669555, 30.751701], [-81.670227, 30.751627], [-81.671355, 30.751552], [-81.672404, 30.751425], [-81.672859, 30.751552], [-81.673635, 30.751651], [-81.674359, 30.751547], [-81.67472, 30.751537], [-81.675636, 30.751463], [-81.677816, 30.751195], [-81.678435, 30.75107], [-81.679069, 30.750906], [-81.68106, 30.750202], [-81.681967, 30.749555], [-81.682992, 30.748645], [-81.683096, 30.748492], [-81.683212, 30.748291], [-81.683288, 30.747927], [-81.683326, 30.747557], [-81.683311, 30.747118], [-81.683258, 30.746845], [-81.683059, 30.746395], [-81.682777, 30.745968], [-81.682357, 30.745485], [-81.682151, 30.745314], [-81.681892, 30.745178], [-81.681259, 30.744959], [-81.68109, 30.744917], [-81.680541, 30.744785], [-81.679908, 30.744692], [-81.679603, 30.744703], [-81.679306, 30.744745], [-81.679031, 30.744816], [-81.678283, 30.745115], [-81.677856, 30.745329], [-81.677444, 30.745567], [-81.67707, 30.745823], [-81.67546, 30.747091], [-81.674781, 30.747707], [-81.674522, 30.747995], [-81.674217, 30.748213], [-81.673484, 30.74855], [-81.673255, 30.748608], [-81.67308, 30.74861], [-81.672851, 30.748568], [-81.672393, 30.748409], [-81.671966, 30.748192], [-81.671577, 30.747957], [-81.671195, 30.747688], [-81.670837, 30.747396], [-81.66983, 30.746433], [-81.669601, 30.746119], [-81.669349, 30.745672], [-81.669075, 30.744986], [-81.668853, 30.744511], [-81.668792, 30.744284], [-81.668754, 30.743998], [-81.668754, 30.74342], [-81.668838, 30.742765], [-81.668838, 30.742514], [-81.669097, 30.74168], [-81.669273, 30.741297], [-81.669693, 30.740713], [-81.669982, 30.740374], [-81.670661, 30.739765], [-81.671272, 30.739334], [-81.672035, 30.738941], [-81.672494, 30.73879], [-81.673523, 30.738789], [-81.673774, 30.738834], [-81.674324, 30.739025], [-81.675033, 30.739325], [-81.675552, 30.739569], [-81.67649, 30.740129], [-81.677154, 30.740602], [-81.677841, 30.740997], [-81.678329, 30.741226], [-81.678878, 30.741405], [-81.67942, 30.74152], [-81.680091, 30.7416], [-81.683181, 30.741602], [-81.687736, 30.741425], [-81.688194, 30.741449], [-81.688652, 30.741514], [-81.689155, 30.741632], [-81.689376, 30.741734], [-81.689849, 30.74201], [-81.690292, 30.742367], [-81.690704, 30.742802], [-81.691047, 30.74328], [-81.691421, 30.744028], [-81.691574, 30.744432], [-81.691642, 30.74473], [-81.69168, 30.745209], [-81.691886, 30.746378], [-81.692214, 30.747292], [-81.692413, 30.747637], [-81.692665, 30.747902], [-81.692993, 30.74814], [-81.693351, 30.748312], [-81.693893, 30.748472], [-81.694351, 30.748528], [-81.694778, 30.748491], [-81.695335, 30.748339], [-81.695961, 30.748123], [-81.696556, 30.747869], [-81.698066, 30.747108], [-81.700996, 30.745756], [-81.701347, 30.74563], [-81.701713, 30.745533], [-81.702087, 30.74547], [-81.702468, 30.74544], [-81.70304, 30.745449], [-81.703582, 30.745537], [-81.704917, 30.745981], [-81.705307, 30.74617], [-81.705734, 30.746435], [-81.707115, 30.747408], [-81.707534, 30.747627], [-81.707977, 30.747789], [-81.708526, 30.747921], [-81.709114, 30.747976], [-81.709686, 30.747951], [-81.710304, 30.747835], [-81.71141, 30.747585], [-81.712463, 30.747244], [-81.713851, 30.746649], [-81.715072, 30.746252], [-81.715713, 30.746008], [-81.716247, 30.745766], [-81.717544, 30.745115], [-81.718109, 30.744806], [-81.718559, 30.744671], [-81.718887, 30.744621], [-81.719215, 30.744606], [-81.719551, 30.744617], [-81.72013, 30.744719], [-81.720321, 30.744792], [-81.720932, 30.745119], [-81.72129, 30.745375], [-81.722053, 30.745996], [-81.722457, 30.746363], [-81.722641, 30.746475], [-81.722824, 30.746555], [-81.723136, 30.746622], [-81.723602, 30.746637], [-81.723938, 30.746616], [-81.724594, 30.746527], [-81.725135, 30.74651], [-81.725769, 30.746572], [-81.726394, 30.746721], [-81.72718, 30.747028], [-81.727615, 30.747253], [-81.728256, 30.747492], [-81.728447, 30.74761], [-81.729301, 30.748255], [-81.730194, 30.748852], [-81.730842, 30.749208], [-81.731651, 30.749575], [-81.732055, 30.749815], [-81.73249, 30.750141], [-81.732841, 30.750486], [-81.733093, 30.750826], [-81.733177, 30.751017], [-81.733215, 30.751276], [-81.733169, 30.751591], [-81.733085, 30.751812], [-81.732955, 30.752016], [-81.73246, 30.752586], [-81.731941, 30.753117], [-81.731483, 30.753687], [-81.731407, 30.753807], [-81.731353, 30.754007], [-81.731369, 30.754253], [-81.731475, 30.754526], [-81.731643, 30.754778], [-81.731857, 30.754995], [-81.732147, 30.755203], [-81.73234, 30.755296], [-81.732889, 30.755503], [-81.733131, 30.755617], [-81.733909, 30.755861], [-81.735359, 30.756235], [-81.736915, 30.756748], [-81.740409, 30.75812], [-81.741081, 30.758459], [-81.741699, 30.75885], [-81.741996, 30.759071], [-81.742195, 30.759254], [-81.742385, 30.759489], [-81.74253, 30.759748], [-81.742652, 30.760046], [-81.742729, 30.760328], [-81.742744, 30.760588], [-81.742713, 30.760847], [-81.742507, 30.761457], [-81.742271, 30.761816], [-81.742141, 30.761953], [-81.740814, 30.763002], [-81.74057, 30.763271], [-81.740387, 30.763599], [-81.74028, 30.764013], [-81.74028, 30.764246], [-81.740394, 30.764545], [-81.7406, 30.764854], [-81.740753, 30.765007], [-81.740959, 30.765142], [-81.742012, 30.765629], [-81.743385, 30.766184], [-81.743995, 30.766386], [-81.744644, 30.766563], [-81.74543, 30.766733], [-81.746643, 30.766922], [-81.748008, 30.767084], [-81.748527, 30.767105], [-81.749801, 30.767092], [-81.750038, 30.767111], [-81.750848, 30.767328], [-81.752235, 30.767761], [-81.753929, 30.768497], [-81.75521, 30.769009], [-81.755943, 30.769344], [-81.756454, 30.769615], [-81.757011, 30.769943], [-81.758269, 30.770811], [-81.759024, 30.771601], [-81.759328, 30.772037], [-81.759534, 30.772363], [-81.759793, 30.772939], [-81.760319, 30.774468], [-81.760378, 30.774681], [-81.760561, 30.774984], [-81.760911, 30.775338], [-81.761232, 30.775525], [-81.76172, 30.775698], [-81.762254, 30.775768], [-81.763215, 30.775945], [-81.763681, 30.775955], [-81.764116, 30.775894], [-81.765359, 30.776101], [-81.766136, 30.77626], [-81.766869, 30.776447], [-81.767609, 30.776669], [-81.76854, 30.776987], [-81.769347, 30.777102], [-81.769637, 30.777116], [-81.769873, 30.777093], [-81.770056, 30.777069], [-81.770432, 30.776962], [-81.770706, 30.77682], [-81.771141, 30.776501], [-81.771309, 30.776316], [-81.771371, 30.776162], [-81.771371, 30.776024], [-81.771257, 30.775723], [-81.770912, 30.775192], [-81.770408, 30.774506], [-81.770202, 30.774105], [-81.770187, 30.773996], [-81.770203, 30.773872], [-81.770264, 30.77367], [-81.770356, 30.773482], [-81.770755, 30.772978], [-81.770924, 30.772855], [-81.77136, 30.772693], [-81.77161, 30.77254], [-81.771865, 30.772316], [-81.772049, 30.772053], [-81.772247, 30.771553], [-81.772468, 30.77124], [-81.772506, 30.770567], [-81.77243, 30.769855], [-81.772491, 30.769575], [-81.772743, 30.769175], [-81.773101, 30.768755], [-81.773429, 30.768305], [-81.773559, 30.768007], [-81.77359, 30.767708], [-81.773483, 30.766996], [-81.773427, 30.766839], [-81.773353, 30.766703], [-81.773216, 30.766565], [-81.772445, 30.766016], [-81.772257, 30.765851], [-81.772027, 30.765697], [-81.771608, 30.765267], [-81.771569, 30.765158], [-81.771438, 30.764963], [-81.77137, 30.764811], [-81.771347, 30.764648], [-81.771377, 30.764473], [-81.771453, 30.764305], [-81.771568, 30.764143], [-81.771743, 30.763966], [-81.771949, 30.763811], [-81.772163, 30.763697], [-81.772345, 30.763636], [-81.773948, 30.763287], [-81.776535, 30.762643], [-81.780257, 30.761684], [-81.780571, 30.76157], [-81.781417, 30.761396], [-81.78215, 30.761341], [-81.78231, 30.761347], [-81.782478, 30.761383], [-81.78263, 30.761454], [-81.783012, 30.761709], [-81.78321, 30.761885], [-81.78334, 30.762054], [-81.783454, 30.762255], [-81.783523, 30.762465], [-81.783569, 30.762693], [-81.783554, 30.762974], [-81.78347, 30.763308], [-81.783195, 30.763851], [-81.782905, 30.764214], [-81.782791, 30.764406], [-81.782684, 30.764681], [-81.782638, 30.764954], [-81.782569, 30.765154], [-81.782547, 30.76573], [-81.782585, 30.766073], [-81.782661, 30.766367], [-81.78276, 30.766613], [-81.782898, 30.766863], [-81.783218, 30.767256], [-81.784027, 30.7679], [-81.785728, 30.768898], [-81.785949, 30.768991], [-81.786186, 30.769135], [-81.786483, 30.769421], [-81.786644, 30.769634], [-81.786697, 30.769802], [-81.786712, 30.770006], [-81.786651, 30.770191], [-81.786476, 30.770437], [-81.786247, 30.77066], [-81.786056, 30.770786], [-81.785698, 30.770962], [-81.784446, 30.771511], [-81.784164, 30.771687], [-81.783973, 30.771852], [-81.783836, 30.772024], [-81.783744, 30.7722], [-81.783692, 30.772389], [-81.78366, 30.772604], [-81.783676, 30.772879], [-81.783714, 30.773136], [-81.78379, 30.773333], [-81.783897, 30.773531], [-81.784072, 30.773745], [-81.785034, 30.774664], [-81.785751, 30.775797], [-81.786277, 30.77656], [-81.786552, 30.776901], [-81.786827, 30.777201], [-81.788086, 30.778431], [-81.788955, 30.779407], [-81.789207, 30.779818], [-81.790924, 30.782242], [-81.791351, 30.782804], [-81.791603, 30.783319], [-81.792091, 30.784122], [-81.792343, 30.78466], [-81.792564, 30.785252], [-81.792617, 30.785851], [-81.792579, 30.786331], [-81.792617, 30.786777], [-81.79277, 30.787064], [-81.792862, 30.787157], [-81.793075, 30.787251], [-81.793388, 30.787306], [-81.79367, 30.7873], [-81.793968, 30.787239], [-81.794708, 30.786852], [-81.795028, 30.786652], [-81.79557, 30.786365], [-81.795936, 30.786146], [-81.796272, 30.78591], [-81.796608, 30.78562], [-81.796867, 30.785357], [-81.797126, 30.78503], [-81.797248, 30.784845], [-81.797416, 30.784258], [-81.797432, 30.784109], [-81.797393, 30.783825], [-81.797248, 30.783567], [-81.79663, 30.782928], [-81.796203, 30.782564], [-81.796035, 30.782349], [-81.795974, 30.782238], [-81.795967, 30.782129], [-81.79599, 30.782021], [-81.796051, 30.78191], [-81.796226, 30.781717], [-81.796478, 30.781576], [-81.796852, 30.781462], [-81.797172, 30.781469], [-81.79747, 30.781555], [-81.797752, 30.78171], [-81.798065, 30.781923], [-81.79927, 30.782944], [-81.799881, 30.783533], [-81.800453, 30.784208], [-81.800796, 30.784731], [-81.801368, 30.785744], [-81.801647, 30.786406], [-81.801704, 30.786621], [-81.801773, 30.786743], [-81.801887, 30.786875], [-81.802398, 30.787197], [-81.802864, 30.787388], [-81.803321, 30.787653], [-81.804443, 30.788507], [-81.804878, 30.788879], [-81.805374, 30.789251], [-81.806083, 30.78974], [-81.806602, 30.789982], [-81.807449, 30.790119], [-81.80896, 30.790253], [-81.810493, 30.790268], [-81.810958, 30.790293], [-81.81134, 30.790264], [-81.811699, 30.790199], [-81.813148, 30.789721], [-81.813469, 30.78965], [-81.813789, 30.789614], [-81.814682, 30.789589], [-81.815567, 30.789606], [-81.818855, 30.789906], [-81.819213, 30.789911], [-81.819488, 30.789886], [-81.819748, 30.789833], [-81.820045, 30.789741], [-81.820518, 30.789537], [-81.820961, 30.789268], [-81.82164, 30.788652], [-81.822212, 30.788235], [-81.822586, 30.787891], [-81.823494, 30.786926], [-81.823623, 30.786846], [-81.823799, 30.786812], [-81.82402, 30.786825], [-81.824226, 30.786886], [-81.824474, 30.78702], [-81.824623, 30.787136], [-81.824829, 30.787359], [-81.825485, 30.788271], [-81.825569, 30.78842], [-81.825698, 30.788544], [-81.825882, 30.788658], [-81.826118, 30.788759], [-81.826652, 30.788887], [-81.827613, 30.789209], [-81.828048, 30.789303], [-81.828491, 30.789356], [-81.829521, 30.789385], [-81.830009, 30.78936], [-81.830764, 30.789234], [-81.831779, 30.789015], [-81.833793, 30.788506], [-81.8348, 30.788227], [-81.835159, 30.78809], [-81.83538, 30.788034], [-81.835617, 30.787922], [-81.836029, 30.787643], [-81.836357, 30.787453], [-81.836708, 30.787294], [-81.837097, 30.787165], [-81.838119, 30.78693], [-81.838401, 30.786814], [-81.838621, 30.786757], [-81.839243, 30.7866], [-81.839477, 30.786589], [-81.841064, 30.786877], [-81.841346, 30.786969], [-81.841583, 30.787107], [-81.84177, 30.787286], [-81.841864, 30.787474], [-81.84188, 30.787569], [-81.841774, 30.787853], [-81.841621, 30.788128], [-81.8414, 30.788431], [-81.840065, 30.790483], [-81.839805, 30.790953], [-81.839691, 30.791197], [-81.839653, 30.791384], [-81.839607, 30.791891], [-81.839653, 30.792078], [-81.839836, 30.792332], [-81.840026, 30.7925], [-81.840271, 30.792591], [-81.840583, 30.792576], [-81.841262, 30.792231], [-81.841758, 30.791906], [-81.84227, 30.79162], [-81.843055, 30.791235], [-81.843818, 30.790922], [-81.844711, 30.790749], [-81.844963, 30.79072], [-81.845459, 30.790709], [-81.845871, 30.79075], [-81.846222, 30.790834], [-81.846542, 30.790953], [-81.847152, 30.791302], [-81.848114, 30.791737], [-81.848564, 30.791996], [-81.850593, 30.79328], [-81.851951, 30.794563], [-81.852356, 30.794834], [-81.852562, 30.794895], [-81.852691, 30.794897], [-81.852897, 30.794857], [-81.853294, 30.794727], [-81.853508, 30.794628], [-81.854278, 30.794144], [-81.854446, 30.794071], [-81.854629, 30.794029], [-81.85482, 30.79402], [-81.855125, 30.79405], [-81.856102, 30.794243], [-81.856666, 30.794273], [-81.856933, 30.794247], [-81.858451, 30.793913], [-81.859008, 30.793903], [-81.859581, 30.793955], [-81.86, 30.794031], [-81.861961, 30.794193], [-81.863411, 30.794289], [-81.863739, 30.794275], [-81.864006, 30.794222], [-81.864242, 30.794136], [-81.864578, 30.793938], [-81.865226, 30.793612], [-81.865966, 30.793509], [-81.866432, 30.793417], [-81.86795, 30.792927], [-81.868263, 30.79285], [-81.86837, 30.79285], [-81.868515, 30.792906], [-81.868927, 30.793228], [-81.86969, 30.793926], [-81.870155, 30.794315], [-81.8703, 30.794561], [-81.870407, 30.794819], [-81.870529, 30.795326], [-81.870529, 30.79545], [-81.870498, 30.795584], [-81.870323, 30.795895], [-81.870185, 30.796215], [-81.870201, 30.796911], [-81.870262, 30.797253], [-81.870353, 30.797483], [-81.870498, 30.797661], [-81.87072, 30.797819], [-81.871139, 30.79804], [-81.871589, 30.798189], [-81.871894, 30.798252], [-81.873199, 30.798437], [-81.874551, 30.799227], [-81.875747, 30.799692], [-81.87619, 30.799805], [-81.876709, 30.799896], [-81.877227, 30.799948], [-81.877739, 30.799963], [-81.880134, 30.79999], [-81.881126, 30.799915], [-81.881492, 30.799917], [-81.881858, 30.799961], [-81.882209, 30.800051], [-81.882515, 30.800165], [-81.882667, 30.800282], [-81.88281, 30.800521], [-81.882843, 30.80081], [-81.882492, 30.80197], [-81.882423, 30.803072], [-81.882209, 30.804333], [-81.882141, 30.804575], [-81.882141, 30.804834], [-81.882225, 30.805128], [-81.882428, 30.80546], [-81.882465, 30.805498], [-81.882903, 30.805877], [-81.883438, 30.806248], [-81.883865, 30.806578], [-81.884117, 30.806841], [-81.884361, 30.807211], [-81.884529, 30.807598], [-81.884719, 30.808727], [-81.884758, 30.809095], [-81.884742, 30.809496], [-81.884651, 30.810163], [-81.884597, 30.810802], [-81.884658, 30.811266], [-81.884719, 30.811422], [-81.884819, 30.811529], [-81.885154, 30.811806], [-81.885261, 30.811865], [-81.885376, 30.811903], [-81.885872, 30.81196], [-81.88639, 30.812071], [-81.886642, 30.812099], [-81.886932, 30.812172], [-81.887382, 30.812376], [-81.887764, 30.81267], [-81.887855, 30.812763], [-81.889099, 30.81356], [-81.889434, 30.813831], [-81.889732, 30.814117], [-81.890258, 30.815067], [-81.891319, 30.816413], [-81.891434, 30.816586], [-81.891495, 30.816752], [-81.891531, 30.816912], [-81.891517, 30.817438], [-81.891472, 30.817575], [-81.891189, 30.818077], [-81.891044, 30.818512], [-81.89106, 30.818878], [-81.891098, 30.819206], [-81.891456, 30.820679], [-81.891433, 30.821199], [-81.891329, 30.8217], [-81.891052, 30.822308], [-81.891021, 30.82247], [-81.891029, 30.822607], [-81.891067, 30.822767], [-81.891151, 30.822918], [-81.891822, 30.824625], [-81.891975, 30.824882], [-81.892143, 30.825064], [-81.892547, 30.825373], [-81.892753, 30.825472], [-81.892906, 30.825513], [-81.893173, 30.825527], [-81.893364, 30.825509], [-81.894206, 30.825286], [-81.894851, 30.825167], [-81.895202, 30.82518], [-81.895538, 30.825289], [-81.897194, 30.826248], [-81.897812, 30.826664], [-81.898355, 30.827082], [-81.899574, 30.828138], [-81.900055, 30.828699], [-81.900505, 30.829287], [-81.900894, 30.829672], [-81.901062, 30.829798], [-81.901245, 30.82988], [-81.901443, 30.829922], [-81.901649, 30.829924], [-81.901817, 30.829893], [-81.902031, 30.829813], [-81.903679, 30.828875], [-81.904823, 30.828276], [-81.904869, 30.828253], [-81.904855, 30.82834], [-81.905219, 30.828199], [-81.905529, 30.828023], [-81.905985, 30.827645], [-81.90631, 30.827333], [-81.906628, 30.826965], [-81.906969, 30.82649], [-81.907076, 30.826287], [-81.907215, 30.82586], [-81.90727, 30.825555], [-81.907262, 30.825233], [-81.906975, 30.823916], [-81.906874, 30.823651], [-81.906718, 30.82339], [-81.906525, 30.823132], [-81.906323, 30.822929], [-81.905967, 30.822672], [-81.905281, 30.822351], [-81.905159, 30.822248], [-81.904922, 30.821945], [-81.904724, 30.821632], [-81.904457, 30.821135], [-81.904235, 30.820782], [-81.904091, 30.82041], [-81.904075, 30.819902], [-81.904129, 30.819149], [-81.904213, 30.81859], [-81.904327, 30.818205], [-81.904533, 30.817743], [-81.904823, 30.817299], [-81.905075, 30.817018], [-81.90541, 30.816769], [-81.90554, 30.816721], [-81.905685, 30.816702], [-81.905807, 30.816713], [-81.90596, 30.816769], [-81.906074, 30.816839], [-81.906356, 30.817118], [-81.906707, 30.817352], [-81.907051, 30.817505], [-81.907302, 30.817526], [-81.907554, 30.817438], [-81.907745, 30.817257], [-81.907837, 30.817093], [-81.908058, 30.816492], [-81.90821, 30.816202], [-81.908363, 30.815992], [-81.908569, 30.815849], [-81.908867, 30.815739], [-81.909111, 30.81568], [-81.909553, 30.815691], [-81.909851, 30.815737], [-81.910156, 30.815811], [-81.910438, 30.81591], [-81.912017, 30.81662], [-81.912315, 30.816717], [-81.91262, 30.816784], [-81.912956, 30.816816], [-81.914077, 30.816792], [-81.915786, 30.81682], [-81.916435, 30.816912], [-81.916778, 30.817003], [-81.917312, 30.817221], [-81.917823, 30.817551], [-81.918068, 30.817678], [-81.91835, 30.817776], [-81.918647, 30.817818], [-81.919113, 30.817806], [-81.919433, 30.817739], [-81.92131, 30.816984], [-81.921798, 30.816853], [-81.921936, 30.816837], [-81.922279, 30.816883], [-81.922554, 30.816956], [-81.922828, 30.817066], [-81.923225, 30.817314], [-81.923545, 30.817636], [-81.923675, 30.817739], [-81.923866, 30.817837], [-81.924095, 30.817902], [-81.924743, 30.817856], [-81.925575, 30.817739], [-81.926475, 30.81765], [-81.928115, 30.817419], [-81.928436, 30.81743], [-81.928741, 30.817511], [-81.928848, 30.817572], [-81.928924, 30.817659], [-81.929031, 30.81798], [-81.92897, 30.818434], [-81.928955, 30.818949], [-81.929115, 30.819382], [-81.929329, 30.819715], [-81.929527, 30.819895], [-81.929832, 30.820072], [-81.930092, 30.820177], [-81.930618, 30.820322], [-81.931556, 30.820431], [-81.932808, 30.82041], [-81.933365, 30.820459], [-81.933777, 30.820551], [-81.934822, 30.820885], [-81.93499, 30.820919], [-81.935127, 30.82098], [-81.935257, 30.821066], [-81.935379, 30.821224], [-81.93544, 30.821394], [-81.935432, 30.821585], [-81.935341, 30.821716], [-81.935264, 30.821764], [-81.934898, 30.821899], [-81.934005, 30.822186], [-81.933777, 30.822311], [-81.933647, 30.822435], [-81.933571, 30.822615], [-81.933509, 30.82283], [-81.933487, 30.82305], [-81.933517, 30.823376], [-81.933586, 30.823515], [-81.933685, 30.823641], [-81.933807, 30.823748], [-81.934135, 30.823921], [-81.934494, 30.824034], [-81.934822, 30.824074], [-81.935302, 30.824064], [-81.935585, 30.824112], [-81.935951, 30.824352], [-81.936065, 30.824482], [-81.93618, 30.824707], [-81.936226, 30.824951], [-81.93621, 30.825417], [-81.936149, 30.825884], [-81.936116, 30.826332], [-81.936116, 30.826776], [-81.936137, 30.827207], [-81.936191, 30.827555], [-81.936294, 30.827766], [-81.936778, 30.828313], [-81.936976, 30.828511], [-81.937179, 30.828863], [-81.938048, 30.829344], [-81.938383, 30.82959], [-81.938834, 30.829849], [-81.93921, 30.829781], [-81.939239, 30.829706], [-81.939224, 30.829555], [-81.939178, 30.829426], [-81.938545, 30.82847], [-81.938453, 30.828238], [-81.938423, 30.828007], [-81.938446, 30.827787], [-81.938522, 30.827623], [-81.938659, 30.827469], [-81.93885, 30.827316], [-81.939079, 30.827211], [-81.939323, 30.827152], [-81.939575, 30.827147], [-81.939943, 30.827224], [-81.940336, 30.827405], [-81.940773, 30.827698], [-81.941183, 30.828005], [-81.941456, 30.828265], [-81.941818, 30.828483], [-81.942193, 30.828593], [-81.942555, 30.828579], [-81.942815, 30.828504], [-81.942856, 30.828354], [-81.942867, 30.828081], [-81.942695, 30.827787], [-81.94226, 30.82727], [-81.941856, 30.826881], [-81.941665, 30.826662], [-81.941467, 30.826347], [-81.941421, 30.826134], [-81.941452, 30.82596], [-81.941536, 30.825809], [-81.941665, 30.825689], [-81.941826, 30.825607], [-81.942024, 30.825554], [-81.942314, 30.825529], [-81.942573, 30.82555], [-81.942817, 30.825609], [-81.943138, 30.825762], [-81.943695, 30.825981], [-81.944107, 30.826109], [-81.945289, 30.82646], [-81.946464, 30.826727], [-81.947006, 30.826885], [-81.947769, 30.827194], [-81.948066, 30.827343], [-81.948394, 30.827545], [-81.948669, 30.827675], [-81.949089, 30.827805], [-81.949501, 30.827867], [-81.949638, 30.827845], [-81.949806, 30.827764], [-81.949875, 30.827712], [-81.951437, 30.825949], [-81.953522, 30.824717], [-81.955242, 30.823131], [-81.955705, 30.822751], [-81.959404, 30.821397], [-81.959778, 30.821187], [-81.961526, 30.819818], [-81.962947, 30.81885], [-81.963928, 30.8181], [-81.964218, 30.817774], [-81.964485, 30.817297], [-81.964508, 30.817121], [-81.964413, 30.816684], [-81.964201, 30.816438], [-81.963873, 30.816192], [-81.963471, 30.815953], [-81.961682, 30.81454], [-81.961219, 30.814037], [-81.961319, 30.813946], [-81.961479, 30.813864], [-81.961723, 30.813799], [-81.962288, 30.813766], [-81.962783, 30.813673], [-81.963112, 30.813574], [-81.963577, 30.813341], [-81.963768, 30.81316], [-81.963882, 30.812946], [-81.963905, 30.8127], [-81.963844, 30.81246], [-81.963707, 30.812227], [-81.963462, 30.811947], [-81.962219, 30.810287], [-81.962097, 30.810095], [-81.961952, 30.80969], [-81.96186, 30.808886], [-81.961944, 30.808708], [-81.962043, 30.808567], [-81.962196, 30.808424], [-81.962371, 30.808308], [-81.964096, 30.807672], [-81.96437, 30.807537], [-81.964615, 30.807379], [-81.964866, 30.807154], [-81.965004, 30.806967], [-81.965042, 30.806807], [-81.965034, 30.806478], [-81.964851, 30.805994], [-81.964683, 30.805714], [-81.964508, 30.805502], [-81.964286, 30.805315], [-81.963821, 30.804783], [-81.963272, 30.804081], [-81.962822, 30.803257], [-81.962631, 30.802719], [-81.962387, 30.802168], [-81.962188, 30.801788], [-81.962005, 30.801546], [-81.961845, 30.801277], [-81.961723, 30.800993], [-81.961692, 30.800791], [-81.961754, 30.800274], [-81.961914, 30.799686], [-81.962028, 30.799143], [-81.962127, 30.797276], [-81.962173, 30.796978], [-81.962257, 30.796682], [-81.962349, 30.796476], [-81.962478, 30.796291], [-81.962898, 30.795847], [-81.963134, 30.795664], [-81.963463, 30.795525], [-81.964111, 30.795383], [-81.964805, 30.795183], [-81.965316, 30.794994], [-81.965683, 30.794756], [-81.966171, 30.794289], [-81.966621, 30.793915], [-81.968467, 30.792156], [-81.969024, 30.791277], [-81.969551, 30.790264], [-81.969955, 30.789076], [-81.97023, 30.788015], [-81.97039, 30.787199], [-81.970443, 30.786568], [-81.970329, 30.785522], [-81.97023, 30.785063], [-81.970108, 30.784645], [-81.970123, 30.784357], [-81.970176, 30.784214], [-81.970268, 30.784122], [-81.971222, 30.783669], [-81.971321, 30.783562], [-81.971512, 30.783247], [-81.971588, 30.783022], [-81.971664, 30.782387], [-81.971801, 30.78149], [-81.972007, 30.780783], [-81.972198, 30.780352], [-81.972458, 30.779926], [-81.972694, 30.779633], [-81.97306, 30.779253], [-81.973282, 30.778954], [-81.973442, 30.778828], [-81.97364, 30.778719], [-81.973869, 30.778662], [-81.974044, 30.77865], [-81.97425, 30.778681], [-81.974517, 30.778681], [-81.975052, 30.778622], [-81.975586, 30.778467], [-81.97583, 30.778366], [-81.976066, 30.778223], [-81.976371, 30.777966], [-81.976761, 30.777462], [-81.977386, 30.776842], [-81.977722, 30.776636], [-81.978042, 30.776552], [-81.978233, 30.776546], [-81.978885, 30.776582], [-81.98102, 30.776976], [-81.983423, 30.778124], [-81.98509, 30.778897], [-81.986159, 30.779535], [-81.98638, 30.779645], [-81.986632, 30.779726], [-81.987111, 30.779834], [-81.987658, 30.779899], [-81.987933, 30.779971], [-81.988191, 30.780069], [-81.988466, 30.780205], [-81.988712, 30.780363], [-81.988955, 30.780548], [-81.989644, 30.781163], [-81.991359, 30.782561], [-81.991731, 30.782736], [-81.992099, 30.782996], [-81.992351, 30.783243], [-81.992636, 30.783642], [-81.993404, 30.784543], [-81.994737, 30.785884], [-81.994914, 30.786161], [-81.995106, 30.78641], [-81.995321, 30.786628], [-81.995573, 30.786839], [-81.995771, 30.786917], [-81.995893, 30.786922], [-81.996007, 30.7869], [-81.996112, 30.786844], [-81.996315, 30.78666], [-81.996678, 30.786414], [-81.996822, 30.786356], [-81.996988, 30.786324], [-81.997193, 30.78633], [-81.997406, 30.786391], [-81.997583, 30.786503], [-81.997735, 30.786661], [-81.997847, 30.786852], [-81.997836, 30.787026], [-81.997933, 30.787323], [-81.99804, 30.787537], [-81.998336, 30.788008], [-81.998542, 30.788197], [-81.998695, 30.788269], [-81.998863, 30.788311], [-81.99932, 30.788337], [-81.999954, 30.788407], [-82.000673, 30.788599], [-82.000723, 30.788631], [-82.000505, 30.788564], [-82.000969, 30.788818], [-82.001381, 30.789515], [-82.001472, 30.789608], [-82.001648, 30.789667], [-82.001913, 30.789649], [-82.002069, 30.789672], [-82.002385, 30.789798], [-82.003342, 30.791287], [-82.003374, 30.791407], [-82.003435, 30.791533], [-82.003587, 30.791675], [-82.003778, 30.791768], [-82.003985, 30.791805], [-82.004183, 30.791784], [-82.004404, 30.791706], [-82.004594, 30.791574], [-82.004754, 30.791389], [-82.004952, 30.790999], [-82.004975, 30.790819], [-82.005036, 30.79068], [-82.005135, 30.790554], [-82.005264, 30.790456], [-82.005462, 30.790372], [-82.005668, 30.790349], [-82.005852, 30.790386], [-82.006005, 30.790485], [-82.006081, 30.790588], [-82.006295, 30.790757], [-82.006463, 30.790936], [-82.006608, 30.791135], [-82.006716, 30.791348], [-82.006824, 30.791722], [-82.006856, 30.792367], [-82.006886, 30.792457], [-82.00707, 30.792697], [-82.007223, 30.792837], [-82.007429, 30.792959], [-82.007674, 30.793037], [-82.007826, 30.793059], [-82.007926, 30.793046], [-82.008025, 30.792985], [-82.008078, 30.792901], [-82.008123, 30.792406], [-82.008053, 30.792053], [-82.00806, 30.791683], [-82.008166, 30.791254], [-82.008212, 30.791151], [-82.008288, 30.791064], [-82.008425, 30.790988], [-82.008814, 30.790878], [-82.008959, 30.790882], [-82.009119, 30.790935], [-82.009372, 30.7911], [-82.009685, 30.791236], [-82.009754, 30.791293], [-82.009952, 30.79138], [-82.010173, 30.791389], [-82.010395, 30.791314], [-82.010517, 30.791192], [-82.010532, 30.791098], [-82.010509, 30.791018], [-82.010456, 30.790953], [-82.010317, 30.790883], [-82.010188, 30.790694], [-82.010142, 30.790534], [-82.010141, 30.790383], [-82.010179, 30.790236], [-82.01024, 30.790125], [-82.010332, 30.790034], [-82.010446, 30.789979], [-82.010568, 30.789953], [-82.011666, 30.78956], [-82.012505, 30.789333], [-82.013237, 30.789201], [-82.013817, 30.789149], [-82.014184, 30.78921], [-82.014299, 30.789281], [-82.01439, 30.789395], [-82.014421, 30.7895], [-82.014414, 30.789598], [-82.014376, 30.789703], [-82.014307, 30.78979], [-82.01401, 30.789976], [-82.013439, 30.790275], [-82.013217, 30.790432], [-82.013088, 30.790552], [-82.012958, 30.790771], [-82.012951, 30.790855], [-82.012974, 30.790931], [-82.013173, 30.791092], [-82.013456, 30.79121], [-82.015868, 30.791591], [-82.016327, 30.79158], [-82.016723, 30.791479], [-82.017112, 30.791288], [-82.017418, 30.791071], [-82.017608, 30.790836], [-82.017715, 30.790577], [-82.017738, 30.790207], [-82.0177, 30.789852], [-82.017311, 30.788868], [-82.016884, 30.787949], [-82.016906, 30.78787], [-82.016975, 30.787798], [-82.017296, 30.787676], [-82.017608, 30.78763], [-82.017914, 30.787643], [-82.018104, 30.787703], [-82.018341, 30.787827], [-82.018753, 30.788002], [-82.019424, 30.78821], [-82.020187, 30.788343], [-82.02095, 30.788378], [-82.02166, 30.788303], [-82.021972, 30.788233], [-82.02227, 30.788136], [-82.022491, 30.788027], [-82.02269, 30.787889], [-82.02288, 30.787706], [-82.023025, 30.787525], [-82.023147, 30.787292], [-82.023552, 30.78632], [-82.023849, 30.7848], [-82.023887, 30.784405], [-82.02388, 30.784033], [-82.023826, 30.783638], [-82.023727, 30.783276], [-82.023643, 30.783082], [-82.023544, 30.782927], [-82.023269, 30.782693], [-82.021537, 30.78061], [-82.021469, 30.780438], [-82.021454, 30.78008], [-82.021393, 30.779687], [-82.021324, 30.779418], [-82.021263, 30.779294], [-82.021141, 30.779183], [-82.020752, 30.778941], [-82.020485, 30.778823], [-82.02021, 30.77875], [-82.019767, 30.778703], [-82.019622, 30.778653], [-82.019424, 30.7785], [-82.019272, 30.778291], [-82.019272, 30.778129], [-82.019486, 30.777791], [-82.01957, 30.777688], [-82.019723, 30.777575], [-82.019768, 30.777503], [-82.019768, 30.777381], [-82.019654, 30.777202], [-82.019074, 30.776849], [-82.018449, 30.776559], [-82.017838, 30.776204], [-82.017487, 30.775939], [-82.01738, 30.7758], [-82.017312, 30.77566], [-82.017281, 30.775485], [-82.017297, 30.775306], [-82.01735, 30.775176], [-82.017449, 30.775071], [-82.017602, 30.774997], [-82.01796, 30.774943], [-82.018258, 30.774857], [-82.018555, 30.774724], [-82.018761, 30.774594], [-82.018647, 30.773597], [-82.018449, 30.772759], [-82.018365, 30.772611], [-82.018136, 30.772366], [-82.017968, 30.77226], [-82.017792, 30.772208], [-82.017602, 30.772218], [-82.017373, 30.772313], [-82.017022, 30.772529], [-82.016785, 30.772635], [-82.016442, 30.772714], [-82.016099, 30.772733], [-82.015877, 30.772696], [-82.015687, 30.772601], [-82.01547, 30.772389], [-82.01529, 30.772176], [-82.01516, 30.771971], [-82.015053, 30.77174], [-82.014986, 30.771504], [-82.014932, 30.771123], [-82.014871, 30.770886], [-82.014514, 30.770099], [-82.013817, 30.769032], [-82.01252, 30.766953], [-82.012513, 30.766843], [-82.012527, 30.76675], [-82.012655, 30.766592], [-82.012791, 30.766529], [-82.013063, 30.766475], [-82.013501, 30.766321], [-82.013607, 30.76624], [-82.013697, 30.766113], [-82.013735, 30.765967], [-82.013742, 30.765763], [-82.013712, 30.765574], [-82.013628, 30.765383], [-82.013507, 30.76519], [-82.01328, 30.764968], [-82.012984, 30.764811], [-82.012561, 30.764708], [-82.01194, 30.764624], [-82.011774, 30.764574], [-82.011608, 30.764492], [-82.011486, 30.764391], [-82.011387, 30.764251], [-82.011205, 30.763717], [-82.011181, 30.763418], [-82.011212, 30.763121], [-82.011603, 30.761878], [-82.011731, 30.761707], [-82.011905, 30.761584], [-82.012101, 30.761511], [-82.012336, 30.761481], [-82.012697, 30.761518], [-82.013142, 30.761692], [-82.013379, 30.761688], [-82.013595, 30.761592], [-82.013823, 30.761426], [-82.013908, 30.761265], [-82.013923, 30.760902], [-82.014, 30.760677], [-82.014129, 30.760471], [-82.014305, 30.760294], [-82.01448, 30.760178], [-82.014694, 30.760088], [-82.014877, 30.760048], [-82.01506, 30.760042], [-82.015861, 30.759882], [-82.01606, 30.759817], [-82.01622, 30.759733], [-82.016403, 30.759565], [-82.016647, 30.759109], [-82.016884, 30.758783], [-82.017166, 30.758486], [-82.017372, 30.758335], [-82.017624, 30.758224], [-82.017936, 30.758167], [-82.018219, 30.758156], [-82.018684, 30.758194], [-82.019027, 30.758198], [-82.019439, 30.758165], [-82.019706, 30.758108], [-82.020012, 30.757973], [-82.020164, 30.757839], [-82.020264, 30.757655], [-82.020281, 30.757423], [-82.020213, 30.75724], [-82.020017, 30.757083], [-82.019782, 30.756943], [-82.019282, 30.756701], [-82.018864, 30.756574], [-82.017779, 30.756158], [-82.017551, 30.756035], [-82.017378, 30.755857], [-82.017287, 30.755668], [-82.017266, 30.755438], [-82.017328, 30.755233], [-82.017589, 30.754991], [-82.017932, 30.75482], [-82.018839, 30.754595], [-82.019251, 30.754531], [-82.019631, 30.754501], [-82.019913, 30.754545], [-82.02017, 30.754657], [-82.020352, 30.754783], [-82.020684, 30.75514], [-82.020775, 30.755193], [-82.020973, 30.755253], [-82.021162, 30.755255], [-82.021368, 30.755193], [-82.021552, 30.755066], [-82.021636, 30.754945], [-82.021715, 30.754665], [-82.021728, 30.753799], [-82.021759, 30.753707], [-82.021844, 30.753626], [-82.021957, 30.753583], [-82.022354, 30.753535], [-82.023731, 30.753507], [-82.024044, 30.753446], [-82.024318, 30.753341], [-82.024532, 30.75322], [-82.02473, 30.753069], [-82.025382, 30.752409], [-82.026055, 30.751842], [-82.026773, 30.751328], [-82.027141, 30.751128], [-82.027681, 30.750935], [-82.027863, 30.750907], [-82.028038, 30.750912], [-82.028212, 30.750951], [-82.028388, 30.751021], [-82.028906, 30.751309], [-82.02908, 30.751371], [-82.029263, 30.751387], [-82.029551, 30.751355], [-82.029793, 30.7513], [-82.030013, 30.751217], [-82.03024, 30.751074], [-82.030504, 30.750852], [-82.03061, 30.750672], [-82.030738, 30.750548], [-82.030874, 30.750459], [-82.031049, 30.750387], [-82.031246, 30.750346], [-82.031466, 30.750344], [-82.031679, 30.750388], [-82.031884, 30.750476], [-82.032082, 30.75061], [-82.032235, 30.750776], [-82.032741, 30.751603], [-82.032903, 30.751981], [-82.033423, 30.75281], [-82.033806, 30.75336], [-82.034411, 30.754116], [-82.034586, 30.754289], [-82.0348, 30.754449], [-82.03534, 30.754734], [-82.035584, 30.754795], [-82.035819, 30.754813], [-82.036138, 30.754775], [-82.036607, 30.754581], [-82.036773, 30.754434], [-82.03701, 30.753954], [-82.038055, 30.752302], [-82.038116, 30.752123], [-82.038467, 30.751522], [-82.038665, 30.751087], [-82.039329, 30.749363], [-82.039436, 30.748991], [-82.039512, 30.748531], [-82.039795, 30.747297], [-82.039802, 30.74712], [-82.039718, 30.746349], [-82.039505, 30.745127], [-82.03939, 30.744825], [-82.038933, 30.744102], [-82.038871, 30.743904], [-82.038856, 30.743698], [-82.03891, 30.743454], [-82.039032, 30.743217], [-82.0392, 30.743053], [-82.039543, 30.742849], [-82.039634, 30.742739], [-82.039688, 30.742596], [-82.039695, 30.742472], [-82.039657, 30.74231], [-82.039261, 30.74144], [-82.039245, 30.741264], [-82.039291, 30.741089], [-82.039436, 30.74086], [-82.039528, 30.74077], [-82.039665, 30.740702], [-82.03997, 30.74066], [-82.040207, 30.74057], [-82.040413, 30.740404], [-82.040542, 30.7402], [-82.040558, 30.740036], [-82.040519, 30.739889], [-82.040191, 30.739466], [-82.040069, 30.739201], [-82.040054, 30.738955], [-82.040092, 30.738831], [-82.040428, 30.738136], [-82.040451, 30.737972], [-82.040413, 30.737812], [-82.040214, 30.737503], [-82.0401, 30.737406], [-82.039421, 30.737194], [-82.0391, 30.737038], [-82.038955, 30.736933], [-82.038864, 30.736803], [-82.038833, 30.736683], [-82.038833, 30.73649], [-82.038894, 30.736153], [-82.038971, 30.736019], [-82.039085, 30.735922], [-82.039772, 30.735641], [-82.039993, 30.735506], [-82.040199, 30.735334], [-82.040382, 30.735079], [-82.040626, 30.73447], [-82.040725, 30.734331], [-82.040855, 30.734211], [-82.041259, 30.733969], [-82.041427, 30.733891], [-82.04216, 30.733725], [-82.04232, 30.733671], [-82.04245, 30.733589], [-82.042541, 30.733482], [-82.04261, 30.733355], [-82.042625, 30.733232], [-82.042534, 30.732769], [-82.042534, 30.732494], [-82.04261, 30.732128], [-82.042732, 30.731878], [-82.042839, 30.731771], [-82.042968, 30.731701], [-82.043464, 30.731632], [-82.043823, 30.731497], [-82.044029, 30.73134], [-82.044071, 30.731263], [-82.04409, 30.731163], [-82.044059, 30.731071], [-82.043991, 30.731012], [-82.043701, 30.730927], [-82.042503, 30.730867], [-82.042328, 30.730839], [-82.042183, 30.730785], [-82.042015, 30.730682], [-82.041923, 30.730574], [-82.041885, 30.730463], [-82.041862, 30.730129], [-82.041931, 30.730009], [-82.042045, 30.729937], [-82.042549, 30.72987], [-82.042885, 30.729786], [-82.043235, 30.729639], [-82.043602, 30.729422], [-82.043861, 30.729219], [-82.044418, 30.728691], [-82.044792, 30.728481], [-82.045181, 30.728329], [-82.045402, 30.728149], [-82.045509, 30.727953], [-82.045608, 30.727552], [-82.045601, 30.727253], [-82.045501, 30.727036], [-82.045288, 30.726711], [-82.045036, 30.726431], [-82.044456, 30.726152], [-82.043647, 30.725624], [-82.04351, 30.725586], [-82.043365, 30.725582], [-82.041374, 30.725317], [-82.04113, 30.725245], [-82.040924, 30.725147], [-82.040039, 30.724585], [-82.039734, 30.724197], [-82.039474, 30.723667], [-82.039367, 30.723574], [-82.038513, 30.722637], [-82.038551, 30.722548], [-82.038551, 30.722445], [-82.038803, 30.722141], [-82.03891, 30.721941], [-82.038925, 30.721849], [-82.038902, 30.721687], [-82.038734, 30.721437], [-82.038658, 30.721222], [-82.038643, 30.720976], [-82.038688, 30.720745], [-82.038757, 30.720594], [-82.038864, 30.72044], [-82.039222, 30.720114], [-82.039406, 30.719906], [-82.039543, 30.719671], [-82.039596, 30.719501], [-82.039566, 30.719299], [-82.039459, 30.719149], [-82.039283, 30.719067], [-82.039062, 30.719067], [-82.038742, 30.719147], [-82.038528, 30.719141], [-82.037933, 30.719191], [-82.037773, 30.719175], [-82.037513, 30.719065], [-82.037338, 30.718948], [-82.037185, 30.718775], [-82.037117, 30.71862], [-82.037117, 30.718538], [-82.037155, 30.718451], [-82.037407, 30.71818], [-82.037521, 30.718134], [-82.037918, 30.718042], [-82.038231, 30.718006], [-82.038482, 30.717928], [-82.03881, 30.717735], [-82.038894, 30.717651], [-82.038948, 30.71755], [-82.038994, 30.717279], [-82.038963, 30.717089], [-82.038902, 30.716976], [-82.038521, 30.716434], [-82.038475, 30.716303], [-82.038459, 30.716183], [-82.038482, 30.716047], [-82.038536, 30.715918], [-82.038978, 30.715288], [-82.039032, 30.71513], [-82.039039, 30.714952], [-82.039009, 30.71483], [-82.038897, 30.714634], [-82.038734, 30.714417], [-82.038562, 30.714241], [-82.038391, 30.714104], [-82.038218, 30.714005], [-82.037601, 30.713803], [-82.037399, 30.713699], [-82.037227, 30.713582], [-82.037056, 30.713423], [-82.036907, 30.713233], [-82.036804, 30.713033], [-82.036732, 30.712797], [-82.036525, 30.711156], [-82.036482, 30.710438], [-82.036492, 30.710139], [-82.036563, 30.709776], [-82.036524, 30.709039], [-82.036468, 30.708599], [-82.036359, 30.708071], [-82.036247, 30.707384], [-82.036094, 30.706757], [-82.035927, 30.706205], [-82.035965, 30.706072], [-82.036071, 30.705957], [-82.036209, 30.705914], [-82.036407, 30.705914], [-82.036674, 30.705883], [-82.036918, 30.705807], [-82.037063, 30.705704], [-82.037147, 30.705574], [-82.037155, 30.705412], [-82.036888, 30.704617], [-82.036895, 30.704521], [-82.036934, 30.704447], [-82.037071, 30.704357], [-82.037491, 30.704336], [-82.037811, 30.70422], [-82.03804, 30.704048], [-82.038353, 30.703651], [-82.038444, 30.703449], [-82.038482, 30.703232], [-82.038475, 30.703054], [-82.038406, 30.702808], [-82.038406, 30.702684], [-82.038444, 30.702553], [-82.038528, 30.702435], [-82.03862, 30.702362], [-82.038757, 30.702326], [-82.039299, 30.70233], [-82.039421, 30.702358], [-82.039535, 30.702353], [-82.03968, 30.702295], [-82.039779, 30.702192], [-82.039818, 30.702103], [-82.039818, 30.702019], [-82.039718, 30.701847], [-82.039512, 30.701696], [-82.03923, 30.701618], [-82.039146, 30.701574], [-82.039077, 30.701488], [-82.039009, 30.701302], [-82.039024, 30.701179], [-82.039077, 30.701082], [-82.039222, 30.700983], [-82.039566, 30.700678], [-82.03981, 30.700529], [-82.040085, 30.700413], [-82.040428, 30.70031], [-82.040619, 30.7003], [-82.040756, 30.700331], [-82.04087, 30.700378], [-82.041649, 30.700907], [-82.041885, 30.701015], [-82.042083, 30.701059], [-82.042656, 30.701056], [-82.042831, 30.701002], [-82.042946, 30.700886], [-82.042968, 30.700739], [-82.042907, 30.700525], [-82.04277, 30.700325], [-82.042579, 30.700186], [-82.042259, 30.700052], [-82.041969, 30.699974], [-82.041633, 30.69993], [-82.041473, 30.699867], [-82.041328, 30.699749], [-82.041252, 30.699642], [-82.041229, 30.699535], [-82.041244, 30.699385], [-82.041313, 30.699217], [-82.041427, 30.699085], [-82.041565, 30.698994], [-82.041786, 30.698904], [-82.0419, 30.698805], [-82.041969, 30.698683], [-82.042061, 30.698339], [-82.042183, 30.698219], [-82.042289, 30.698185], [-82.04245, 30.698175], [-82.043014, 30.698257], [-82.043472, 30.69824], [-82.043655, 30.698151], [-82.043808, 30.698032], [-82.043937, 30.697878], [-82.044021, 30.697714], [-82.044052, 30.697565], [-82.044037, 30.697369], [-82.043922, 30.696959], [-82.043777, 30.696695], [-82.04348, 30.696289], [-82.043213, 30.69607], [-82.04293, 30.695927], [-82.04274, 30.695896], [-82.042602, 30.695927], [-82.042526, 30.695974], [-82.042305, 30.696197], [-82.04203, 30.696333], [-82.041862, 30.696358], [-82.041748, 30.696291], [-82.041679, 30.696152], [-82.041649, 30.695963], [-82.041664, 30.695772], [-82.041732, 30.695545], [-82.041732, 30.69541], [-82.041504, 30.694939], [-82.041412, 30.694548], [-82.04142, 30.693592], [-82.041488, 30.692991], [-82.041473, 30.69269], [-82.041374, 30.691925], [-82.041214, 30.691334], [-82.041237, 30.691032], [-82.041305, 30.690866], [-82.041458, 30.690636], [-82.041633, 30.690474], [-82.041832, 30.690338], [-82.04203, 30.69025], [-82.042244, 30.690199], [-82.042793, 30.690199], [-82.042907, 30.690151], [-82.042984, 30.690065], [-82.043014, 30.689972], [-82.042999, 30.689688], [-82.042953, 30.689573], [-82.042785, 30.689333], [-82.042747, 30.689201], [-82.04274, 30.689064], [-82.04277, 30.688913], [-82.042869, 30.688694], [-82.042999, 30.688269], [-82.043129, 30.687605], [-82.043091, 30.686357], [-82.043106, 30.686111], [-82.043197, 30.685776], [-82.04335, 30.685461], [-82.043419, 30.685261], [-82.043541, 30.684734], [-82.043541, 30.6842], [-82.043594, 30.684057], [-82.043686, 30.683947], [-82.043953, 30.683826], [-82.044304, 30.683743], [-82.044975, 30.683687], [-82.045791, 30.683577], [-82.046341, 30.683571], [-82.046783, 30.683495], [-82.047111, 30.683393], [-82.047615, 30.683184], [-82.047867, 30.683039], [-82.048073, 30.682871], [-82.048431, 30.682432], [-82.048492, 30.682306], [-82.048477, 30.682127], [-82.048317, 30.68186], [-82.048141, 30.681742], [-82.047928, 30.681688], [-82.047592, 30.681684], [-82.047142, 30.681755], [-82.04692, 30.681736], [-82.046707, 30.681677], [-82.046524, 30.681593], [-82.046386, 30.681494], [-82.046303, 30.68133], [-82.046295, 30.681124], [-82.046432, 30.680801], [-82.046684, 30.680508], [-82.047302, 30.679918], [-82.047546, 30.679821], [-82.047638, 30.679749], [-82.047691, 30.679626], [-82.048065, 30.679089], [-82.048301, 30.678637], [-82.048568, 30.678202], [-82.049858, 30.676882], [-82.050094, 30.676523], [-82.050255, 30.676115], [-82.050331, 30.675737]]]}}, {"type": "Feature", "properties": {"district": "28", "chamber": "congressional", "name": "Florida Congressional District 28"}, "geometry": {"type": "MultiPolygon", "coordinates": [[[[-82.32513, 24.5901], [-82.3265, 24.58373], [-82.21545, 24.58376], [-82.21832, 24.57826], [-82.22021, 24.57326], [-82.22159, 24.56773], [-82.22235, 24.5602], [-82.22202, 24.55381], [-82.22033, 24.54357], [-82.21911, 24.53899], [-82.21728, 24.53417], [-82.21417, 24.52742], [-82.2113, 24.52263], [-82.20711, 24.51727], [-82.2032, 24.51335], [-82.19789, 24.50905], [-82.1923, 24.50543], [-82.18535, 24.50208], [-82.17858, 24.49985], [-82.16605, 24.49699], [-82.16052, 24.49628], [-82.15575, 24.49608], [-82.15079, 24.49627], [-82.1473, 24.49666], [-82.14042, 24.49805], [-82.13637, 24.49747], [-82.13185, 24.49716], [-82.12027, 24.49731], [-82.11184, 24.49847], [-82.104916, 24.500372], [-82.100333, 24.499998], [-82.087586, 24.506124], [-82.079319, 24.511595], [-82.072331, 24.517671], [-82.068891, 24.521276], [-82.067171, 24.523715], [-82.062785, 24.519023], [-82.060227, 24.516843], [-82.05818, 24.514364], [-82.054128, 24.503584], [-82.051803, 24.499998], [-82.053259, 24.499998], [-82.051074, 24.496844], [-82.044645, 24.489782], [-82.034272, 24.482496], [-82.023479, 24.477864], [-82.013803, 24.47614], [-82.001032, 24.475533], [-81.999235, 24.476577], [-81.996492, 24.475429], [-81.993695, 24.474605], [-81.986396, 24.473306], [-81.982432, 24.473201], [-81.980882, 24.472575], [-81.974409, 24.471209], [-81.97671, 24.46799], [-81.980925, 24.456967], [-81.982054, 24.445448], [-81.979768, 24.431656], [-81.974468, 24.420822], [-81.967318, 24.411959], [-81.958437, 24.405227], [-81.946441, 24.399348], [-81.934811, 24.396919], [-81.920556, 24.396308], [-81.911129, 24.397789], [-81.902974, 24.400871], [-81.896663, 24.404577], [-81.894262, 24.405744], [-81.893189, 24.405273], [-81.889275, 24.40457], [-81.882698, 24.403688], [-81.874813, 24.403144], [-81.866905, 24.403588], [-81.862148, 24.40511], [-81.859306, 24.404719], [-81.849757, 24.405875], [-81.841046, 24.407613], [-81.825481, 24.412516], [-81.813522, 24.417639], [-81.800697, 24.42714], [-81.788985, 24.439482], [-81.781807, 24.460927], [-81.783308, 24.478699], [-81.788324, 24.4913], [-81.792362, 24.495613], [-81.779283, 24.494818], [-81.772508, 24.496148], [-81.770807, 24.496872], [-81.772503, 24.492536], [-81.773698, 24.486644], [-81.774394, 24.479303], [-81.773685, 24.472735], [-81.770205, 24.463238], [-81.76287, 24.449643], [-81.755598, 24.442784], [-81.749811, 24.438454], [-81.740748, 24.434032], [-81.730113, 24.430698], [-81.711831, 24.429733], [-81.702706, 24.431641], [-81.697199, 24.432314], [-81.681901, 24.436998], [-81.677419, 24.439105], [-81.666279, 24.440073], [-81.660078, 24.441345], [-81.655712, 24.443396], [-81.643951, 24.445769], [-81.63724, 24.448122], [-81.632422, 24.451146], [-81.625258, 24.451248], [-81.620051, 24.452109], [-81.610259, 24.454308], [-81.596837, 24.461063], [-81.589343, 24.466807], [-81.585826, 24.471094], [-81.575346, 24.471001], [-81.564957, 24.472778], [-81.551446, 24.478031], [-81.539924, 24.486034], [-81.530563, 24.496569], [-81.528558, 24.500426], [-81.525671, 24.500426], [-81.523898, 24.503124], [-81.521792, 24.507383], [-81.519881, 24.512555], [-81.519086, 24.517248], [-81.51886, 24.526529], [-81.51937, 24.530612], [-81.520474, 24.535785], [-81.523917, 24.545419], [-81.527852, 24.553279], [-81.516411, 24.562408], [-81.514615, 24.564757], [-81.509102, 24.563252], [-81.499805, 24.561595], [-81.499292, 24.561902], [-81.49682, 24.562031], [-81.494648, 24.562526], [-81.492068, 24.560165], [-81.488861, 24.557844], [-81.483365, 24.555548], [-81.474733, 24.553455], [-81.465088, 24.552854], [-81.451608, 24.555526], [-81.437166, 24.560934], [-81.420636, 24.570572], [-81.411538, 24.569591], [-81.39167, 24.569666], [-81.385432, 24.569933], [-81.374801, 24.571488], [-81.364457, 24.574479], [-81.355843, 24.579653], [-81.351932, 24.579807], [-81.346159, 24.580662], [-81.339907, 24.582854], [-81.338223, 24.583796], [-81.337608, 24.58476], [-81.318472, 24.589036], [-81.310188, 24.591386], [-81.304368, 24.59261], [-81.298008, 24.59463], [-81.293455, 24.596722], [-81.291475, 24.596275], [-81.28743, 24.595885], [-81.27794, 24.596389], [-81.27169, 24.597096], [-81.264626, 24.599234], [-81.259446, 24.601278], [-81.254479, 24.60363], [-81.249798, 24.606556], [-81.24529, 24.61052], [-81.241967, 24.614215], [-81.239914, 24.617063], [-81.234132, 24.617474], [-81.225324, 24.61987], [-81.22065, 24.621549], [-81.216454, 24.623239], [-81.212566, 24.625422], [-81.20559, 24.629915], [-81.204259, 24.631186], [-81.199962, 24.630657], [-81.193787, 24.630655], [-81.184044, 24.631205], [-81.178709, 24.631948], [-81.172635, 24.633528], [-81.169393, 24.634619], [-81.165966, 24.635978], [-81.158293, 24.640207], [-81.15194, 24.644882], [-81.147686, 24.649064], [-81.145605, 24.646796], [-81.140851, 24.643064], [-81.134072, 24.639926], [-81.124795, 24.636605], [-81.120618, 24.635679], [-81.110858, 24.634391], [-81.097224, 24.633003], [-81.087226, 24.632923], [-81.076246, 24.633415], [-81.059736, 24.635864], [-81.047648, 24.64024], [-81.038634, 24.646527], [-81.030111, 24.654568], [-81.025271, 24.660349], [-81.022583, 24.665275], [-81.011821, 24.666866], [-81.00323, 24.668947], [-80.999792, 24.670364], [-80.999792, 24.668912], [-80.98922, 24.673824], [-80.981395, 24.678755], [-80.976492, 24.682368], [-80.967358, 24.685916], [-80.959088, 24.690976], [-80.957113, 24.692836], [-80.94526, 24.69623], [-80.933922, 24.702203], [-80.923787, 24.708988], [-80.918911, 24.713066], [-80.912988, 24.713022], [-80.905587, 24.713468], [-80.893295, 24.716453], [-80.886958, 24.719684], [-80.878566, 24.725174], [-80.868469, 24.735907], [-80.861354, 24.739662], [-80.854204, 24.74667], [-80.852228, 24.748931], [-80.845339, 24.748461], [-80.837039, 24.750002], [-80.82948, 24.75287], [-80.820238, 24.756844], [-80.812466, 24.761211], [-80.8082, 24.76016], [-80.801369, 24.759324], [-80.792971, 24.759702], [-80.783375, 24.76126], [-80.771092, 24.765951], [-80.756475, 24.776153], [-80.749787, 24.783327], [-80.74787, 24.784876], [-80.745115, 24.788878], [-80.739655, 24.790675], [-80.731156, 24.794893], [-80.728119, 24.797248], [-80.719451, 24.799685], [-80.708811, 24.804688], [-80.696379, 24.812625], [-80.688955, 24.815677], [-80.680888, 24.820769], [-80.674811, 24.825611], [-80.669544, 24.825997], [-80.652342, 24.831403], [-80.640428, 24.838434], [-80.632302, 24.845738], [-80.62838, 24.847948], [-80.619896, 24.854586], [-80.614582, 24.860078], [-80.611295, 24.865152], [-80.606152, 24.86826], [-80.598203, 24.874999], [-80.596759, 24.874999], [-80.593322, 24.879848], [-80.587462, 24.886481], [-80.585451, 24.889329], [-80.581516, 24.890288], [-80.574756, 24.893892], [-80.569949, 24.897469], [-80.56687, 24.900583], [-80.559145, 24.902266], [-80.549846, 24.906227], [-80.538164, 24.912733], [-80.525284, 24.923534], [-80.518254, 24.933385], [-80.514343, 24.940628], [-80.499999, 24.942877], [-80.478081, 24.948428], [-80.469498, 24.951755], [-80.462886, 24.955937], [-80.453365, 24.963698], [-80.445522, 24.973422], [-80.440179, 24.985674], [-80.438976, 24.995609], [-80.439101, 24.997989], [-80.433706, 25.000002], [-80.435115, 25.000002], [-80.427948, 25.002038], [-80.424146, 25.003641], [-80.415021, 25.008625], [-80.412545, 25.010232], [-80.409327, 25.012677], [-80.406033, 25.015693], [-80.402551, 25.019685], [-80.396504, 25.02821], [-80.392821, 25.03543], [-80.391624, 25.039396], [-80.390905, 25.043262], [-80.39055, 25.048375], [-80.390269, 25.053218], [-80.390435, 25.057189], [-80.384085, 25.058814], [-80.37629, 25.062219], [-80.366381, 25.067835], [-80.361674, 25.070943], [-80.35778, 25.072902], [-80.35604, 25.074557], [-80.352742, 25.076819], [-80.341864, 25.0884], [-80.333321, 25.099202], [-80.32028, 25.119153], [-80.316949, 25.123], [-80.315211, 25.125401], [-80.316363, 25.125401], [-80.312785, 25.130154], [-80.305286, 25.141889], [-80.302899, 25.144923], [-80.30006, 25.150758], [-80.297246, 25.16216], [-80.295314, 25.162132], [-80.29479, 25.16736], [-80.29483, 25.17167], [-80.2908, 25.17889], [-80.28789, 25.18344], [-80.28592, 25.18737], [-80.28229, 25.19203], [-80.28, 25.19564], [-80.27837, 25.19869], [-80.2767, 25.20256], [-80.27118, 25.20884], [-80.26729, 25.21441], [-80.26546, 25.21776], [-80.26253, 25.22416], [-80.26074, 25.22877], [-80.25966, 25.23055], [-80.2554, 25.23687], [-80.25223, 25.23959], [-80.24901, 25.24283], [-80.24211, 25.25105], [-80.23894, 25.25547], [-80.23644, 25.25988], [-80.23359, 25.26687], [-80.23074, 25.27132], [-80.2276, 25.27732], [-80.22495, 25.28432], [-80.21979, 25.28956], [-80.215602, 25.29447], [-80.21199, 25.2994], [-80.20809, 25.30274], [-80.20365, 25.30749], [-80.20052, 25.31172], [-80.19754, 25.3169], [-80.19408, 25.32096], [-80.19104, 25.32529], [-80.18826, 25.3304], [-80.18697, 25.33343], [-80.18532, 25.33851], [-80.18458, 25.34188], [-80.18369, 25.34953], [-80.18039, 25.35703], [-80.17656, 25.36687], [-80.17244, 25.37092], [-80.16698, 25.37529], [-80.16241, 25.37994], [-80.1594, 25.38379], [-80.15436, 25.39193], [-80.15164, 25.39746], [-80.14977, 25.40287], [-80.1487, 25.4077], [-80.14812, 25.41345], [-80.14551, 25.4192], [-80.14213, 25.42503], [-80.14081, 25.42781], [-80.13969, 25.43064], [-80.139104, 25.433101], [-80.13537, 25.43382], [-80.13161, 25.43489], [-80.12737, 25.43644], [-80.12058, 25.43973], [-80.11709, 25.44182], [-80.11143, 25.44605], [-80.10892, 25.44834], [-80.10541, 25.45211], [-80.10265, 25.45569], [-80.10065, 25.45881], [-80.09838, 25.46309], [-80.09704, 25.46629], [-80.09552, 25.47103], [-80.09456, 25.47567], [-80.09414, 25.47925], [-80.09401, 25.48569], [-80.09431, 25.48909], [-80.09552, 25.49524], [-80.09693, 25.49961], [-80.09893, 25.50419], [-80.10081, 25.50756], [-80.10308, 25.51098], [-80.1055, 25.51407], [-80.10804, 25.51683], [-80.11033, 25.51901], [-80.11515, 25.52287], [-80.11557, 25.52666], [-80.11281, 25.53515], [-80.111673, 25.540301], [-80.115914, 25.541306], [-80.119554, 25.541275], [-80.120593, 25.534065], [-80.135202, 25.5375], [-80.175462, 25.54773], [-80.236577, 25.531521], [-80.249737, 25.531543], [-80.316682, 25.532633], [-80.325149, 25.534521], [-80.325767, 25.534959], [-80.325157, 25.534746], [-80.32506, 25.535585], [-80.327842, 25.540197], [-80.328267, 25.540683], [-80.329003, 25.540988], [-80.330264, 25.542715], [-80.331713, 25.543697], [-80.3322, 25.543911], [-80.339562, 25.543947], [-80.340439, 25.544262], [-80.34446, 25.546532], [-80.346983, 25.548454], [-80.348463, 25.549183], [-80.350327, 25.550708], [-80.351844, 25.553508], [-80.354604, 25.554867], [-80.355737, 25.555198], [-80.358077, 25.555198], [-80.358863, 25.555579], [-80.359429, 25.556358], [-80.359502, 25.557352], [-80.359126, 25.559293], [-80.36027, 25.561213], [-80.360727, 25.563069], [-80.361897, 25.565687], [-80.362159, 25.56844], [-80.36376, 25.568423], [-80.36857, 25.569499], [-80.372284, 25.569977], [-80.372427, 25.575687], [-80.372762, 25.575996], [-80.36646, 25.58245], [-80.369175, 25.590537], [-80.37033, 25.593256], [-80.375769, 25.598442], [-80.377331, 25.60073], [-80.377984, 25.602743], [-80.378203, 25.604009], [-80.379188, 25.625405], [-80.379474, 25.626619], [-80.380101, 25.627865], [-80.384043, 25.631456], [-80.38502, 25.633102], [-80.385309, 25.634113], [-80.385772, 25.643493], [-80.388071, 25.658285], [-80.38886, 25.664913], [-80.388571, 25.67108], [-80.389359, 25.689941], [-80.388717, 25.69215], [-80.384584, 25.698266], [-80.38379, 25.700931], [-80.383504, 25.709464], [-80.383731, 25.716019], [-80.38423, 25.719615], [-80.384249, 25.721433], [-80.383921, 25.72356], [-80.384365, 25.732043], [-80.373702, 25.732206], [-80.373726, 25.733389], [-80.371765, 25.733436], [-80.371781, 25.735865], [-80.369763, 25.73592], [-80.369747, 25.739522], [-80.370787, 25.739503], [-80.370777, 25.741305], [-80.369737, 25.741319], [-80.369778, 25.743825], [-80.368779, 25.74387], [-80.368747, 25.744945], [-80.367734, 25.744948], [-80.367705, 25.745332], [-80.368408, 25.7613], [-80.352374, 25.761657], [-80.352826, 25.764856], [-80.353684, 25.775736], [-80.353721, 25.776872], [-80.353092, 25.78161], [-80.36308, 25.781522], [-80.368974, 25.780746], [-80.368643, 25.784222], [-80.369095, 25.797134], [-80.385226, 25.797128], [-80.384989, 25.79704], [-80.384614, 25.786714], [-80.384502, 25.782806], [-80.384747, 25.782238], [-80.38435, 25.782238], [-80.384365, 25.781847], [-80.389321, 25.781958], [-80.395254, 25.783431], [-80.398035, 25.78349], [-80.413402, 25.783554], [-80.415361, 25.782997], [-80.417048, 25.781818], [-80.417035, 25.782059], [-80.419134, 25.780256], [-80.419547, 25.778885], [-80.419294, 25.777973], [-80.417528, 25.775616], [-80.417249, 25.774533], [-80.41703, 25.76094], [-80.649143, 25.760873], [-80.672177, 25.760965], [-80.676253, 25.761971], [-80.820326, 25.761778], [-80.825873, 25.761788], [-80.827363, 25.761989], [-80.829529, 25.763033], [-80.873096, 25.805377], [-80.981371, 25.803988], [-81.100483, 25.803324], [-81.124795, 25.803703], [-81.259493, 25.804217], [-81.267432, 25.803861], [-81.2899, 25.803709], [-81.301473, 25.804002], [-81.321397, 25.803719], [-81.324904, 25.803465], [-81.350491, 25.803239], [-81.390981, 25.803216], [-81.39875, 25.803407], [-81.440819, 25.80327], [-81.455546, 25.803677], [-81.848206, 25.800785], [-81.84556, 25.79752], [-81.84202, 25.79451], [-81.8291, 25.77209], [-81.82436, 25.76207], [-81.81885, 25.75236], [-81.81261, 25.74303], [-81.80567, 25.73411], [-81.80195, 25.72982], [-81.79606, 25.72362], [-81.79194, 25.71964], [-81.78547, 25.71392], [-81.774, 25.7051], [-81.76172, 25.69721], [-81.75138, 25.69161], [-81.74064, 25.68669], [-81.73235, 25.68345], [-81.72103, 25.67974], [-81.70944, 25.67676], [-81.70062, 25.67501], [-81.69171, 25.67368], [-81.67974, 25.67256], [-81.66469, 25.67223], [-81.6525, 25.67284], [-81.64503, 25.67243], [-81.63755, 25.67238], [-81.63007, 25.67268], [-81.62016, 25.67364], [-81.61034, 25.67522], [-81.59828, 25.67805], [-81.58653, 25.68183], [-81.57623, 25.68604], [-81.56274, 25.6774], [-81.54863, 25.66964], [-81.53395, 25.66277], [-81.51902, 25.65694], [-81.51722, 25.64783], [-81.51471, 25.63885], [-81.51152, 25.63006], [-81.50869, 25.62361], [-81.50434, 25.61524], [-81.49935, 25.60716], [-81.49377, 25.59942], [-81.4876, 25.59205], [-81.48262, 25.58679], [-81.47549, 25.58014], [-81.46788, 25.57396], [-81.45983, 25.5683], [-81.45135, 25.56315], [-81.44249, 25.55854], [-81.43331, 25.55452], [-81.42541, 25.5516], [-81.41785, 25.53826], [-81.4115, 25.52858], [-81.40697, 25.52231], [-81.3972, 25.51021], [-81.39197, 25.50439], [-81.38477, 25.49701], [-81.38128, 25.48493], [-81.36887, 25.44965], [-81.36396, 25.43839], [-81.358, 25.42755], [-81.35102, 25.41722], [-81.34315, 25.40758], [-81.33422, 25.39842], [-81.3252, 25.39062], [-81.32363, 25.38222], [-81.32064, 25.36974], [-81.31825, 25.3615], [-81.31491, 25.35155], [-81.3309, 25.29228], [-81.33384, 25.2854], [-81.33638, 25.27839], [-81.33852, 25.27126], [-81.34024, 25.26405], [-81.34188, 25.25432], [-81.34278, 25.24451], [-81.34291, 25.23467], [-81.3423, 25.22483], [-81.34104, 25.21615], [-81.33849, 25.20561], [-81.33606, 25.19783], [-81.33292, 25.1896], [-81.32854, 25.17641], [-81.32347, 25.16415], [-81.31904, 25.15518], [-81.31236, 25.14357], [-81.3048, 25.13242], [-81.30352, 25.12486], [-81.30109, 25.11491], [-81.29792, 25.10512], [-81.29506, 25.09793], [-81.29179, 25.09089], [-81.28812, 25.08401], [-81.28114, 25.07297], [-81.27806, 25.0687], [-81.27313, 25.06252], [-81.26785, 25.05657], [-81.26225, 25.05088], [-81.25632, 25.04546], [-81.25009, 25.04033], [-81.23908, 25.03247], [-81.22735, 25.02551], [-81.2225, 25.02298], [-81.21427, 25.01918], [-81.20908, 25.01232], [-81.20312, 25.00598], [-81.19647, 25.00025], [-81.18858, 24.9948], [-81.18648, 24.99088], [-81.18343, 24.98616], [-81.17919, 24.98086], [-81.17479, 24.97638], [-81.1738, 24.97488], [-81.17224, 24.97186], [-81.17129, 24.96921], [-81.17055, 24.96577], [-81.17035, 24.96214], [-81.18194, 24.96865], [-81.19164, 24.97317], [-81.20166, 24.97707], [-81.21196, 24.98033], [-81.22247, 24.98291], [-81.23316, 24.98481], [-81.24398, 24.98604], [-81.25486, 24.98659], [-81.26304, 24.98652], [-81.27118, 24.98608], [-81.27931, 24.98524], [-81.28737, 24.98402], [-81.29535, 24.98242], [-81.30583, 24.97969], [-81.31353, 24.97721], [-81.32347, 24.97338], [-81.33534, 24.97271], [-81.34242, 24.97186], [-81.35038, 24.97048], [-81.36315, 24.97405], [-81.37621, 24.9766], [-81.38946, 24.9781], [-81.39747, 24.97849], [-81.40548, 24.9785], [-81.41614, 24.97792], [-81.42673, 24.97666], [-81.43461, 24.97527], [-81.44304, 24.97334], [-81.45874, 24.97162], [-81.48849, 24.96635], [-81.50763, 24.95977], [-81.51559, 24.95629], [-81.52573, 24.95122], [-81.53551, 24.94595], [-81.5489, 24.93962], [-81.5556, 24.93711], [-81.56649, 24.93106], [-81.58131, 24.92376], [-81.59944, 24.91273], [-81.6083, 24.90697], [-81.62159, 24.89722], [-81.63383, 24.89426], [-81.64807, 24.88957], [-81.66013, 24.88329], [-81.6651, 24.88067], [-81.67688, 24.87234], [-81.69158, 24.86293], [-81.70079, 24.85783], [-81.71472, 24.85162], [-81.72754, 24.84704], [-81.74649, 24.8375], [-81.76188, 24.82875], [-81.77824, 24.81538], [-81.79099, 24.81371], [-81.80357, 24.80951], [-81.81421, 24.80639], [-81.82994, 24.79861], [-81.83627, 24.79521], [-81.84799, 24.78984], [-81.85646, 24.78523], [-81.87436, 24.77613], [-81.88014, 24.77293], [-81.88622, 24.76914], [-81.8862, 24.76772], [-81.89429, 24.76365], [-81.90853, 24.76314], [-81.92267, 24.7615], [-81.9327, 24.75962], [-81.93977, 24.7587], [-81.95029, 24.75689], [-81.96069, 24.75459], [-81.96754, 24.75278], [-81.97769, 24.74965], [-81.98764, 24.74603], [-82.00055, 24.7405], [-82.01301, 24.73415], [-82.01905, 24.73069], [-82.02695, 24.72572], [-82.03818, 24.73045], [-82.04965, 24.73465], [-82.05743, 24.73714], [-82.07325, 24.74137], [-82.0853, 24.74386], [-82.09749, 24.74578], [-82.10976, 24.74711], [-82.1221, 24.74785], [-82.13034, 24.74802], [-82.14681, 24.74757], [-82.15913, 24.74653], [-82.17537, 24.74447], [-82.18566, 24.74243], [-82.19326, 24.74048], [-82.20073, 24.73817], [-82.21286, 24.73353], [-82.21991, 24.73029], [-82.22676, 24.72672], [-82.23341, 24.72282], [-82.24395, 24.71564], [-82.24796, 24.71253], [-82.25376, 24.70765], [-82.26277, 24.6989], [-82.28243, 24.67624], [-82.28734, 24.67006], [-82.29639, 24.65726], [-82.30055, 24.65064], [-82.30809, 24.63704], [-82.31146, 24.63007], [-82.31681, 24.61736], [-82.32113, 24.6049], [-82.32328, 24.59753], [-82.32513, 24.5901]]], [[[-83.108738, 24.629489], [-83.108914, 24.611086], [-83.107532, 24.597996], [-83.106113, 24.59021], [-83.103527, 24.579963], [-83.10107, 24.572395], [-83.098193, 24.564952], [-83.093699, 24.555267], [-83.089854, 24.548206], [-83.08256, 24.536873], [-83.074213, 24.526166], [-83.064883, 24.516161], [-83.052485, 24.505194], [-83.043551, 24.498572], [-83.02926, 24.489739], [-83.014047, 24.48232], [-82.999876, 24.476981], [-82.999742, 24.583917], [-82.982005, 24.583765], [-82.977202, 24.57983], [-82.970859, 24.575848], [-82.960264, 24.57146], [-82.943287, 24.568928], [-82.932628, 24.569842], [-82.923098, 24.572318], [-82.914122, 24.575973], [-82.904804, 24.570884], [-82.895867, 24.566666], [-82.885051, 24.563378], [-82.872065, 24.562216], [-82.863604, 24.562985], [-82.848495, 24.567602], [-82.837316, 24.574463], [-82.828181, 24.583765], [-82.656682, 24.583709], [-82.651983, 24.593297], [-82.647146, 24.605664], [-82.644147, 24.615807], [-82.641492, 24.628712], [-82.640074, 24.641782], [-82.639914, 24.654914], [-82.641371, 24.670615], [-82.645331, 24.688635], [-82.655082, 24.713315], [-82.666183, 24.731711], [-82.679978, 24.748513], [-82.696206, 24.763397], [-82.709779, 24.773122], [-82.721895, 24.780202], [-82.739893, 24.788434], [-82.756099, 24.793849], [-82.775669, 24.798173], [-82.789928, 24.799907], [-82.801426, 24.800469], [-82.810055, 24.80041], [-82.837834, 24.798204], [-82.850255, 24.798755], [-82.868886, 24.798089], [-82.893408, 24.794446], [-82.911299, 24.789684], [-82.920157, 24.787666], [-82.93286, 24.786718], [-82.945456, 24.784963], [-82.960967, 24.781649], [-82.979064, 24.776053], [-82.990738, 24.771378], [-83.004768, 24.764506], [-83.012855, 24.759854], [-83.02066, 24.754824], [-83.031555, 24.746793], [-83.041107, 24.74091], [-83.052383, 24.73273], [-83.066756, 24.719834], [-83.078795, 24.706081], [-83.088453, 24.692051], [-83.093687, 24.682678], [-83.099195, 24.670529], [-83.103521, 24.657986], [-83.107106, 24.642554], [-83.108738, 24.629489]]]]}}, {"type": "Feature", "properties": {"district": "2", "chamber": "congressional", "name": "Florida Congressional District 2"}, "geometry": {"type": "Polygon", "coordinates": [[[-86.180561, 30.370127], [-86.180538, 30.365838], [-86.179159, 30.365396], [-86.179706, 30.337108], [-86.18038, 30.17199], [-86.1498, 30.16291], [-86.10746, 30.14754], [-86.07407, 30.13519], [-86.03131, 30.11751], [-86.0055, 30.10606], [-85.96596, 30.08582], [-85.94662, 30.07517], [-85.93114, 30.06696], [-85.8935, 30.04529], [-85.88299, 30.03824], [-85.87286, 30.03079], [-85.86892, 30.02637], [-85.86144, 30.01886], [-85.85653, 30.01442], [-85.8502, 30.0092], [-85.83511, 29.99836], [-85.82409, 29.99154], [-85.81149, 29.98305], [-85.80356, 29.97816], [-85.78598, 29.96821], [-85.77035, 29.9605], [-85.73592, 29.94546], [-85.72104, 29.94017], [-85.70979, 29.93584], [-85.70204, 29.92752], [-85.6842, 29.91001], [-85.67255, 29.89954], [-85.66378, 29.89121], [-85.64587, 29.87591], [-85.62728, 29.86115], [-85.61659, 29.85359], [-85.60643, 29.8471], [-85.58962, 29.83756], [-85.58971, 29.82802], [-85.5889, 29.81186], [-85.58825, 29.80462], [-85.58648, 29.79091], [-85.58481, 29.78101], [-85.57989, 29.7574], [-85.57777, 29.74837], [-85.57237, 29.72822], [-85.56475, 29.70404], [-85.55732, 29.68435], [-85.54459, 29.6535], [-85.53577, 29.63524], [-85.53199, 29.62823], [-85.52265, 29.61313], [-85.50723, 29.59127], [-85.49361, 29.57431], [-85.48819, 29.56817], [-85.48281, 29.56266], [-85.47445, 29.5547], [-85.46761, 29.54866], [-85.45624, 29.53991], [-85.44822, 29.53443], [-85.43599, 29.52741], [-85.42402, 29.52172], [-85.41024, 29.51626], [-85.39597, 29.51178], [-85.38878, 29.50998], [-85.37973, 29.50812], [-85.36567, 29.50616], [-85.35451, 29.50537], [-85.34206, 29.50525], [-85.33543, 29.5055], [-85.32595, 29.50625], [-85.31366, 29.50793], [-85.30295, 29.51004], [-85.28831, 29.51399], [-85.27924, 29.51708], [-85.27337, 29.51936], [-85.26177, 29.52459], [-85.26111, 29.5241], [-85.25967, 29.52481], [-85.25378, 29.52065], [-85.24074, 29.51217], [-85.23335, 29.50791], [-85.21879, 29.50041], [-85.211455, 29.497065], [-85.20048, 29.49253], [-85.19334, 29.49017], [-85.18475, 29.48778], [-85.18407, 29.48711], [-85.17712, 29.48516], [-85.17447, 29.48327], [-85.16832, 29.4779], [-85.16253, 29.47323], [-85.15078, 29.46494], [-85.14363, 29.46059], [-85.13212, 29.45449], [-85.12383, 29.45074], [-85.11267, 29.44641], [-85.10414, 29.44367], [-85.09684, 29.44166], [-85.08703, 29.43944], [-85.08211, 29.43853], [-85.07043, 29.43698], [-85.06032, 29.43622], [-85.051, 29.43598], [-85.04478, 29.43607], [-85.03037, 29.43702], [-85.0198, 29.4384], [-85.00583, 29.44064], [-85.00078, 29.44168], [-84.98048, 29.44675], [-84.95926, 29.45298], [-84.93827, 29.45876], [-84.91912, 29.46505], [-84.90949, 29.46729], [-84.89636, 29.47121], [-84.88212, 29.47665], [-84.87275, 29.48095], [-84.86755, 29.48362], [-84.85767, 29.48932], [-84.83915, 29.49928], [-84.80242, 29.51956], [-84.79732, 29.52205], [-84.7875, 29.5259], [-84.76502, 29.53166], [-84.75854, 29.53366], [-84.73819, 29.54068], [-84.72274, 29.54661], [-84.70712, 29.55374], [-84.68935, 29.56264], [-84.67316, 29.57165], [-84.66297, 29.57814], [-84.65277, 29.5855], [-84.64378, 29.59274], [-84.62769, 29.60703], [-84.61557, 29.61703], [-84.614456, 29.618563], [-84.61282, 29.61934], [-84.60074, 29.62975], [-84.58868, 29.64074], [-84.56573, 29.64706], [-84.55706, 29.65004], [-84.54529, 29.65452], [-84.53053, 29.66115], [-84.51929, 29.66549], [-84.49826, 29.67445], [-84.49103, 29.678], [-84.485903, 29.681316], [-84.48056, 29.68389], [-84.47452, 29.68773], [-84.46489, 29.69464], [-84.45747, 29.70072], [-84.45158, 29.7061], [-84.4428, 29.71515], [-84.43672, 29.72206], [-84.43009, 29.73064], [-84.42504, 29.73816], [-84.41995, 29.74696], [-84.41469, 29.74595], [-84.40303, 29.74424], [-84.39127, 29.74323], [-84.38008, 29.74293], [-84.365984, 29.743376], [-84.35538, 29.74414], [-84.34984, 29.74476], [-84.33842, 29.74654], [-84.32327, 29.74809], [-84.309, 29.75065], [-84.2974, 29.75357], [-84.28671, 29.75674], [-84.27393, 29.7614], [-84.26667, 29.76454], [-84.25923, 29.76815], [-84.24753, 29.77473], [-84.23669, 29.78177], [-84.22719, 29.78875], [-84.21794, 29.7966], [-84.2118, 29.80255], [-84.20615, 29.80862], [-84.20231, 29.81315], [-84.19642, 29.82086], [-84.18998, 29.83038], [-84.1855, 29.83778], [-84.18199, 29.84436], [-84.17469, 29.85997], [-84.17024, 29.87133], [-84.16771, 29.87969], [-84.16347, 29.89746], [-84.16245, 29.903], [-84.16149, 29.91019], [-84.160797, 29.921266], [-84.14594, 29.92223], [-84.12581, 29.92459], [-84.1205, 29.9255], [-84.11219, 29.92723], [-84.10142, 29.93005], [-84.09243, 29.93293], [-84.08382, 29.93616], [-84.07375, 29.93801], [-84.06492, 29.94008], [-84.0582, 29.93363], [-84.0489, 29.92581], [-84.03829, 29.91818], [-84.03015, 29.91312], [-84.02179, 29.90852], [-84.01625, 29.90577], [-84.00759, 29.90195], [-83.999955, 29.898948], [-83.9888, 29.89372], [-83.98143, 29.89075], [-83.97264, 29.88642], [-83.96638, 29.87896], [-83.96021, 29.87233], [-83.9542, 29.86654], [-83.94995, 29.86281], [-83.94136, 29.856], [-83.93277, 29.85003], [-83.92514, 29.84534], [-83.919, 29.84194], [-83.90866, 29.8369], [-83.8991, 29.83292], [-83.88288, 29.82736], [-83.87878, 29.82624], [-83.86601, 29.82337], [-83.85398, 29.82147], [-83.84264, 29.82038], [-83.83029, 29.81972], [-83.82303, 29.81535], [-83.81329, 29.81019], [-83.80035, 29.80444], [-83.79534, 29.80193], [-83.78495, 29.79382], [-83.7809, 29.79004], [-83.77858, 29.78624], [-83.774, 29.77734], [-83.76994, 29.77038], [-83.76336, 29.76069], [-83.75747, 29.75321], [-83.75679, 29.75062], [-83.75482, 29.73651], [-83.75233, 29.72546], [-83.7489, 29.71461], [-83.74515, 29.70537], [-83.74168, 29.69817], [-83.73864, 29.6926], [-83.73422, 29.6854], [-83.72934, 29.67842], [-83.72147, 29.66488], [-83.71749, 29.659], [-83.71007, 29.64919], [-83.70322, 29.64119], [-83.69732, 29.63509], [-83.6925, 29.63056], [-83.68489, 29.62411], [-83.67539, 29.61708], [-83.66724, 29.61179], [-83.66038, 29.60782], [-83.64798, 29.60163], [-83.63505, 29.59636], [-83.62054, 29.5915], [-83.6144, 29.58842], [-83.60763, 29.58204], [-83.59952, 29.57529], [-83.59223, 29.5699], [-83.58207, 29.56332], [-83.58113, 29.55336], [-83.57996, 29.54598], [-83.57793, 29.53706], [-83.57583, 29.52984], [-83.575406, 29.527003], [-83.415441, 29.665539], [-83.404153, 29.67121], [-83.40052, 29.673663], [-83.399632, 29.673968], [-83.398512, 29.673935], [-83.397006, 29.673094], [-83.39496, 29.67151], [-83.390366, 29.671381], [-83.388976, 29.670775], [-83.387663, 29.669495], [-83.386814, 29.668989], [-83.386042, 29.668889], [-83.383069, 29.669668], [-83.381837, 29.669593], [-83.374859, 29.66718], [-83.374165, 29.666273], [-83.373351, 29.665951], [-83.369354, 29.666673], [-83.36706, 29.666147], [-83.366398, 29.665701], [-83.365278, 29.667051], [-83.363207, 29.668238], [-83.362815, 29.668765], [-83.362728, 29.669385], [-83.363072, 29.670377], [-83.363384, 29.670808], [-83.363645, 29.670721], [-83.364388, 29.671227], [-83.363968, 29.673573], [-83.365187, 29.674863], [-83.365437, 29.675834], [-83.365217, 29.676342], [-83.364994, 29.676715], [-83.362336, 29.678407], [-83.361885, 29.678953], [-83.360925, 29.680919], [-83.359542, 29.682892], [-83.359292, 29.683837], [-83.357843, 29.684572], [-83.357456, 29.685578], [-83.35404, 29.69058], [-83.352826, 29.69309], [-83.351311, 29.694292], [-83.35074, 29.695301], [-83.350928, 29.695731], [-83.350615, 29.697899], [-83.351284, 29.70051], [-83.351821, 29.700975], [-83.351325, 29.702526], [-83.351372, 29.706694], [-83.350369, 29.710341], [-83.35036, 29.711787], [-83.350141, 29.712396], [-83.348789, 29.714032], [-83.347869, 29.714182], [-83.347108, 29.714598], [-83.346977, 29.715743], [-83.347387, 29.716605], [-83.347282, 29.717486], [-83.346357, 29.718379], [-83.346058, 29.719507], [-83.347027, 29.720513], [-83.347399, 29.721341], [-83.346873, 29.722565], [-83.347026, 29.72351], [-83.344902, 29.726811], [-83.345046, 29.727406], [-83.345844, 29.728283], [-83.346001, 29.729418], [-83.346576, 29.730793], [-83.347069, 29.730983], [-83.347763, 29.73209], [-83.347642, 29.733856], [-83.34692, 29.734619], [-83.345732, 29.73444], [-83.343749, 29.735396], [-83.343267, 29.73713], [-83.343753, 29.738601], [-83.344773, 29.740423], [-83.345676, 29.74349], [-83.342884, 29.745389], [-83.342222, 29.746406], [-83.341523, 29.749998], [-83.341707, 29.75095], [-83.341488, 29.751516], [-83.34018, 29.752866], [-83.33923, 29.754412], [-83.338799, 29.755274], [-83.339026, 29.756169], [-83.338911, 29.756756], [-83.337409, 29.758953], [-83.336888, 29.760401], [-83.334573, 29.761678], [-83.331678, 29.761876], [-83.331438, 29.762082], [-83.331362, 29.762961], [-83.330684, 29.764884], [-83.329259, 29.765662], [-83.328462, 29.765755], [-83.328345, 29.767365], [-83.328572, 29.767698], [-83.327813, 29.76887], [-83.327575, 29.769166], [-83.325972, 29.769521], [-83.325807, 29.770198], [-83.326118, 29.770635], [-83.325576, 29.770673], [-83.325475, 29.77092], [-83.326761, 29.772124], [-83.32688, 29.773004], [-83.326616, 29.773625], [-83.323698, 29.774764], [-83.322992, 29.77577], [-83.322154, 29.776392], [-83.321864, 29.777777], [-83.321398, 29.778305], [-83.3201, 29.778607], [-83.319462, 29.778328], [-83.318859, 29.822623], [-83.35286, 29.822222], [-83.352986, 29.887859], [-83.37089, 29.887934], [-83.37056, 29.895634], [-83.370313, 30.000088], [-83.370664, 30.012318], [-83.369562, 30.041018], [-83.36845, 30.128672], [-83.36458, 30.1292], [-83.3621, 30.12915], [-83.35975, 30.12868], [-83.3559, 30.12732], [-83.35371, 30.12705], [-83.35187, 30.12726], [-83.34658, 30.12877], [-83.34297, 30.12918], [-83.32977, 30.12943], [-83.3112, 30.12915], [-83.29258, 30.1292], [-83.2928, 30.15335], [-83.29262, 30.15559], [-83.29146, 30.16065], [-83.29115, 30.16362], [-83.29131, 30.20061], [-83.29064, 30.20497], [-83.28838, 30.21314], [-83.28714, 30.2131], [-83.28647, 30.21465], [-83.28648, 30.21667], [-83.287348, 30.21684], [-83.28372, 30.22986], [-83.28315, 30.23262], [-83.28283, 30.23685], [-83.28306, 30.25291], [-83.28192, 30.25322], [-83.27912, 30.25322], [-83.278771, 30.254614], [-83.277458, 30.254976], [-83.276502, 30.254574], [-83.274811, 30.253331], [-83.273608, 30.253496], [-83.272278, 30.253111], [-83.270289, 30.253709], [-83.268991, 30.25344], [-83.268428, 30.253044], [-83.267775, 30.253065], [-83.267174, 30.252537], [-83.266731, 30.252642], [-83.26642, 30.252458], [-83.266509, 30.26026], [-83.249862, 30.260353], [-83.247139, 30.26071], [-83.240412, 30.26029], [-83.238112, 30.260767], [-83.236954, 30.261628], [-83.236775, 30.262064], [-83.2369, 30.262897], [-83.237665, 30.264032], [-83.239719, 30.265744], [-83.240297, 30.267024], [-83.239965, 30.268211], [-83.236498, 30.274238], [-83.234661, 30.27833], [-83.231671, 30.283817], [-83.231516, 30.286452], [-83.23176, 30.287577], [-83.233203, 30.290396], [-83.233007, 30.29202], [-83.228784, 30.29844], [-83.225791, 30.301266], [-83.222514, 30.30317], [-83.21251, 30.307272], [-83.211939, 30.307965], [-83.209924, 30.311878], [-83.20991, 30.312703], [-83.21033, 30.313932], [-83.214149, 30.319053], [-83.214357, 30.319834], [-83.214196, 30.321951], [-83.213563, 30.323412], [-83.2122, 30.325727], [-83.208144, 30.33028], [-83.207897, 30.331087], [-83.20792, 30.331872], [-83.208443, 30.333046], [-83.210822, 30.336572], [-83.211386, 30.338604], [-83.211576, 30.34107], [-83.212755, 30.344341], [-83.212551, 30.345851], [-83.210878, 30.348473], [-83.20871, 30.350533], [-83.204864, 30.351222], [-83.203258, 30.351088], [-83.201396, 30.350078], [-83.200052, 30.348365], [-83.1983, 30.348279], [-83.193507, 30.34999], [-83.190247, 30.351877], [-83.190137, 30.35287], [-83.19207, 30.354941], [-83.193592, 30.357624], [-83.193547, 30.359627], [-83.192079, 30.363696], [-83.192121, 30.365675], [-83.192891, 30.367782], [-83.192869, 30.374032], [-83.192343, 30.374846], [-83.191668, 30.375217], [-83.192161, 30.375217], [-83.18961, 30.376868], [-83.189269, 30.377339], [-83.18534, 30.379989], [-83.181923, 30.381472], [-83.177946, 30.384139], [-83.174359, 30.38449], [-83.170969, 30.385225], [-83.171554, 30.385881], [-83.171384, 30.386262], [-83.171963, 30.38944], [-83.173054, 30.390967], [-83.173871, 30.391479], [-83.175516, 30.391016], [-83.176405, 30.391161], [-83.177526, 30.3917], [-83.178261, 30.3926], [-83.178322, 30.393736], [-83.177634, 30.395116], [-83.17503, 30.396887], [-83.174517, 30.397748], [-83.174791, 30.398314], [-83.176484, 30.399578], [-83.17786, 30.402035], [-83.178491, 30.404233], [-83.179174, 30.4053], [-83.180271, 30.408013], [-83.179972, 30.409812], [-83.18028, 30.410539], [-83.181174, 30.410921], [-83.183053, 30.411239], [-83.186087, 30.412719], [-83.189586, 30.413713], [-83.19234, 30.415197], [-83.194236, 30.416761], [-83.194859, 30.41696], [-83.195522, 30.416916], [-83.198506, 30.415853], [-83.203887, 30.414983], [-83.204483, 30.414281], [-83.204389, 30.413285], [-83.204748, 30.412243], [-83.205481, 30.411997], [-83.206163, 30.412141], [-83.206979, 30.413023], [-83.207586, 30.415506], [-83.207666, 30.417556], [-83.207212, 30.418506], [-83.207309, 30.419204], [-83.209642, 30.421136], [-83.210476, 30.421528], [-83.21122, 30.421574], [-83.213303, 30.420968], [-83.214303, 30.420223], [-83.214623, 30.419126], [-83.215161, 30.418359], [-83.216116, 30.417994], [-83.217966, 30.419579], [-83.220283, 30.422669], [-83.221373, 30.423385], [-83.222208, 30.423531], [-83.222438, 30.424859], [-83.222022, 30.42555], [-83.221246, 30.425749], [-83.219234, 30.425418], [-83.218729, 30.42582], [-83.218515, 30.426662], [-83.218547, 30.42784], [-83.219508, 30.430657], [-83.220392, 30.432079], [-83.220691, 30.43398], [-83.222203, 30.435762], [-83.222277, 30.436279], [-83.222085, 30.436825], [-83.220174, 30.43917], [-83.21981, 30.44035], [-83.219942, 30.441273], [-83.220686, 30.443026], [-83.220548, 30.443976], [-83.218904, 30.446089], [-83.217524, 30.446708], [-83.217337, 30.447796], [-83.217686, 30.448441], [-83.218681, 30.4488], [-83.22177, 30.448966], [-83.222564, 30.449872], [-83.22298, 30.451324], [-83.222557, 30.452479], [-83.221021, 30.454306], [-83.21986, 30.455058], [-83.218145, 30.455239], [-83.217699, 30.455537], [-83.217919, 30.456689], [-83.219415, 30.459876], [-83.219623, 30.461659], [-83.219359, 30.46244], [-83.217828, 30.463531], [-83.217723, 30.464058], [-83.21826, 30.464455], [-83.220359, 30.464222], [-83.222556, 30.464458], [-83.225866, 30.468021], [-83.226907, 30.468605], [-83.231768, 30.470184], [-83.235356, 30.47077], [-83.239115, 30.472657], [-83.242429, 30.472731], [-83.243766, 30.473132], [-83.243565, 30.475377], [-83.242961, 30.476752], [-83.24211, 30.477376], [-83.241832, 30.477922], [-83.242212, 30.478383], [-83.243644, 30.47873], [-83.243961, 30.479226], [-83.243589, 30.482128], [-83.243923, 30.484625], [-83.243187, 30.488407], [-83.244991, 30.492092], [-83.244344, 30.492923], [-83.242055, 30.492855], [-83.240597, 30.493604], [-83.240677, 30.494417], [-83.242521, 30.498044], [-83.242405, 30.499997], [-83.242837, 30.501972], [-83.242551, 30.502791], [-83.240766, 30.504952], [-83.240564, 30.505932], [-83.244122, 30.510949], [-83.245851, 30.512054], [-83.246121, 30.512599], [-83.243844, 30.513505], [-83.242985, 30.515967], [-83.242533, 30.516506], [-83.241565, 30.516325], [-83.240164, 30.514965], [-83.239532, 30.515055], [-83.239213, 30.515709], [-83.238938, 30.518022], [-83.239313, 30.519458], [-83.240435, 30.52177], [-83.24113, 30.524498], [-83.242137, 30.525269], [-83.243415, 30.525033], [-83.244097, 30.52558], [-83.244238, 30.527647], [-83.245048, 30.530778], [-83.245698, 30.531215], [-83.249012, 30.531636], [-83.249681, 30.532359], [-83.249729, 30.533072], [-83.249343, 30.533695], [-83.246808, 30.533919], [-83.246155, 30.534354], [-83.245825, 30.534967], [-83.245803, 30.535719], [-83.24698, 30.537561], [-83.247139, 30.538916], [-83.246866, 30.540093], [-83.247152, 30.540801], [-83.25173, 30.545935], [-83.253495, 30.5484], [-83.254357, 30.549131], [-83.258582, 30.551632], [-83.260067, 30.552193], [-83.260855, 30.552959], [-83.260882, 30.55353], [-83.259801, 30.557504], [-83.258488, 30.558417], [-83.256485, 30.558821], [-83.255991, 30.559437], [-83.255805, 30.560461], [-83.256016, 30.562228], [-83.2567, 30.562801], [-83.257225, 30.563654], [-83.257621, 30.565642], [-83.259585, 30.566812], [-83.261595, 30.568447], [-83.262019, 30.569099], [-83.262275, 30.570334], [-83.260138, 30.572443], [-83.259603, 30.574115], [-83.261659, 30.577704], [-83.26256, 30.579751], [-83.262738, 30.580632], [-83.262591, 30.582621], [-83.26127, 30.585035], [-83.260167, 30.585537], [-83.258677, 30.585581], [-83.256619, 30.5862], [-83.256479, 30.586942], [-83.258248, 30.591295], [-83.259633, 30.596245], [-83.262044, 30.599425], [-83.263726, 30.603696], [-83.26705, 30.608599], [-83.267793, 30.610874], [-83.266906, 30.613292], [-83.266908, 30.615063], [-83.26831, 30.618257], [-83.268245, 30.619948], [-83.268581, 30.621487], [-83.269107, 30.622204], [-83.270907, 30.62324], [-83.271873, 30.624386], [-83.272339, 30.625546], [-83.271731, 30.626565], [-83.272014, 30.62724], [-83.272612, 30.627687], [-83.275647, 30.628725], [-83.279128, 30.628696], [-83.284505, 30.62814], [-83.28545, 30.628661], [-83.285967, 30.629681], [-83.286751, 30.62996], [-83.2899, 30.62912], [-83.293315, 30.62901], [-83.293911, 30.629851], [-83.294172, 30.631682], [-83.294848, 30.63233], [-83.298828, 30.632045], [-83.30004, 30.632639], [-83.300691, 30.632487], [-83.30184, 30.630871], [-83.302244, 30.630772], [-83.304809, 30.632081], [-83.306725, 30.632255], [-83.309287, 30.632946], [-83.309573, 30.633219], [-83.309249, 30.634406], [-83.313253, 30.634697], [-83.390144, 30.639307], [-83.477353, 30.644038], [-83.499925, 30.645674], [-83.624879, 30.65188], [-83.676587, 30.65493], [-83.697523, 30.655857], [-83.831895, 30.663077], [-83.849756, 30.663819], [-83.855385, 30.664425], [-83.877785, 30.665726], [-83.952186, 30.669168], [-84.070862, 30.675365], [-84.107699, 30.676819], [-84.131218, 30.678372], [-84.250357, 30.684133], [-84.313703, 30.686595], [-84.374894, 30.689793], [-84.420707, 30.691394], [-84.474409, 30.692793], [-84.532581, 30.696556], [-84.606386, 30.699865], [-84.644332, 30.701964], [-84.749917, 30.706491], [-84.836322, 30.710708], [-84.864693, 30.711542], [-84.868151, 30.719092], [-84.869752, 30.721897], [-84.871318, 30.723783], [-84.875421, 30.727491], [-84.881321, 30.730791], [-84.883821, 30.732591], [-84.885221, 30.734991], [-84.886621, 30.739991], [-84.887522, 30.741791], [-84.888822, 30.743391], [-84.891022, 30.745091], [-84.894522, 30.748791], [-84.896171, 30.750191], [-84.896122, 30.750591], [-84.897622, 30.751391], [-84.900222, 30.751891], [-84.903122, 30.751791], [-84.906322, 30.750591], [-84.911122, 30.751191], [-84.913522, 30.752291], [-84.914322, 30.753591], [-84.914522, 30.754691], [-84.914522, 30.758491], [-84.915022, 30.761191], [-84.920123, 30.76599], [-84.920123, 30.76649], [-84.918023, 30.77209], [-84.917432, 30.77589], [-84.918023, 30.77809], [-84.926723, 30.79019], [-84.928323, 30.79309], [-84.929023, 30.79619], [-84.928923, 30.79829], [-84.927923, 30.80279], [-84.927923, 30.80369], [-84.928323, 30.80509], [-84.929123, 30.80719], [-84.930923, 30.810489], [-84.932323, 30.812489], [-84.934024, 30.814289], [-84.936824, 30.818489], [-84.937424, 30.820889], [-84.937224, 30.825189], [-84.936424, 30.828989], [-84.935924, 30.833289], [-84.934815, 30.835851], [-84.933824, 30.836989], [-84.932138, 30.838296], [-84.927084, 30.839024], [-84.926241, 30.839958], [-84.925665, 30.842685], [-84.925723, 30.843789], [-84.926324, 30.845389], [-84.927824, 30.847889], [-84.933224, 30.851488], [-84.933724, 30.852088], [-84.936124, 30.856988], [-84.936624, 30.858988], [-84.936424, 30.859788], [-84.935224, 30.861388], [-84.933024, 30.862588], [-84.932524, 30.863188], [-84.932324, 30.864288], [-84.933124, 30.865888], [-84.936324, 30.868288], [-84.938824, 30.870788], [-84.939824, 30.872588], [-84.939624, 30.874288], [-84.936024, 30.878788], [-84.934524, 30.881288], [-84.934124, 30.882488], [-84.934424, 30.883588], [-84.935024, 30.884788], [-84.938125, 30.886788], [-84.941325, 30.887688], [-84.942525, 30.888488], [-84.946425, 30.893887], [-84.948025, 30.895387], [-84.949625, 30.897387], [-84.952325, 30.902287], [-84.956125, 30.907587], [-84.959626, 30.910587], [-84.966726, 30.917287], [-84.968426, 30.919887], [-84.969426, 30.921987], [-84.970626, 30.927587], [-84.971026, 30.928187], [-84.975226, 30.930787], [-84.978626, 30.931787], [-84.980627, 30.932687], [-84.982127, 30.933687], [-84.983127, 30.934786], [-84.983527, 30.935486], [-84.983627, 30.936986], [-84.983127, 30.939086], [-84.983027, 30.942586], [-84.982227, 30.946886], [-84.981327, 30.949986], [-84.979727, 30.953986], [-84.979527, 30.955586], [-84.979827, 30.960186], [-84.980427, 30.962086], [-84.981127, 30.963386], [-84.982527, 30.965586], [-84.984827, 30.967486], [-84.988027, 30.968786], [-84.997628, 30.971186], [-84.999328, 30.971486], [-84.999831, 30.971477], [-84.999928, 30.971186], [-85.004026, 30.973468], [-85.005105, 30.974704], [-85.005734, 30.975908], [-85.006027, 30.978478], [-85.005934, 30.979804], [-85.004635, 30.983182], [-85.00254, 30.986899], [-85.002381, 30.987836], [-85.002995, 30.99262], [-85.001846, 30.997073], [-85.0019, 31.000681], [-85.058723, 31.000559], [-85.085392, 31.00079], [-85.145835, 31.000695], [-85.164472, 31.000968], [-85.243632, 31.000884], [-85.272482, 31.000184], [-85.501303, 30.996873], [-85.568112, 30.996244], [-85.749619, 30.995292], [-85.749932, 30.994837], [-85.874931, 30.993618], [-85.998611, 30.99287], [-85.999937, 30.993134], [-86.054275, 30.993401], [-86.061376, 30.992859], [-86.12154, 30.992884], [-86.130653, 30.993386], [-86.132722, 30.993315], [-86.136896, 30.959729], [-86.137382, 30.931229], [-86.137373, 30.927896], [-86.137068, 30.925322], [-86.136524, 30.922593], [-86.123579, 30.877217], [-86.12171, 30.873362], [-86.116614, 30.865901], [-86.115726, 30.863717], [-86.115455, 30.861913], [-86.115579, 30.854554], [-86.116022, 30.851678], [-86.123432, 30.814501], [-86.123726, 30.811621], [-86.123695, 30.807927], [-86.121745, 30.793228], [-86.12102, 30.790187], [-86.119995, 30.787438], [-86.138816, 30.790263], [-86.142984, 30.790365], [-86.14329, 30.775463], [-86.143652, 30.775145], [-86.145856, 30.774749], [-86.147278, 30.773852], [-86.147887, 30.773004], [-86.148898, 30.769514], [-86.149589, 30.768737], [-86.153454, 30.767529], [-86.15394, 30.767812], [-86.154935, 30.767529], [-86.152985, 30.762443], [-86.151078, 30.762711], [-86.149433, 30.763368], [-86.148619, 30.763375], [-86.147186, 30.762501], [-86.145755, 30.762314], [-86.144826, 30.761374], [-86.143408, 30.760618], [-86.143083, 30.759855], [-86.143145, 30.758043], [-86.144834, 30.756614], [-86.134807, 30.756325], [-86.134823, 30.755522], [-86.132584, 30.755041], [-86.13412, 30.753941], [-86.134942, 30.75258], [-86.135076, 30.7461], [-86.139395, 30.746176], [-86.139345, 30.749689], [-86.148157, 30.749754], [-86.147784, 30.746261], [-86.151506, 30.746294], [-86.151615, 30.74497], [-86.151656, 30.74326], [-86.149787, 30.743222], [-86.149831, 30.742268], [-86.150425, 30.74179], [-86.150287, 30.741433], [-86.148109, 30.741425], [-86.148639, 30.73409], [-86.149944, 30.734328], [-86.149862, 30.736258], [-86.152476, 30.736747], [-86.152933, 30.734823], [-86.157461, 30.73562], [-86.157451, 30.733835], [-86.16502, 30.733893], [-86.165096, 30.731748], [-86.167338, 30.731766], [-86.16734, 30.731426], [-86.165091, 30.731417], [-86.165123, 30.730331], [-86.160593, 30.730282], [-86.160607, 30.728496], [-86.156437, 30.728432], [-86.156392, 30.721213], [-86.152239, 30.721112], [-86.152168, 30.710063], [-86.148609, 30.709969], [-86.148581, 30.706227], [-86.150625, 30.706258], [-86.150669, 30.705013], [-86.152158, 30.705025], [-86.15218, 30.704239], [-86.154347, 30.703623], [-86.155725, 30.701044], [-86.149136, 30.696253], [-86.145404, 30.694585], [-86.140889, 30.69366], [-86.131084, 30.692924], [-86.131124, 30.676863], [-86.124322, 30.676687], [-86.123993, 30.675766], [-86.123111, 30.67591], [-86.123108, 30.676665], [-86.122478, 30.676654], [-86.122506, 30.673123], [-86.123137, 30.673115], [-86.123904, 30.673499], [-86.124283, 30.67292], [-86.123977, 30.672528], [-86.122513, 30.672458], [-86.122531, 30.670742], [-86.123623, 30.670788], [-86.123671, 30.671653], [-86.124318, 30.671853], [-86.124512, 30.671673], [-86.124319, 30.67131], [-86.124518, 30.670555], [-86.123669, 30.669714], [-86.122863, 30.669697], [-86.122718, 30.666379], [-86.121913, 30.663325], [-86.120557, 30.660788], [-86.115127, 30.65268], [-86.114338, 30.650899], [-86.113993, 30.649415], [-86.114059, 30.64632], [-86.117427, 30.623312], [-86.117361, 30.620132], [-86.110453, 30.597343], [-86.10721, 30.563494], [-86.107295, 30.560067], [-86.088083, 30.559748], [-86.087999, 30.54523], [-86.088317, 30.530357], [-86.10709, 30.530535], [-86.107097, 30.530954], [-86.107416, 30.530949], [-86.107412, 30.530543], [-86.107978, 30.530551], [-86.1082, 30.525579], [-86.1091, 30.519732], [-86.109873, 30.517487], [-86.11213, 30.512504], [-86.107766, 30.512461], [-86.108203, 30.486537], [-86.122827, 30.486643], [-86.122937, 30.486362], [-86.119975, 30.486386], [-86.119973, 30.484554], [-86.122603, 30.484652], [-86.122312, 30.483726], [-86.123165, 30.483432], [-86.1236, 30.482213], [-86.121875, 30.482242], [-86.121646, 30.48045], [-86.12257, 30.480439], [-86.122469, 30.479596], [-86.121614, 30.479589], [-86.1216, 30.479342], [-86.11681, 30.479308], [-86.116846, 30.475679], [-86.118324, 30.475689], [-86.118327, 30.472094], [-86.121052, 30.472094], [-86.121048, 30.472998], [-86.123153, 30.473002], [-86.123144, 30.473375], [-86.123446, 30.473261], [-86.125261, 30.470408], [-86.125275, 30.46655], [-86.126607, 30.466546], [-86.126604, 30.467705], [-86.127272, 30.467704], [-86.127271, 30.467993], [-86.128605, 30.467989], [-86.128604, 30.468294], [-86.130121, 30.467026], [-86.130689, 30.467049], [-86.130865, 30.466308], [-86.129384, 30.466326], [-86.129393, 30.464763], [-86.131097, 30.46475], [-86.131518, 30.451909], [-86.131841, 30.450228], [-86.132668, 30.448526], [-86.133743, 30.447218], [-86.135708, 30.445808], [-86.144737, 30.441776], [-86.14702, 30.440504], [-86.149824, 30.438245], [-86.15192, 30.435687], [-86.163275, 30.411963], [-86.178538, 30.379099], [-86.179823, 30.375105], [-86.180508, 30.370947], [-86.180561, 30.370127]]]}}, {"type": "Feature", "properties": {"district": "10", "chamber": "congressional", "name": "Florida Congressional District 10"}, "geometry": {"type": "Polygon", "coordinates": [[[-81.508703, 28.519064], [-81.508599, 28.506642], [-81.507692, 28.501671], [-81.508654, 28.496083], [-81.508555, 28.480966], [-81.508237, 28.475815], [-81.507439, 28.472351], [-81.505612, 28.468874], [-81.5007, 28.462916], [-81.499794, 28.460782], [-81.480876, 28.460863], [-81.479406, 28.461227], [-81.477315, 28.462255], [-81.477178, 28.457283], [-81.476977, 28.456974], [-81.476604, 28.457116], [-81.476224, 28.456875], [-81.477123, 28.456131], [-81.477572, 28.455313], [-81.477616, 28.451687], [-81.477858, 28.45], [-81.474211, 28.450063], [-81.474041, 28.416078], [-81.473733, 28.417966], [-81.47266, 28.41945], [-81.470649, 28.420418], [-81.46751, 28.420844], [-81.467629, 28.421057], [-81.426439, 28.421297], [-81.424395, 28.421568], [-81.421639, 28.422644], [-81.420392, 28.423519], [-81.419378, 28.424541], [-81.416754, 28.428291], [-81.4138, 28.430986], [-81.411671, 28.432247], [-81.409017, 28.433384], [-81.404754, 28.434483], [-81.40378, 28.440181], [-81.397208, 28.463349], [-81.39665, 28.467777], [-81.397036, 28.510066], [-81.394254, 28.51168], [-81.389985, 28.514654], [-81.38583, 28.514607], [-81.385017, 28.514172], [-81.384215, 28.513077], [-81.383093, 28.512857], [-81.343554, 28.513223], [-81.343353, 28.513435], [-81.343362, 28.514694], [-81.341526, 28.51474], [-81.340822, 28.514358], [-81.340139, 28.513243], [-81.328932, 28.513326], [-81.327493, 28.51389], [-81.325439, 28.51628], [-81.324131, 28.516475], [-81.32192, 28.516245], [-81.320441, 28.51516], [-81.319439, 28.514792], [-81.311496, 28.514594], [-81.311445, 28.517095], [-81.308988, 28.517129], [-81.308945, 28.517679], [-81.308172, 28.517704], [-81.308172, 28.51714], [-81.306217, 28.517166], [-81.306219, 28.518089], [-81.302084, 28.518149], [-81.302096, 28.519651], [-81.303607, 28.520141], [-81.303239, 28.520809], [-81.290676, 28.51612], [-81.280962, 28.510476], [-81.279847, 28.510047], [-81.247764, 28.510087], [-81.244309, 28.502617], [-81.243492, 28.500112], [-81.242862, 28.491661], [-81.239425, 28.477968], [-81.239738, 28.478006], [-81.239563, 28.477371], [-81.239275, 28.477358], [-81.237238, 28.470091], [-81.231137, 28.458284], [-81.230442, 28.455433], [-81.230282, 28.451499], [-81.168264, 28.451844], [-81.111255, 28.451518], [-81.061289, 28.452136], [-81.061825, 28.496146], [-81.063129, 28.496157], [-81.063078, 28.501419], [-81.062571, 28.50298], [-81.062736, 28.511912], [-81.063638, 28.512986], [-81.064511, 28.512382], [-81.066902, 28.515021], [-81.067048, 28.515655], [-81.068354, 28.51565], [-81.068362, 28.517535], [-81.071015, 28.51752], [-81.071019, 28.518012], [-81.065883, 28.518022], [-81.080382, 28.536355], [-81.083807, 28.539761], [-81.090491, 28.545427], [-81.095276, 28.548716], [-81.094774, 28.549099], [-81.091115, 28.564361], [-81.090174, 28.564916], [-81.089432, 28.566166], [-81.088797, 28.567877], [-81.088486, 28.570232], [-81.087944, 28.571019], [-81.087776, 28.571988], [-81.086778, 28.571658], [-81.085669, 28.573177], [-81.085327, 28.574079], [-81.085476, 28.574828], [-81.086399, 28.575966], [-81.086306, 28.576709], [-81.085645, 28.577166], [-81.084773, 28.577337], [-81.083432, 28.577112], [-81.082659, 28.576451], [-81.080995, 28.576325], [-81.078691, 28.579978], [-81.077366, 28.581033], [-81.077019, 28.581982], [-81.077075, 28.583589], [-81.077443, 28.584612], [-81.076951, 28.58612], [-81.077032, 28.588305], [-81.077699, 28.589543], [-81.077749, 28.59055], [-81.076989, 28.593108], [-81.075842, 28.594077], [-81.074957, 28.595568], [-81.075001, 28.596729], [-81.07588, 28.59778], [-81.074627, 28.59942], [-81.074085, 28.601313], [-81.074185, 28.602485], [-81.073611, 28.603679], [-81.073592, 28.604279], [-81.074478, 28.60566], [-81.074304, 28.606865], [-81.07335, 28.607377], [-81.070943, 28.607597], [-81.069309, 28.608164], [-81.068848, 28.608852], [-81.068717, 28.610205], [-81.067819, 28.61162], [-81.067743, 28.612677], [-81.09808, 28.612731], [-81.16624, 28.61206], [-81.226185, 28.611817], [-81.327888, 28.610501], [-81.327993, 28.624077], [-81.32848, 28.639628], [-81.361633, 28.639326], [-81.361655, 28.64041], [-81.361869, 28.640411], [-81.410878, 28.640015], [-81.457962, 28.640197], [-81.458127, 28.63799], [-81.459388, 28.633576], [-81.463328, 28.634066], [-81.480022, 28.634083], [-81.480422, 28.631922], [-81.485352, 28.633307], [-81.487346, 28.633296], [-81.489155, 28.632507], [-81.492166, 28.629645], [-81.49289, 28.627982], [-81.492922, 28.625651], [-81.498104, 28.625652], [-81.499361, 28.618271], [-81.499412, 28.61687], [-81.498173, 28.611856], [-81.496908, 28.610061], [-81.496822, 28.6073], [-81.496277, 28.606146], [-81.496844, 28.604729], [-81.496747, 28.587134], [-81.496108, 28.58573], [-81.493464, 28.584393], [-81.492976, 28.583917], [-81.491326, 28.579316], [-81.491022, 28.57761], [-81.49094, 28.570117], [-81.492056, 28.565327], [-81.492075, 28.561419], [-81.491434, 28.559275], [-81.48972, 28.55599], [-81.489671, 28.55204], [-81.504913, 28.551963], [-81.50478, 28.542263], [-81.503284, 28.542176], [-81.500009, 28.541065], [-81.498036, 28.541005], [-81.498295, 28.536733], [-81.498102, 28.536642], [-81.499669, 28.534422], [-81.502808, 28.531937], [-81.503674, 28.530872], [-81.504173, 28.52979], [-81.505972, 28.523552], [-81.506623, 28.522397], [-81.508394, 28.520294], [-81.508699, 28.519476], [-81.508703, 28.519064]]]}}, {"type": "Feature", "properties": {"district": "7", "chamber": "congressional", "name": "Florida Congressional District 7"}, "geometry": {"type": "Polygon", "coordinates": [[[-81.459727, 28.642611], [-81.459728, 28.640196], [-81.410878, 28.640015], [-81.361869, 28.640411], [-81.361655, 28.64041], [-81.361633, 28.639326], [-81.32848, 28.639628], [-81.327993, 28.624077], [-81.327888, 28.610501], [-81.261851, 28.6115], [-81.194002, 28.611899], [-81.194017, 28.612068], [-81.192027, 28.612081], [-81.16624, 28.61206], [-81.09808, 28.612731], [-81.067883, 28.612675], [-81.041283, 28.612975], [-81.004782, 28.612875], [-80.995375, 28.613172], [-80.992226, 28.612975], [-80.980426, 28.613077], [-80.974224, 28.612671], [-80.970126, 28.612662], [-80.964466, 28.612992], [-80.964688, 28.61339], [-80.964747, 28.62444], [-80.964945, 28.6252], [-80.965356, 28.671926], [-80.966336, 28.726652], [-80.967895, 28.790197], [-80.882657, 28.791203], [-80.811534, 28.791216], [-80.807641, 28.791396], [-80.796581, 28.791115], [-80.732964, 28.791245], [-80.663461, 28.790588], [-80.721834, 28.875], [-80.749772, 28.917092], [-80.763625, 28.937297], [-80.845442, 29.06272], [-80.874815, 29.105968], [-80.906836, 29.144706], [-80.921019, 29.17125], [-80.94017, 29.211726], [-80.946448, 29.227218], [-80.987744, 29.209891], [-80.996307, 29.20561], [-80.998157, 29.205544], [-80.998294, 29.204948], [-80.996961, 29.202343], [-80.997524, 29.202592], [-80.997283, 29.201969], [-80.996568, 29.20204], [-80.996232, 29.20116], [-80.996708, 29.200993], [-80.996619, 29.200817], [-80.996176, 29.200977], [-80.995989, 29.200599], [-80.996432, 29.200443], [-80.996355, 29.20029], [-80.995887, 29.200459], [-80.995507, 29.199855], [-80.995997, 29.199592], [-80.995604, 29.198808], [-80.996269, 29.198561], [-80.994179, 29.195003], [-80.992993, 29.194736], [-80.992908, 29.19453], [-80.99361, 29.194524], [-80.993483, 29.193994], [-80.992527, 29.193998], [-80.992292, 29.192402], [-80.991823, 29.192416], [-80.991802, 29.191869], [-80.991333, 29.191878], [-80.990977, 29.190392], [-80.990749, 29.190395], [-80.989905, 29.188687], [-80.989937, 29.187921], [-80.989418, 29.187384], [-80.987627, 29.183805], [-80.988515, 29.183805], [-80.988335, 29.183469], [-80.98878, 29.183316], [-80.988688, 29.183131], [-80.988219, 29.183297], [-80.988133, 29.183112], [-80.988493, 29.182982], [-80.988329, 29.182728], [-80.988599, 29.182734], [-80.988888, 29.183263], [-80.98918, 29.183161], [-80.988904, 29.182616], [-80.98966, 29.182619], [-80.989215, 29.181686], [-80.991752, 29.181566], [-80.99141, 29.181546], [-80.989927, 29.179881], [-80.984881, 29.179873], [-80.983051, 29.176213], [-80.983755, 29.175917], [-80.9836, 29.175612], [-80.983812, 29.175526], [-80.984295, 29.175336], [-80.984461, 29.175639], [-80.990806, 29.173146], [-80.979155, 29.154927], [-80.993581, 29.149398], [-80.993607, 29.150477], [-81.003606, 29.150523], [-81.002982, 29.149404], [-81.004831, 29.148477], [-81.007517, 29.153219], [-81.009405, 29.152463], [-81.010335, 29.154227], [-81.012169, 29.153459], [-81.010763, 29.150846], [-81.012178, 29.150284], [-81.011794, 29.14958], [-81.012295, 29.149365], [-81.011417, 29.147751], [-81.013307, 29.146986], [-81.014206, 29.148617], [-81.016206, 29.147819], [-81.018542, 29.151917], [-81.020199, 29.151177], [-81.021462, 29.15365], [-81.023958, 29.15262], [-81.0269, 29.157811], [-81.026896, 29.155732], [-81.031022, 29.155726], [-81.031005, 29.153103], [-81.032293, 29.153101], [-81.032291, 29.152765], [-81.033756, 29.152762], [-81.03376, 29.15308], [-81.035935, 29.152871], [-81.036681, 29.154219], [-81.035496, 29.154241], [-81.035496, 29.154888], [-81.044913, 29.154906], [-81.044994, 29.141713], [-81.053183, 29.14166], [-81.054693, 29.141196], [-81.056677, 29.139849], [-81.049042, 29.133555], [-81.047945, 29.132329], [-81.04708, 29.130738], [-81.046639, 29.129152], [-81.046585, 29.127488], [-81.04839, 29.120106], [-81.051117, 29.118713], [-81.052805, 29.117466], [-81.056487, 29.120891], [-81.060842, 29.117592], [-81.062297, 29.120015], [-81.065539, 29.122634], [-81.065985, 29.123655], [-81.066063, 29.124771], [-81.072483, 29.124762], [-81.071143, 29.120819], [-81.06985, 29.109472], [-81.068974, 29.106221], [-81.068829, 29.10443], [-81.085306, 29.104126], [-81.085338, 29.105923], [-81.087694, 29.105862], [-81.088686, 29.104216], [-81.087526, 29.102647], [-81.085182, 29.081597], [-81.083952, 29.03793], [-81.084384, 29.019914], [-81.084087, 29.017881], [-81.084004, 29.012065], [-81.118514, 29.023686], [-81.12473, 29.024908], [-81.124446, 29.025366], [-81.12709, 29.025076], [-81.147514, 29.026292], [-81.150147, 29.026791], [-81.155994, 29.028766], [-81.167415, 29.030124], [-81.179254, 29.029934], [-81.181674, 29.029313], [-81.186474, 29.027312], [-81.195193, 29.025626], [-81.199696, 29.02389], [-81.204279, 29.021445], [-81.210239, 29.01984], [-81.219284, 29.019017], [-81.229013, 29.017633], [-81.231568, 29.01763], [-81.238528, 29.010234], [-81.240163, 29.008147], [-81.24155, 29.005463], [-81.24353, 28.999346], [-81.248855, 28.999403], [-81.248643, 28.987254], [-81.249303, 28.987694], [-81.251456, 28.988061], [-81.251455, 28.988387], [-81.25276, 28.988387], [-81.253531, 28.987576], [-81.252793, 28.98654], [-81.252319, 28.986541], [-81.252317, 28.984826], [-81.248637, 28.984631], [-81.248594, 28.983443], [-81.256185, 28.959623], [-81.256475, 28.959556], [-81.257758, 28.955547], [-81.264597, 28.959827], [-81.265849, 28.960345], [-81.280038, 28.96929], [-81.280217, 28.968936], [-81.280216, 28.964695], [-81.282162, 28.964731], [-81.282343, 28.965443], [-81.282297, 28.969827], [-81.291637, 28.969774], [-81.291721, 28.973187], [-81.296938, 28.973443], [-81.298891, 28.974077], [-81.299241, 28.978931], [-81.299528, 28.979063], [-81.299605, 28.98211], [-81.300518, 28.982107], [-81.300534, 28.98287], [-81.302346, 28.982844], [-81.302332, 28.984356], [-81.313731, 28.984156], [-81.313605, 28.978637], [-81.314848, 28.978802], [-81.315121, 28.978579], [-81.315072, 28.978015], [-81.315512, 28.977551], [-81.315584, 28.974919], [-81.321845, 28.974768], [-81.321771, 28.972478], [-81.326963, 28.972256], [-81.326999, 28.974768], [-81.332188, 28.97475], [-81.332271, 28.939991], [-81.332885, 28.934524], [-81.332932, 28.919551], [-81.337476, 28.919311], [-81.34447, 28.919499], [-81.344575, 28.923142], [-81.352767, 28.923117], [-81.352683, 28.922505], [-81.352215, 28.922271], [-81.351931, 28.921433], [-81.351998, 28.920651], [-81.35337, 28.920986], [-81.354123, 28.920905], [-81.357579, 28.916842], [-81.359543, 28.913961], [-81.359211, 28.912858], [-81.357035, 28.911514], [-81.356689, 28.911053], [-81.356667, 28.910538], [-81.356966, 28.909989], [-81.359029, 28.908673], [-81.359637, 28.907957], [-81.360171, 28.90665], [-81.360075, 28.906138], [-81.359643, 28.905642], [-81.357531, 28.903722], [-81.357419, 28.902794], [-81.357819, 28.90041], [-81.357563, 28.899642], [-81.356507, 28.898826], [-81.354059, 28.898458], [-81.352643, 28.897103], [-81.352788, 28.896685], [-81.353391, 28.896473], [-81.355183, 28.897261], [-81.355755, 28.896602], [-81.354758, 28.895091], [-81.354615, 28.894117], [-81.354835, 28.892607], [-81.356612, 28.887575], [-81.357168, 28.887149], [-81.357991, 28.886938], [-81.358912, 28.887272], [-81.362607, 28.89036], [-81.363591, 28.890542], [-81.364535, 28.890262], [-81.365143, 28.889647], [-81.366124, 28.887755], [-81.365964, 28.884747], [-81.365372, 28.882859], [-81.363052, 28.879707], [-81.363048, 28.879188], [-81.364169, 28.879096], [-81.364972, 28.879883], [-81.36542, 28.880027], [-81.36654, 28.879851], [-81.36694, 28.879227], [-81.367052, 28.878315], [-81.366158, 28.874744], [-81.366296, 28.873602], [-81.366705, 28.87325], [-81.368608, 28.872921], [-81.369127, 28.872513], [-81.369788, 28.871266], [-81.369692, 28.870536], [-81.369936, 28.870295], [-81.371217, 28.87036], [-81.371553, 28.870147], [-81.372009, 28.869039], [-81.372622, 28.868908], [-81.372919, 28.869104], [-81.372926, 28.869822], [-81.373491, 28.87025], [-81.374115, 28.869764], [-81.374116, 28.869151], [-81.374422, 28.868683], [-81.375186, 28.868197], [-81.37526, 28.867539], [-81.374909, 28.866682], [-81.375684, 28.866477], [-81.376006, 28.865901], [-81.374929, 28.862385], [-81.37536, 28.862063], [-81.375966, 28.862143], [-81.376816, 28.861296], [-81.377098, 28.859937], [-81.378311, 28.859844], [-81.378924, 28.858782], [-81.379806, 28.858337], [-81.379744, 28.857275], [-81.380007, 28.856477], [-81.381083, 28.85464], [-81.382008, 28.85392], [-81.382927, 28.85261], [-81.382965, 28.851994], [-81.383953, 28.85112], [-81.385322, 28.850476], [-81.385522, 28.849943], [-81.386379, 28.849872], [-81.386873, 28.849211], [-81.387141, 28.849833], [-81.387672, 28.849949], [-81.388068, 28.849898], [-81.388626, 28.849338], [-81.390122, 28.849013], [-81.390223, 28.848562], [-81.389931, 28.848342], [-81.391342, 28.847482], [-81.392117, 28.845775], [-81.392595, 28.845798], [-81.392749, 28.845087], [-81.393316, 28.84466], [-81.393386, 28.843755], [-81.394129, 28.842604], [-81.39466, 28.842106], [-81.395556, 28.841786], [-81.396195, 28.842295], [-81.396794, 28.841711], [-81.398397, 28.841887], [-81.39887, 28.84109], [-81.398521, 28.840971], [-81.398393, 28.840668], [-81.398574, 28.840484], [-81.400525, 28.838705], [-81.403047, 28.837176], [-81.403322, 28.835611], [-81.403862, 28.83483], [-81.404819, 28.835056], [-81.407288, 28.834769], [-81.408279, 28.834056], [-81.409232, 28.833191], [-81.409261, 28.832302], [-81.412004, 28.830577], [-81.414377, 28.8275], [-81.41575, 28.826372], [-81.416846, 28.824569], [-81.417562, 28.822727], [-81.419174, 28.818411], [-81.419651, 28.815513], [-81.41885, 28.810574], [-81.418031, 28.80816], [-81.418187, 28.806474], [-81.416923, 28.80409], [-81.415708, 28.802576], [-81.415184, 28.79964], [-81.415108, 28.797143], [-81.414131, 28.794467], [-81.413638, 28.791839], [-81.414009, 28.789783], [-81.41522, 28.787518], [-81.415352, 28.786487], [-81.415709, 28.786138], [-81.415529, 28.78589], [-81.414821, 28.785839], [-81.414412, 28.785102], [-81.415167, 28.784407], [-81.415577, 28.782483], [-81.415461, 28.780735], [-81.415134, 28.780259], [-81.415345, 28.778581], [-81.414948, 28.778022], [-81.414685, 28.776804], [-81.41492, 28.776169], [-81.414887, 28.774656], [-81.415835, 28.773384], [-81.415629, 28.772404], [-81.41637, 28.769519], [-81.41615, 28.767502], [-81.415639, 28.766502], [-81.415834, 28.764468], [-81.415209, 28.763522], [-81.415539, 28.762311], [-81.415671, 28.759748], [-81.416328, 28.75841], [-81.416587, 28.756598], [-81.416463, 28.755448], [-81.417676, 28.754704], [-81.418474, 28.754632], [-81.421542, 28.744546], [-81.421654, 28.740949], [-81.42116, 28.740535], [-81.421884, 28.739739], [-81.422163, 28.738219], [-81.42277, 28.736915], [-81.423761, 28.73534], [-81.425043, 28.735241], [-81.426876, 28.733747], [-81.43123, 28.728587], [-81.431505, 28.728135], [-81.431638, 28.727046], [-81.43248, 28.726496], [-81.432574, 28.726032], [-81.436227, 28.721795], [-81.438198, 28.720577], [-81.439435, 28.719086], [-81.439659, 28.718116], [-81.440996, 28.715857], [-81.440671, 28.715818], [-81.441779, 28.71489], [-81.443274, 28.714531], [-81.444274, 28.713894], [-81.445611, 28.713618], [-81.446481, 28.71373], [-81.447623, 28.715227], [-81.448597, 28.715328], [-81.450663, 28.71433], [-81.457952, 28.714317], [-81.459357, 28.71364], [-81.459524, 28.713264], [-81.459718, 28.643656], [-81.459727, 28.642611]]]}}, {"type": "Feature", "properties": {"district": "22", "chamber": "congressional", "name": "Florida Congressional District 22"}, "geometry": {"type": "Polygon", "coordinates": [[[-80.363774, 26.684564], [-80.363467, 26.679898], [-80.347793, 26.64927], [-80.347406, 26.64927], [-80.332665, 26.63457], [-80.278863, 26.602823], [-80.249769, 26.566875], [-80.249769, 26.565516], [-80.24794, 26.563288], [-80.242813, 26.556072], [-80.233342, 26.542522], [-80.232685, 26.541163], [-80.23072, 26.536127], [-80.23119, 26.536125], [-80.222344, 26.512698], [-80.222036, 26.483228], [-80.221046, 26.483218], [-80.220765, 26.468311], [-80.222354, 26.46368], [-80.230066, 26.431189], [-80.235661, 26.408936], [-80.23583, 26.385289], [-80.236906, 26.383682], [-80.218716, 26.383637], [-80.217179, 26.383308], [-80.214918, 26.382289], [-80.213859, 26.382088], [-80.211, 26.382681], [-80.207036, 26.382231], [-80.203573, 26.382699], [-80.203724, 26.394203], [-80.200366, 26.393954], [-80.171267, 26.393882], [-80.171274, 26.394287], [-80.17103, 26.39429], [-80.171274, 26.409311], [-80.146314, 26.409452], [-80.146415, 26.416818], [-80.140049, 26.416833], [-80.137066, 26.417153], [-80.129766, 26.417053], [-80.129666, 26.40954], [-80.102483, 26.409726], [-80.102417, 26.411417], [-80.101721, 26.413104], [-80.099353, 26.41535], [-80.09941, 26.424552], [-80.079318, 26.424541], [-80.07868, 26.424248], [-80.077139, 26.422831], [-80.073271, 26.422071], [-80.071376, 26.420738], [-80.065546, 26.42055], [-80.064774, 26.425197], [-80.064697, 26.43212], [-80.061447, 26.432139], [-80.062286, 26.426393], [-80.006888, 26.426457], [-80.006149, 26.432809], [-79.999762, 26.471142], [-79.997998, 26.477478], [-79.99693, 26.483708], [-79.996518, 26.492951], [-79.9942, 26.500349], [-79.991269, 26.523026], [-79.988543, 26.527264], [-79.98631, 26.537035], [-79.985261, 26.544712], [-79.985513, 26.549384], [-79.985875, 26.550887], [-79.98511, 26.553786], [-79.984119, 26.560926], [-79.982476, 26.569247], [-79.98209, 26.57961], [-79.980648, 26.595447], [-79.980676, 26.604844], [-79.981297, 26.625345], [-79.981303, 26.650273], [-79.980879, 26.66363], [-79.979736, 26.677464], [-79.978373, 26.682929], [-79.97654, 26.687479], [-79.974895, 26.697503], [-79.974728, 26.702598], [-79.974734, 26.708231], [-79.976951, 26.713446], [-79.977582, 26.716078], [-79.979153, 26.726709], [-79.978677, 26.732768], [-79.97965, 26.750341], [-79.977129, 26.756295], [-79.975557, 26.764989], [-79.975009, 26.772932], [-80.027909, 26.772939], [-80.035849, 26.773113], [-80.040549, 26.771939], [-80.04875, 26.769241], [-80.049576, 26.769261], [-80.048866, 26.759421], [-80.050835, 26.759476], [-80.050908, 26.757903], [-80.052461, 26.757921], [-80.052834, 26.750552], [-80.052451, 26.748625], [-80.052823, 26.736241], [-80.054829, 26.736292], [-80.054848, 26.735641], [-80.052842, 26.735589], [-80.053243, 26.723479], [-80.055389, 26.723533], [-80.055357, 26.724492], [-80.056539, 26.72452], [-80.055779, 26.719842], [-80.056889, 26.719868], [-80.057003, 26.714469], [-80.063749, 26.714637], [-80.065797, 26.713884], [-80.064808, 26.712348], [-80.06432, 26.710851], [-80.064257, 26.709292], [-80.064614, 26.707747], [-80.067664, 26.703019], [-80.071231, 26.699446], [-80.067113, 26.692459], [-80.066633, 26.690805], [-80.066932, 26.688366], [-80.068681, 26.685036], [-80.069316, 26.683071], [-80.069561, 26.676334], [-80.077546, 26.676633], [-80.083263, 26.677218], [-80.086118, 26.677113], [-80.100335, 26.677642], [-80.103806, 26.677522], [-80.110776, 26.678161], [-80.120295, 26.678423], [-80.127605, 26.67833], [-80.143929, 26.6789], [-80.149321, 26.678638], [-80.157532, 26.678897], [-80.157535, 26.679167], [-80.18728, 26.680119], [-80.19296, 26.680282], [-80.192959, 26.680007], [-80.194557, 26.680061], [-80.194555, 26.680328], [-80.19581, 26.680313], [-80.195815, 26.680091], [-80.20206, 26.680241], [-80.202218, 26.674846], [-80.201872, 26.674846], [-80.202007, 26.671313], [-80.197421, 26.671379], [-80.197381, 26.669293], [-80.200517, 26.669261], [-80.200474, 26.666554], [-80.202311, 26.666537], [-80.202351, 26.665503], [-80.210609, 26.665822], [-80.21054, 26.667385], [-80.218761, 26.667716], [-80.218224, 26.680386], [-80.219563, 26.680442], [-80.219549, 26.680809], [-80.250606, 26.681721], [-80.250597, 26.681909], [-80.25452, 26.682032], [-80.254534, 26.681846], [-80.298234, 26.683137], [-80.298243, 26.682879], [-80.298462, 26.682879], [-80.314057, 26.683179], [-80.349496, 26.684353], [-80.363597, 26.684561], [-80.363774, 26.684564]]]}}, {"type": "Feature", "properties": {"district": "21", "chamber": "congressional", "name": "Florida Congressional District 21"}, "geometry": {"type": "Polygon", "coordinates": [[[-80.885639, 26.958919], [-80.749781, 26.959033], [-80.62966, 26.957776], [-80.580237, 26.957934], [-80.580109, 26.92888], [-80.56399, 26.92879], [-80.563248, 26.928239], [-80.530484, 26.898538], [-80.499406, 26.871179], [-80.466212, 26.841514], [-80.431242, 26.81198], [-80.411592, 26.794732], [-80.406687, 26.790099], [-80.394809, 26.77808], [-80.389038, 26.771129], [-80.386334, 26.768632], [-80.386307, 26.76816], [-80.376319, 26.75662], [-80.370542, 26.75034], [-80.362663, 26.741051], [-80.36291, 26.720229], [-80.363251, 26.710378], [-80.330774, 26.70962], [-80.329639, 26.708576], [-80.322349, 26.708435], [-80.322355, 26.708141], [-80.314159, 26.707832], [-80.31417, 26.707465], [-80.309073, 26.707081], [-80.309025, 26.708815], [-80.311207, 26.708885], [-80.311067, 26.713141], [-80.30889, 26.713082], [-80.308764, 26.715842], [-80.310977, 26.715897], [-80.310517, 26.729921], [-80.308308, 26.72985], [-80.308026, 26.737705], [-80.300593, 26.737464], [-80.300385, 26.74493], [-80.300352, 26.745119], [-80.30001, 26.745128], [-80.29578, 26.745028], [-80.295815, 26.743511], [-80.263774, 26.742702], [-80.264204, 26.735438], [-80.246075, 26.735728], [-80.231937, 26.736402], [-80.215807, 26.735675], [-80.216156, 26.724537], [-80.215224, 26.723763], [-80.201755, 26.717708], [-80.201039, 26.717189], [-80.200609, 26.716342], [-80.200919, 26.709282], [-80.157846, 26.70821], [-80.128564, 26.7072], [-80.100396, 26.706734], [-80.096045, 26.71166], [-80.100634, 26.715009], [-80.101543, 26.716134], [-80.102084, 26.717401], [-80.102245, 26.718739], [-80.101872, 26.725518], [-80.102276, 26.725628], [-80.102109, 26.730215], [-80.101831, 26.73043], [-80.102579, 26.731027], [-80.102457, 26.734963], [-80.102141, 26.734979], [-80.102107, 26.735906], [-80.109791, 26.735983], [-80.10994, 26.732428], [-80.112396, 26.732483], [-80.114099, 26.731833], [-80.115493, 26.731889], [-80.116997, 26.732523], [-80.118385, 26.732594], [-80.117717, 26.750547], [-80.118369, 26.751082], [-80.134266, 26.751734], [-80.133491, 26.766181], [-80.131903, 26.78843], [-80.131647, 26.795678], [-80.127375, 26.793087], [-80.095992, 26.771847], [-80.093824, 26.770647], [-80.09182, 26.77018], [-80.092001, 26.774262], [-80.091668, 26.782936], [-80.091435, 26.782924], [-80.091662, 26.783069], [-80.091274, 26.793575], [-80.091647, 26.793754], [-80.090646, 26.793809], [-80.090613, 26.794717], [-80.085355, 26.807694], [-80.085338, 26.808163], [-80.085118, 26.808157], [-80.085157, 26.806988], [-80.084544, 26.806969], [-80.084572, 26.806144], [-80.082029, 26.806065], [-80.081954, 26.808267], [-80.078547, 26.808163], [-80.078826, 26.809132], [-80.077902, 26.809103], [-80.077894, 26.808144], [-80.064899, 26.807676], [-80.061698, 26.807339], [-80.057571, 26.807323], [-80.057635, 26.803877], [-80.054301, 26.803596], [-80.054141, 26.803913], [-80.053305, 26.803689], [-80.04344, 26.804459], [-80.046542, 26.799215], [-80.047481, 26.795114], [-80.046676, 26.783085], [-80.044597, 26.783131], [-80.044462, 26.780751], [-80.049263, 26.77364], [-80.049876, 26.770345], [-80.049385, 26.769256], [-80.04875, 26.769241], [-80.040549, 26.771939], [-80.035849, 26.773113], [-80.027909, 26.772939], [-79.975009, 26.772932], [-79.97488, 26.77481], [-79.975468, 26.779212], [-79.975463, 26.781681], [-79.974306, 26.792415], [-79.975425, 26.80025], [-79.983618, 26.828966], [-79.985099, 26.835835], [-79.990799, 26.856552], [-79.990851, 26.860631], [-79.993913, 26.875337], [-79.996463, 26.88181], [-79.998951, 26.889634], [-80.022754, 26.970392], [-80.030208, 27.000334], [-80.033267, 27.008634], [-80.039102, 27.029853], [-80.053385, 27.064465], [-80.063385, 27.091603], [-80.072585, 27.108306], [-80.080955, 27.125329], [-80.090484, 27.15556], [-80.094089, 27.163736], [-80.095411, 27.18064], [-80.100756, 27.192165], [-80.108218, 27.202061], [-80.110695, 27.211558], [-80.116442, 27.220793], [-80.127097, 27.239374], [-80.169464, 27.330587], [-80.189004, 27.375319], [-80.213346, 27.424719], [-80.222395, 27.446957], [-80.227962, 27.463004], [-80.227965, 27.472913], [-80.229299, 27.485629], [-80.23313, 27.494721], [-80.237119, 27.500314], [-80.23725, 27.501397], [-80.240002, 27.504892], [-80.243016, 27.507985], [-80.245793, 27.510174], [-80.245862, 27.513355], [-80.24977, 27.518985], [-80.24977, 27.519998], [-80.256218, 27.537878], [-80.261092, 27.549139], [-80.263543, 27.556782], [-80.321004, 27.55739], [-80.321385, 27.557372], [-80.321278, 27.557005], [-80.323051, 27.556979], [-80.323254, 27.557552], [-80.328554, 27.557524], [-80.328103, 27.55714], [-80.361965, 27.557322], [-80.525704, 27.558714], [-80.52939, 27.558334], [-80.624778, 27.558692], [-80.647792, 27.558458], [-80.679659, 27.558736], [-80.679974, 27.525978], [-80.679037, 27.471912], [-80.679288, 27.455697], [-80.678609, 27.448696], [-80.678821, 27.428723], [-80.678014, 27.375429], [-80.67772, 27.294065], [-80.678687, 27.294048], [-80.678343, 27.250323], [-80.677954, 27.24104], [-80.677427, 27.121619], [-80.693505, 27.108051], [-80.749781, 27.063311], [-80.832735, 27.000372], [-80.874784, 26.96739], [-80.885639, 26.958919]]]}}, {"type": "Feature", "properties": {"district": "11", "chamber": "congressional", "name": "Florida Congressional District 11"}, "geometry": {"type": "Polygon", "coordinates": [[[-82.311697, 28.960391], [-82.311268, 28.958428], [-82.309791, 28.957614], [-82.308838, 28.956527], [-82.308481, 28.955289], [-82.306835, 28.954473], [-82.305106, 28.952537], [-82.304215, 28.952284], [-82.302387, 28.952263], [-82.298318, 28.949529], [-82.297091, 28.948354], [-82.296438, 28.946114], [-82.295358, 28.944713], [-82.295611, 28.943688], [-82.294862, 28.942692], [-82.294848, 28.941569], [-82.295944, 28.938397], [-82.295679, 28.93804], [-82.294798, 28.937917], [-82.293927, 28.937365], [-82.292246, 28.937239], [-82.290642, 28.93633], [-82.289992, 28.935593], [-82.28863, 28.931687], [-82.288595, 28.928786], [-82.288341, 28.928067], [-82.286843, 28.925582], [-82.284398, 28.923176], [-82.284132, 28.921295], [-82.28193, 28.917827], [-82.281894, 28.917037], [-82.282347, 28.915266], [-82.282184, 28.914693], [-82.280428, 28.912636], [-82.277853, 28.91119], [-82.277317, 28.910553], [-82.276777, 28.90875], [-82.276171, 28.904738], [-82.27531, 28.904194], [-82.274731, 28.903352], [-82.275767, 28.902475], [-82.276248, 28.901668], [-82.274265, 28.899311], [-82.273585, 28.897216], [-82.270066, 28.895218], [-82.269509, 28.894433], [-82.268786, 28.893998], [-82.267645, 28.892028], [-82.265659, 28.890341], [-82.2621, 28.889272], [-82.261303, 28.888817], [-82.260408, 28.887732], [-82.25898, 28.886638], [-82.258081, 28.886352], [-82.254145, 28.883447], [-82.253273, 28.883178], [-82.251032, 28.881151], [-82.246245, 28.879408], [-82.244419, 28.877112], [-82.243153, 28.87708], [-82.242529, 28.876813], [-82.242235, 28.876425], [-82.241838, 28.874197], [-82.241443, 28.873305], [-82.239694, 28.871159], [-82.239236, 28.870266], [-82.239345, 28.869484], [-82.240328, 28.867666], [-82.240142, 28.866785], [-82.237613, 28.865682], [-82.236958, 28.86516], [-82.236157, 28.863595], [-82.2362, 28.862949], [-82.236771, 28.861871], [-82.23674, 28.861282], [-82.236224, 28.860583], [-82.233157, 28.858231], [-82.231952, 28.856582], [-82.228812, 28.855311], [-82.227163, 28.855095], [-82.22618, 28.854433], [-82.222965, 28.853049], [-82.221545, 28.851915], [-82.219217, 28.850764], [-82.217964, 28.849558], [-82.212231, 28.842733], [-82.210836, 28.841889], [-82.209352, 28.841755], [-82.207853, 28.841274], [-82.206934, 28.840547], [-82.206701, 28.840029], [-82.206568, 28.837822], [-82.205873, 28.835902], [-82.205469, 28.835132], [-82.204977, 28.834748], [-82.203436, 28.833919], [-82.198958, 28.830795], [-82.196074, 28.830212], [-82.191213, 28.826834], [-82.186325, 28.826089], [-82.183637, 28.823626], [-82.182602, 28.821785], [-82.182459, 28.8197], [-82.182763, 28.816997], [-82.182442, 28.815346], [-82.18172, 28.814282], [-82.181465, 28.813221], [-82.181206, 28.809173], [-82.179476, 28.806355], [-82.179215, 28.804979], [-82.179307, 28.803316], [-82.178909, 28.802739], [-82.176792, 28.801727], [-82.169779, 28.796715], [-82.16951, 28.796147], [-82.169141, 28.792954], [-82.169468, 28.791559], [-82.171181, 28.789967], [-82.173557, 28.788657], [-82.175378, 28.78803], [-82.175977, 28.787446], [-82.177306, 28.787706], [-82.178001, 28.787321], [-82.178509, 28.78587], [-82.179708, 28.784881], [-82.180769, 28.784715], [-82.184453, 28.783114], [-82.186042, 28.781052], [-82.187929, 28.777757], [-82.188315, 28.776783], [-82.188454, 28.77315], [-82.188241, 28.771662], [-82.186633, 28.770388], [-82.185628, 28.770056], [-82.183951, 28.770058], [-82.18312, 28.76976], [-82.182241, 28.768879], [-82.182198, 28.767676], [-82.183062, 28.765778], [-82.183229, 28.763849], [-82.184809, 28.761771], [-82.18628, 28.760468], [-82.188714, 28.759067], [-82.189439, 28.758969], [-82.192209, 28.759406], [-82.195065, 28.760161], [-82.196357, 28.75941], [-82.198049, 28.757764], [-82.199022, 28.757308], [-82.200629, 28.757342], [-82.201662, 28.757759], [-82.20278, 28.75744], [-82.203127, 28.756954], [-82.203851, 28.756639], [-82.204694, 28.756671], [-82.206173, 28.757159], [-82.207754, 28.756618], [-82.208475, 28.755243], [-82.210885, 28.753808], [-82.212039, 28.751719], [-82.212636, 28.748395], [-82.21322, 28.747674], [-82.214168, 28.747378], [-82.215169, 28.74819], [-82.216879, 28.74812], [-82.217352, 28.747751], [-82.217849, 28.745441], [-82.217759, 28.74482], [-82.218591, 28.744022], [-82.222169, 28.741941], [-82.224409, 28.741059], [-82.226512, 28.738947], [-82.227874, 28.737929], [-82.229647, 28.737375], [-82.231357, 28.736076], [-82.232431, 28.733312], [-82.232681, 28.730711], [-82.234268, 28.729287], [-82.235589, 28.72889], [-82.236009, 28.728336], [-82.236497, 28.728145], [-82.238448, 28.725112], [-82.239321, 28.724572], [-82.241988, 28.723754], [-82.242777, 28.723106], [-82.243639, 28.721698], [-82.246268, 28.718894], [-82.249076, 28.717772], [-82.249092, 28.714581], [-82.249338, 28.713492], [-82.250214, 28.711935], [-82.25114, 28.710931], [-82.250912, 28.709439], [-82.250205, 28.709125], [-82.249767, 28.708092], [-82.249159, 28.707829], [-82.248926, 28.707403], [-82.249417, 28.706645], [-82.250859, 28.705972], [-82.251174, 28.705408], [-82.250955, 28.704867], [-82.249115, 28.703651], [-82.248443, 28.702382], [-82.248472, 28.701862], [-82.250149, 28.69929], [-82.25076, 28.696439], [-82.253467, 28.692575], [-82.253737, 28.689944], [-82.25592, 28.687944], [-82.257058, 28.687218], [-82.25997, 28.682723], [-82.260183, 28.681938], [-82.259531, 28.679258], [-82.26015, 28.67543], [-82.260041, 28.674251], [-82.260454, 28.672195], [-82.261603, 28.669342], [-82.2622, 28.668409], [-82.264738, 28.666112], [-82.267771, 28.662809], [-82.267638, 28.661867], [-82.26705, 28.661561], [-82.266537, 28.660712], [-82.26728, 28.660224], [-82.268383, 28.660047], [-82.269232, 28.660227], [-82.270378, 28.66108], [-82.271218, 28.661378], [-82.27224, 28.66141], [-82.273698, 28.660895], [-82.274325, 28.660251], [-82.274713, 28.658495], [-82.274823, 28.656198], [-82.273605, 28.653797], [-82.271469, 28.651158], [-82.270069, 28.649794], [-82.268302, 28.648624], [-82.267007, 28.648131], [-82.264794, 28.648209], [-82.262434, 28.647722], [-82.261718, 28.647163], [-82.260858, 28.64698], [-82.25871, 28.647368], [-82.258388, 28.647912], [-82.258459, 28.648676], [-82.25684, 28.648868], [-82.256884, 28.645225], [-82.259446, 28.642897], [-82.259886, 28.641787], [-82.259682, 28.639169], [-82.259852, 28.638707], [-82.260383, 28.638299], [-82.260795, 28.637287], [-82.260155, 28.635044], [-82.258375, 28.633478], [-82.257011, 28.633349], [-82.255451, 28.632695], [-82.253697, 28.630652], [-82.25324, 28.62962], [-82.251933, 28.629096], [-82.250455, 28.630099], [-82.249459, 28.630185], [-82.248409, 28.629869], [-82.248124, 28.629502], [-82.248194, 28.628973], [-82.247397, 28.628409], [-82.247058, 28.627182], [-82.245948, 28.62677], [-82.246271, 28.62569], [-82.245806, 28.625291], [-82.245803, 28.624695], [-82.246689, 28.623767], [-82.2472, 28.623784], [-82.247356, 28.622528], [-82.246125, 28.619855], [-82.245326, 28.619535], [-82.244045, 28.619612], [-82.242685, 28.618964], [-82.242472, 28.617787], [-82.242793, 28.616963], [-82.243406, 28.616382], [-82.243322, 28.615989], [-82.242025, 28.61525], [-82.241564, 28.614602], [-82.242237, 28.613318], [-82.241931, 28.612998], [-82.241134, 28.612893], [-82.2406, 28.613337], [-82.239988, 28.613459], [-82.238815, 28.612903], [-82.2379, 28.612278], [-82.236261, 28.609968], [-82.2349, 28.609378], [-82.234203, 28.608662], [-82.234049, 28.60721], [-82.234618, 28.606574], [-82.234628, 28.605847], [-82.233797, 28.603915], [-82.233411, 28.603744], [-82.232786, 28.602849], [-82.23274, 28.602221], [-82.233426, 28.601367], [-82.233009, 28.600506], [-82.232381, 28.600208], [-82.232236, 28.600497], [-82.230619, 28.600538], [-82.230054, 28.600091], [-82.229276, 28.600658], [-82.228651, 28.60074], [-82.228258, 28.600524], [-82.227758, 28.599939], [-82.228173, 28.599523], [-82.228105, 28.599167], [-82.226957, 28.59909], [-82.226942, 28.59878], [-82.227559, 28.598432], [-82.224929, 28.596945], [-82.224057, 28.595446], [-82.221774, 28.593633], [-82.22165, 28.593239], [-82.222281, 28.592401], [-82.222302, 28.591778], [-82.221275, 28.590124], [-82.221086, 28.588801], [-82.220313, 28.586885], [-82.220568, 28.586099], [-82.219284, 28.582654], [-82.21795, 28.581348], [-82.215298, 28.576908], [-82.213724, 28.575363], [-82.211951, 28.574055], [-82.208184, 28.572054], [-82.20698, 28.571906], [-82.20521, 28.572259], [-82.20195, 28.572226], [-82.200219, 28.572668], [-82.199784, 28.573115], [-82.198893, 28.573022], [-82.198432, 28.574188], [-82.197815, 28.574578], [-82.197098, 28.575508], [-82.196612, 28.575684], [-82.196275, 28.575266], [-82.196039, 28.575558], [-82.195085, 28.575514], [-82.194487, 28.575306], [-82.194194, 28.574843], [-82.193739, 28.57498], [-82.193826, 28.574287], [-82.192872, 28.573803], [-82.19167, 28.574932], [-82.191651, 28.574321], [-82.190342, 28.572885], [-82.19008, 28.572962], [-82.18985, 28.573501], [-82.189381, 28.573656], [-82.189058, 28.573232], [-82.188329, 28.573264], [-82.18831, 28.572972], [-82.187749, 28.573137], [-82.187637, 28.572708], [-82.187027, 28.572697], [-82.187394, 28.570403], [-82.187257, 28.57004], [-82.188005, 28.569804], [-82.188048, 28.569463], [-82.186603, 28.568582], [-82.186198, 28.568604], [-82.186216, 28.568968], [-82.18573, 28.569298], [-82.185687, 28.570025], [-82.184845, 28.570267], [-82.184347, 28.569837], [-82.184328, 28.569441], [-82.183755, 28.568758], [-82.183331, 28.568902], [-82.183119, 28.568703], [-82.183169, 28.568197], [-82.182533, 28.568037], [-82.181679, 28.568274], [-82.181474, 28.568015], [-82.180595, 28.568919], [-82.179872, 28.568704], [-82.179579, 28.568869], [-82.179411, 28.568578], [-82.178956, 28.568814], [-82.178401, 28.56833], [-82.177329, 28.568412], [-82.177516, 28.568016], [-82.176903, 28.567517], [-82.176417, 28.567833], [-82.175978, 28.567399], [-82.175064, 28.567228], [-82.174573, 28.566794], [-82.174284, 28.566784], [-82.17415, 28.567063], [-82.173039, 28.567089], [-82.173142, 28.566217], [-82.172942, 28.566068], [-82.172381, 28.56625], [-82.17212, 28.565787], [-82.171384, 28.56643], [-82.17083, 28.566403], [-82.170512, 28.566067], [-82.17015, 28.56621], [-82.169901, 28.566711], [-82.169602, 28.566496], [-82.169103, 28.566903], [-82.168742, 28.566716], [-82.168287, 28.56703], [-82.167683, 28.566145], [-82.167633, 28.565082], [-82.16653, 28.56434], [-82.166835, 28.563981], [-82.166268, 28.563663], [-82.166007, 28.56412], [-82.165246, 28.563944], [-82.165016, 28.564934], [-82.164299, 28.565104], [-82.16433, 28.565996], [-82.1639, 28.56582], [-82.163489, 28.566436], [-82.163108, 28.566568], [-82.163033, 28.567118], [-82.162391, 28.567965], [-82.162547, 28.568416], [-82.162379, 28.568696], [-82.161319, 28.568499], [-82.160895, 28.569021], [-82.159724, 28.569483], [-82.158471, 28.569318], [-82.157736, 28.56967], [-82.157486, 28.570148], [-82.158109, 28.571238], [-82.158134, 28.571804], [-82.157835, 28.57214], [-82.157168, 28.572332], [-82.156164, 28.57335], [-82.154208, 28.571826], [-82.15374, 28.572057], [-82.153067, 28.571886], [-82.15174, 28.570554], [-82.150568, 28.57122], [-82.149521, 28.570983], [-82.149085, 28.570256], [-82.147116, 28.569079], [-82.146194, 28.568919], [-82.146045, 28.568231], [-82.145135, 28.567791], [-82.144288, 28.56625], [-82.143914, 28.565991], [-82.140343, 28.565841], [-82.138025, 28.565516], [-82.137633, 28.565252], [-82.137446, 28.564729], [-82.138169, 28.564047], [-82.138163, 28.563535], [-82.137665, 28.562936], [-82.136419, 28.562181], [-82.135634, 28.560751], [-82.135479, 28.560239], [-82.135772, 28.558869], [-82.135056, 28.557829], [-82.135331, 28.556311], [-82.133575, 28.553796], [-82.133053, 28.552167], [-82.131987, 28.551319], [-82.131969, 28.549916], [-82.130769, 28.546417], [-82.129797, 28.54629], [-82.128639, 28.544941], [-82.126296, 28.544588], [-82.124058, 28.542979], [-82.118661, 28.540611], [-82.116593, 28.540788], [-82.115061, 28.542543], [-82.114145, 28.542846], [-82.113766, 28.54327], [-82.112526, 28.543595], [-82.11219, 28.544063], [-82.111236, 28.543876], [-82.110376, 28.544168], [-82.109186, 28.543662], [-82.106948, 28.540455], [-82.104665, 28.53469], [-82.103244, 28.532952], [-82.100658, 28.53122], [-82.099212, 28.529889], [-82.098464, 28.528888], [-82.097142, 28.525356], [-82.095447, 28.523838], [-82.094463, 28.523508], [-82.091921, 28.52325], [-82.0871, 28.524511], [-82.086303, 28.525204], [-82.085824, 28.527053], [-82.085001, 28.527752], [-82.083463, 28.528214], [-82.080565, 28.528081], [-82.078548, 28.529183], [-82.076149, 28.529811], [-82.072785, 28.531379], [-82.070343, 28.531919], [-82.067783, 28.531435], [-82.065178, 28.530015], [-82.062157, 28.527814], [-82.061671, 28.527215], [-82.058382, 28.525388], [-82.05683, 28.524012], [-82.054469, 28.521367], [-82.055819, 28.312794], [-82.055847, 28.300492], [-82.055501, 28.295038], [-82.055539, 28.247961], [-82.051967, 28.245692], [-82.049002, 28.243266], [-82.008102, 28.205307], [-82.005641, 28.202066], [-81.997223, 28.185858], [-81.99535, 28.183009], [-81.992394, 28.180125], [-81.977233, 28.167704], [-81.975191, 28.165564], [-81.974204, 28.163632], [-81.97385, 28.161847], [-81.973685, 28.12813], [-81.946491, 28.128347], [-81.946391, 28.14667], [-81.9441, 28.144199], [-81.938357, 28.144197], [-81.938211, 28.145128], [-81.937701, 28.145724], [-81.929723, 28.151371], [-81.929445, 28.150999], [-81.929427, 28.150418], [-81.926087, 28.151121], [-81.926137, 28.152513], [-81.918862, 28.154133], [-81.915227, 28.156886], [-81.914078, 28.157396], [-81.905568, 28.157379], [-81.905333, 28.171081], [-81.905831, 28.171968], [-81.881094, 28.171713], [-81.880996, 28.161078], [-81.868715, 28.161066], [-81.868668, 28.155088], [-81.87087, 28.154462], [-81.870364, 28.152765], [-81.86715, 28.153761], [-81.864661, 28.15497], [-81.86219, 28.1567], [-81.860379, 28.158469], [-81.860381, 28.157418], [-81.854355, 28.157413], [-81.85451, 28.154391], [-81.853397, 28.154349], [-81.853729, 28.153665], [-81.854546, 28.152916], [-81.854163, 28.151751], [-81.849851, 28.152935], [-81.84526, 28.15379], [-81.845783, 28.155803], [-81.846535, 28.155969], [-81.846822, 28.157482], [-81.843193, 28.157483], [-81.841896, 28.155826], [-81.838829, 28.156627], [-81.838825, 28.155896], [-81.837185, 28.156244], [-81.837186, 28.153832], [-81.836008, 28.153838], [-81.835989, 28.156452], [-81.835731, 28.156491], [-81.835782, 28.164706], [-81.830813, 28.164602], [-81.829357, 28.165201], [-81.828941, 28.166318], [-81.829072, 28.167402], [-81.829525, 28.168134], [-81.830637, 28.168965], [-81.830663, 28.170149], [-81.827028, 28.170229], [-81.826744, 28.16575], [-81.826362, 28.165711], [-81.826182, 28.162862], [-81.825959, 28.162889], [-81.825622, 28.157153], [-81.822415, 28.157167], [-81.82241, 28.156546], [-81.82034, 28.156531], [-81.820339, 28.159686], [-81.821642, 28.159688], [-81.821742, 28.159872], [-81.821565, 28.160411], [-81.820496, 28.161009], [-81.821677, 28.165708], [-81.821422, 28.167425], [-81.82239, 28.168381], [-81.822378, 28.171965], [-81.814307, 28.171985], [-81.814394, 28.172702], [-81.815412, 28.174193], [-81.815418, 28.174721], [-81.816137, 28.175114], [-81.816136, 28.176117], [-81.813503, 28.176072], [-81.809439, 28.172013], [-81.809178, 28.172011], [-81.809211, 28.174069], [-81.808114, 28.174079], [-81.808513, 28.175233], [-81.809961, 28.175207], [-81.809993, 28.179251], [-81.806393, 28.179274], [-81.8059, 28.178637], [-81.805846, 28.175241], [-81.806612, 28.175236], [-81.806084, 28.174854], [-81.805072, 28.174693], [-81.804862, 28.175244], [-81.803786, 28.175246], [-81.803764, 28.173482], [-81.805523, 28.173475], [-81.805633, 28.17251], [-81.805407, 28.172035], [-81.797609, 28.172068], [-81.797634, 28.166367], [-81.79353, 28.166559], [-81.793391, 28.170123], [-81.793849, 28.184185], [-81.796519, 28.184126], [-81.79634, 28.17941], [-81.801166, 28.179281], [-81.801382, 28.18396], [-81.805876, 28.183949], [-81.805855, 28.186448], [-81.789289, 28.186497], [-81.789416, 28.172103], [-81.785869, 28.17205], [-81.785874, 28.168905], [-81.789087, 28.168953], [-81.789091, 28.166531], [-81.780823, 28.166466], [-81.778922, 28.166055], [-81.777348, 28.16527], [-81.76909, 28.170879], [-81.760658, 28.175353], [-81.723052, 28.190494], [-81.714901, 28.194371], [-81.701957, 28.199797], [-81.680779, 28.210164], [-81.677437, 28.21229], [-81.620572, 28.254286], [-81.622244, 28.254997], [-81.627816, 28.256098], [-81.632403, 28.2573], [-81.638563, 28.257702], [-81.645912, 28.256565], [-81.658582, 28.254141], [-81.658719, 28.25428], [-81.672603, 28.341068], [-81.673781, 28.347024], [-81.656449, 28.347101], [-81.647328, 28.346889], [-81.531924, 28.347284], [-81.475516, 28.410302], [-81.475217, 28.410148], [-81.474381, 28.411882], [-81.474009, 28.413809], [-81.474211, 28.450063], [-81.477858, 28.45], [-81.477616, 28.451687], [-81.477572, 28.455313], [-81.477123, 28.456131], [-81.476224, 28.456875], [-81.476604, 28.457116], [-81.476977, 28.456974], [-81.477178, 28.457283], [-81.477315, 28.462255], [-81.479406, 28.461227], [-81.480876, 28.460863], [-81.499794, 28.460782], [-81.500803, 28.463067], [-81.504947, 28.467994], [-81.506454, 28.470206], [-81.507783, 28.473406], [-81.508237, 28.475815], [-81.508555, 28.480966], [-81.508654, 28.496083], [-81.507692, 28.501671], [-81.508599, 28.506642], [-81.50868, 28.519653], [-81.505972, 28.523552], [-81.504173, 28.52979], [-81.503569, 28.531042], [-81.502683, 28.532046], [-81.499669, 28.534422], [-81.498102, 28.536642], [-81.498295, 28.536733], [-81.498036, 28.541005], [-81.500009, 28.541065], [-81.503284, 28.542176], [-81.50478, 28.542263], [-81.504913, 28.551963], [-81.489671, 28.55204], [-81.48972, 28.55599], [-81.491434, 28.559275], [-81.492075, 28.561419], [-81.492056, 28.565327], [-81.49094, 28.570117], [-81.491022, 28.57761], [-81.491326, 28.579316], [-81.492806, 28.583666], [-81.493464, 28.584393], [-81.496108, 28.58573], [-81.496747, 28.587134], [-81.496844, 28.604729], [-81.496277, 28.606146], [-81.496822, 28.6073], [-81.496908, 28.610061], [-81.498173, 28.611856], [-81.499185, 28.615498], [-81.499361, 28.618271], [-81.498104, 28.625652], [-81.492922, 28.625651], [-81.49289, 28.627982], [-81.492305, 28.629451], [-81.489414, 28.632306], [-81.487975, 28.633122], [-81.486768, 28.633385], [-81.485548, 28.633342], [-81.480422, 28.631922], [-81.480022, 28.634083], [-81.463328, 28.634066], [-81.459388, 28.633576], [-81.458127, 28.63799], [-81.457956, 28.639513], [-81.457962, 28.640197], [-81.459728, 28.640196], [-81.459524, 28.713264], [-81.459357, 28.71364], [-81.457952, 28.714317], [-81.450663, 28.71433], [-81.448597, 28.715328], [-81.447623, 28.715227], [-81.446481, 28.71373], [-81.445611, 28.713618], [-81.444274, 28.713894], [-81.443274, 28.714531], [-81.44142, 28.715096], [-81.440671, 28.715818], [-81.440996, 28.715857], [-81.439659, 28.718116], [-81.439435, 28.719086], [-81.438198, 28.720577], [-81.436227, 28.721795], [-81.432574, 28.726032], [-81.43248, 28.726496], [-81.431638, 28.727046], [-81.431505, 28.728135], [-81.43123, 28.728587], [-81.426876, 28.733747], [-81.425043, 28.735241], [-81.423761, 28.73534], [-81.422224, 28.738065], [-81.421884, 28.739739], [-81.42116, 28.740535], [-81.421654, 28.740949], [-81.421542, 28.744546], [-81.418474, 28.754632], [-81.417676, 28.754704], [-81.416502, 28.755325], [-81.416587, 28.756598], [-81.416328, 28.75841], [-81.415671, 28.759748], [-81.415539, 28.762311], [-81.415215, 28.763672], [-81.415834, 28.764468], [-81.415639, 28.766502], [-81.41615, 28.767502], [-81.41637, 28.769519], [-81.415629, 28.772404], [-81.415835, 28.773384], [-81.414855, 28.774868], [-81.41492, 28.776169], [-81.414688, 28.777039], [-81.415345, 28.778581], [-81.415134, 28.780259], [-81.415461, 28.780735], [-81.415577, 28.782483], [-81.415167, 28.784407], [-81.414412, 28.785102], [-81.414821, 28.785839], [-81.415529, 28.78589], [-81.415709, 28.786138], [-81.415352, 28.786487], [-81.41522, 28.787518], [-81.414009, 28.789783], [-81.413638, 28.791839], [-81.414131, 28.794467], [-81.415108, 28.797143], [-81.415184, 28.79964], [-81.415708, 28.802576], [-81.416923, 28.80409], [-81.418187, 28.806474], [-81.418031, 28.80816], [-81.41885, 28.810574], [-81.419555, 28.815181], [-81.432967, 28.815545], [-81.434635, 28.815055], [-81.443342, 28.811373], [-81.444785, 28.811038], [-81.462701, 28.811008], [-81.465202, 28.811897], [-81.474825, 28.818098], [-81.475713, 28.818398], [-81.476714, 28.818603], [-81.489513, 28.818644], [-81.491543, 28.818204], [-81.501303, 28.81342], [-81.503166, 28.812897], [-81.521699, 28.812718], [-81.524474, 28.812459], [-81.527896, 28.811605], [-81.533458, 28.808175], [-81.560032, 28.807725], [-81.560031, 28.805942], [-81.564103, 28.805984], [-81.564102, 28.806899], [-81.570831, 28.804796], [-81.572299, 28.804508], [-81.57233, 28.804956], [-81.573996, 28.804481], [-81.57615, 28.804253], [-81.576066, 28.799009], [-81.584326, 28.79892], [-81.588721, 28.797665], [-81.592791, 28.797625], [-81.592971, 28.78597], [-81.646741, 28.785882], [-81.651121, 28.79305], [-81.65359, 28.793493], [-81.659397, 28.793969], [-81.662624, 28.793669], [-81.664516, 28.793146], [-81.673701, 28.789557], [-81.67831, 28.78821], [-81.683009, 28.78787], [-81.687397, 28.787869], [-81.687231, 28.808691], [-81.687118, 28.80912], [-81.685562, 28.811098], [-81.685557, 28.815043], [-81.69029, 28.815032], [-81.690028, 28.815629], [-81.689719, 28.815642], [-81.690161, 28.815921], [-81.688218, 28.815893], [-81.687725, 28.81652], [-81.687469, 28.817648], [-81.6882, 28.820685], [-81.689312, 28.821307], [-81.690649, 28.821192], [-81.691486, 28.820498], [-81.691548, 28.820102], [-81.691155, 28.819277], [-81.693023, 28.819711], [-81.694029, 28.819647], [-81.69461, 28.82094], [-81.696421, 28.820326], [-81.696452, 28.821811], [-81.708208, 28.821656], [-81.70821, 28.822154], [-81.707339, 28.822148], [-81.700807, 28.829022], [-81.700053, 28.829129], [-81.69973, 28.829807], [-81.693595, 28.836302], [-81.692474, 28.838282], [-81.695531, 28.837991], [-81.699328, 28.836822], [-81.699581, 28.836374], [-81.69945, 28.835918], [-81.700215, 28.836112], [-81.700474, 28.835899], [-81.700606, 28.836434], [-81.700641, 28.835916], [-81.701521, 28.835834], [-81.701937, 28.836315], [-81.701796, 28.835804], [-81.702329, 28.835236], [-81.701397, 28.834242], [-81.70125, 28.833303], [-81.701701, 28.832524], [-81.702534, 28.832033], [-81.703302, 28.831895], [-81.70331, 28.832725], [-81.704134, 28.832719], [-81.704118, 28.833977], [-81.707009, 28.836158], [-81.707836, 28.835334], [-81.710067, 28.835547], [-81.749792, 28.835367], [-81.750985, 28.835207], [-81.751319, 28.838508], [-81.751158, 28.841075], [-81.750722, 28.842059], [-81.752029, 28.843554], [-81.751975, 28.844094], [-81.754055, 28.844409], [-81.754983, 28.848244], [-81.756001, 28.850462], [-81.757925, 28.852135], [-81.757858, 28.852449], [-81.768063, 28.856333], [-81.769142, 28.856555], [-81.770313, 28.857183], [-81.770613, 28.858459], [-81.770155, 28.859472], [-81.76845, 28.860546], [-81.768051, 28.861136], [-81.768729, 28.86321], [-81.769601, 28.864387], [-81.772671, 28.866666], [-81.775303, 28.866248], [-81.776307, 28.866473], [-81.780537, 28.868775], [-81.783786, 28.871009], [-81.786618, 28.872225], [-81.788264, 28.873687], [-81.79277, 28.876197], [-81.793662, 28.877841], [-81.794633, 28.878913], [-81.798784, 28.881105], [-81.799719, 28.88117], [-81.802496, 28.880564], [-81.80488, 28.881198], [-81.806987, 28.881289], [-81.808429, 28.881651], [-81.813526, 28.884013], [-81.817733, 28.886356], [-81.818482, 28.88706], [-81.81759, 28.887047], [-81.818103, 28.887321], [-81.820733, 28.88841], [-81.821606, 28.888182], [-81.821796, 28.887832], [-81.821758, 28.888003], [-81.822771, 28.888471], [-81.824928, 28.889076], [-81.828798, 28.891546], [-81.828963, 28.890718], [-81.831977, 28.892059], [-81.839192, 28.894699], [-81.839151, 28.893052], [-81.841945, 28.892062], [-81.844765, 28.890275], [-81.846341, 28.887288], [-81.84698, 28.887163], [-81.850179, 28.881511], [-81.855506, 28.884007], [-81.857634, 28.884228], [-81.858587, 28.885686], [-81.860029, 28.886244], [-81.861392, 28.886025], [-81.861864, 28.886525], [-81.862644, 28.886777], [-81.862962, 28.88658], [-81.864027, 28.88705], [-81.881813, 28.887085], [-81.882907, 28.886808], [-81.884176, 28.887114], [-81.906057, 28.887067], [-81.906019, 28.888197], [-81.905686, 28.888154], [-81.905495, 28.889357], [-81.906487, 28.889334], [-81.906427, 28.888343], [-81.911693, 28.888477], [-81.91191, 28.888246], [-81.911939, 28.887236], [-81.912181, 28.887037], [-81.917074, 28.88686], [-81.917082, 28.883373], [-81.91812, 28.883371], [-81.918113, 28.886711], [-81.919161, 28.886598], [-81.920317, 28.887012], [-81.95346, 28.886991], [-81.95419, 28.960053], [-81.999807, 28.959909], [-82.01646, 28.96015], [-82.078633, 28.960256], [-82.11777, 28.96003], [-82.123647, 28.960197], [-82.15309, 28.95991], [-82.216296, 28.960054], [-82.247993, 28.960308], [-82.249815, 28.96053], [-82.311609, 28.96039], [-82.311697, 28.960391]]]}}, {"type": "Feature", "properties": {"district": "26", "chamber": "congressional", "name": "Florida Congressional District 26"}, "geometry": {"type": "Polygon", "coordinates": [[[-81.751167, 26.174014], [-81.750767, 26.168268], [-81.742979, 26.168323], [-81.74291, 26.166197], [-81.742709, 26.1662], [-81.742795, 26.153829], [-81.741865, 26.117603], [-81.741866, 26.109262], [-81.743596, 26.106707], [-81.745712, 26.104883], [-81.720037, 26.076788], [-81.699106, 26.063366], [-81.701573, 26.00676], [-81.702306, 25.98461], [-81.703108, 25.981599], [-81.7076, 25.97026], [-81.70818, 25.966893], [-81.709688, 25.963238], [-81.70686, 25.960904], [-81.702847, 25.958242], [-81.699577, 25.956672], [-81.693883, 25.954605], [-81.684247, 25.952532], [-81.683321, 25.952784], [-81.681618, 25.953836], [-81.678242, 25.953405], [-81.669777, 25.951943], [-81.666062, 25.950403], [-81.664841, 25.949001], [-81.664089, 25.946675], [-81.663242, 25.945655], [-81.662149, 25.945014], [-81.657224, 25.9441], [-81.654303, 25.942958], [-81.653715, 25.940036], [-81.653656, 25.934508], [-81.653091, 25.934123], [-81.652118, 25.93255], [-81.649374, 25.930525], [-81.64623, 25.928728], [-81.642755, 25.925083], [-81.642482, 25.924463], [-81.642581, 25.922008], [-81.642111, 25.91991], [-81.639542, 25.914691], [-81.638632, 25.912111], [-81.638364, 25.90943], [-81.638767, 25.905848], [-81.639844, 25.901607], [-81.640125, 25.897129], [-81.640458, 25.889458], [-81.640197, 25.875378], [-81.624807, 25.875378], [-81.62488, 25.802483], [-81.452907, 25.803686], [-81.440819, 25.80327], [-81.39875, 25.803407], [-81.390981, 25.803216], [-81.350491, 25.803239], [-81.324904, 25.803465], [-81.321397, 25.803719], [-81.301473, 25.804002], [-81.2899, 25.803709], [-81.267432, 25.803861], [-81.259493, 25.804217], [-81.124795, 25.803703], [-81.100483, 25.803324], [-80.981371, 25.803988], [-80.873096, 25.805377], [-80.829529, 25.763033], [-80.827363, 25.761989], [-80.825873, 25.761788], [-80.681723, 25.762003], [-80.675458, 25.761892], [-80.672177, 25.760965], [-80.426941, 25.760876], [-80.41703, 25.76094], [-80.417249, 25.774533], [-80.417688, 25.775888], [-80.419294, 25.777973], [-80.419519, 25.77927], [-80.418796, 25.780585], [-80.417035, 25.782059], [-80.417048, 25.781818], [-80.415361, 25.782997], [-80.413402, 25.783554], [-80.395575, 25.78345], [-80.393357, 25.783058], [-80.390128, 25.782065], [-80.384365, 25.781847], [-80.38435, 25.782238], [-80.384747, 25.782238], [-80.384502, 25.782806], [-80.384614, 25.786714], [-80.384989, 25.79704], [-80.385226, 25.797128], [-80.369095, 25.797134], [-80.368643, 25.784222], [-80.368974, 25.780746], [-80.365713, 25.781288], [-80.358998, 25.781683], [-80.331181, 25.781669], [-80.322264, 25.781265], [-80.314377, 25.779946], [-80.312151, 25.78035], [-80.304101, 25.784047], [-80.301517, 25.784472], [-80.294316, 25.784654], [-80.289275, 25.784196], [-80.283282, 25.785334], [-80.280522, 25.785518], [-80.277893, 25.785147], [-80.274176, 25.783728], [-80.269109, 25.789446], [-80.265106, 25.793192], [-80.262506, 25.793948], [-80.256168, 25.7944], [-80.256093, 25.792351], [-80.251585, 25.79249], [-80.251624, 25.793232], [-80.250025, 25.793274], [-80.249965, 25.79178], [-80.247917, 25.791849], [-80.247803, 25.789081], [-80.246618, 25.789141], [-80.246597, 25.78791], [-80.247796, 25.787863], [-80.24776, 25.786631], [-80.239576, 25.786851], [-80.239521, 25.784944], [-80.235731, 25.784445], [-80.231221, 25.78265], [-80.223408, 25.782611], [-80.22156, 25.782889], [-80.214121, 25.785776], [-80.208009, 25.788719], [-80.20656, 25.789019], [-80.203753, 25.789115], [-80.20515, 25.792214], [-80.205297, 25.795239], [-80.194855, 25.795526], [-80.190799, 25.795765], [-80.190815, 25.796145], [-80.189052, 25.796194], [-80.189397, 25.805378], [-80.185376, 25.80542], [-80.185464, 25.8115], [-80.191285, 25.811326], [-80.200373, 25.811526], [-80.20631, 25.812473], [-80.209128, 25.812634], [-80.235566, 25.812032], [-80.240419, 25.812307], [-80.240379, 25.812817], [-80.242396, 25.812749], [-80.242538, 25.815817], [-80.246476, 25.815713], [-80.246574, 25.81508], [-80.248582, 25.814905], [-80.248783, 25.819953], [-80.25086, 25.819902], [-80.250883, 25.820654], [-80.24882, 25.820705], [-80.248816, 25.82142], [-80.250907, 25.821368], [-80.250956, 25.823628], [-80.252981, 25.823567], [-80.253572, 25.836028], [-80.24956, 25.836212], [-80.249908, 25.845768], [-80.241746, 25.84605], [-80.242616, 25.871387], [-80.259052, 25.870702], [-80.259431, 25.88206], [-80.275027, 25.881637], [-80.275253, 25.889563], [-80.277854, 25.891741], [-80.281228, 25.895174], [-80.282469, 25.895937], [-80.284301, 25.896485], [-80.291875, 25.896312], [-80.293174, 25.925024], [-80.281327, 25.925367], [-80.276728, 25.925127], [-80.27832, 25.956475], [-80.278436, 25.970834], [-80.278764, 25.970968], [-80.295187, 25.97057], [-80.294972, 25.95677], [-80.310772, 25.95717], [-80.455533, 25.95675], [-80.550844, 25.957018], [-80.680016, 25.956857], [-80.680038, 25.978749], [-80.872932, 25.979434], [-80.87297, 25.992944], [-80.87256, 26.001474], [-80.879361, 26.180055], [-80.87971, 26.259308], [-80.976641, 26.257168], [-81.057257, 26.256629], [-81.122904, 26.255784], [-81.155642, 26.254883], [-81.171617, 26.254906], [-81.187891, 26.254419], [-81.204302, 26.25458], [-81.220458, 26.254295], [-81.268236, 26.253069], [-81.268681, 26.28219], [-81.270025, 26.333909], [-81.270789, 26.350174], [-81.271932, 26.422648], [-81.301471, 26.422467], [-81.320197, 26.419433], [-81.336281, 26.418868], [-81.352706, 26.418776], [-81.36991, 26.419211], [-81.385422, 26.419098], [-81.408779, 26.418446], [-81.409059, 26.418065], [-81.411887, 26.418627], [-81.420772, 26.418572], [-81.420746, 26.416692], [-81.423433, 26.416669], [-81.423478, 26.41854], [-81.433549, 26.418397], [-81.433633, 26.421591], [-81.433464, 26.421724], [-81.433678, 26.42471], [-81.435703, 26.424761], [-81.435702, 26.424949], [-81.433682, 26.424987], [-81.433695, 26.425711], [-81.435177, 26.425687], [-81.43523, 26.428434], [-81.435243, 26.429299], [-81.433755, 26.429284], [-81.434663, 26.485548], [-81.543642, 26.513334], [-81.544425, 26.513506], [-81.563763, 26.513331], [-81.56218, 26.422625], [-81.659506, 26.421077], [-81.658558, 26.375359], [-81.6579, 26.317563], [-81.746167, 26.316896], [-81.743483, 26.310115], [-81.742799, 26.306401], [-81.742329, 26.262784], [-81.741504, 26.259213], [-81.737435, 26.248215], [-81.736661, 26.244583], [-81.735938, 26.21161], [-81.732682, 26.211643], [-81.73268, 26.209965], [-81.717875, 26.210151], [-81.717792, 26.203596], [-81.718077, 26.202656], [-81.719354, 26.20051], [-81.719354, 26.196751], [-81.717328, 26.19677], [-81.717216, 26.192761], [-81.719231, 26.192711], [-81.719189, 26.191323], [-81.718613, 26.191338], [-81.71836, 26.18288], [-81.718919, 26.182868], [-81.71887, 26.178827], [-81.718315, 26.178847], [-81.718284, 26.17639], [-81.718288, 26.175853], [-81.718837, 26.175828], [-81.718786, 26.168939], [-81.731356, 26.16876], [-81.733495, 26.17152], [-81.734786, 26.174216], [-81.748877, 26.174044], [-81.751167, 26.174014]]]}}, {"type": "Feature", "properties": {"district": "19", "chamber": "congressional", "name": "Florida Congressional District 19"}, "geometry": {"type": "Polygon", "coordinates": [[[-82.462012, 26.787429], [-82.44505, 26.76463], [-82.43837, 26.74883], [-82.43524, 26.74261], [-82.43157, 26.73615], [-82.43114, 26.73262], [-82.43166, 26.72593], [-82.43177, 26.71901], [-82.43119, 26.70735], [-82.43228, 26.69913], [-82.43303, 26.69009], [-82.43324, 26.68265], [-82.43283, 26.67193], [-82.43168, 26.662], [-82.43035, 26.65465], [-82.42798, 26.64508], [-82.4244, 26.63428], [-82.42265, 26.62984], [-82.4166, 26.61625], [-82.41067, 26.60476], [-82.40669, 26.59764], [-82.39995, 26.58734], [-82.39447, 26.58017], [-82.3903, 26.57525], [-82.38872, 26.56611], [-82.38654, 26.55693], [-82.38358, 26.54714], [-82.37959, 26.53686], [-82.37626, 26.52973], [-82.37101, 26.51986], [-82.36561, 26.51113], [-82.35964, 26.50273], [-82.35922, 26.50157], [-82.3504, 26.46175], [-82.34844, 26.45407], [-82.34706, 26.44947], [-82.34464, 26.44282], [-82.33691, 26.42465], [-82.33457, 26.41987], [-82.33067, 26.41277], [-82.32211, 26.3989], [-82.31839, 26.39356], [-82.31144, 26.38435], [-82.30375, 26.37524], [-82.29915, 26.37042], [-82.29291, 26.36448], [-82.28055, 26.35413], [-82.27431, 26.34956], [-82.26667, 26.34452], [-82.25149, 26.33565], [-82.24217, 26.32744], [-82.23646, 26.32285], [-82.22791, 26.31672], [-82.22168, 26.31274], [-82.21076, 26.30663], [-82.20009, 26.30136], [-82.18184, 26.2934], [-82.16932, 26.28846], [-82.14532, 26.28068], [-82.13875, 26.27883], [-82.12752, 26.27623], [-82.11849, 26.27468], [-82.11233, 26.27388], [-82.09817, 26.27249], [-82.09072, 26.27206], [-82.07617, 26.27179], [-82.06955, 26.27192], [-82.04907, 26.27355], [-82.03787, 26.27533], [-82.02969, 26.2771], [-82.02221, 26.27906], [-82.00546, 26.28443], [-82.00213, 26.2769], [-81.99726, 26.26434], [-81.99459, 26.25189], [-81.99005, 26.23717], [-81.98529, 26.21318], [-81.98461, 26.20556], [-81.98327, 26.19466], [-81.98187, 26.17738], [-81.98166, 26.16617], [-81.9806, 26.15555], [-81.97948, 26.14882], [-81.97792, 26.14175], [-81.97588, 26.13439], [-81.97343, 26.12675], [-81.96964, 26.09647], [-81.96959, 26.08437], [-81.9686, 26.07354], [-81.96762, 26.06726], [-81.96623, 26.06049], [-81.96328, 26.04973], [-81.96034, 26.04142], [-81.95583, 26.03109], [-81.95289, 26.02531], [-81.9478, 26.01663], [-81.94421, 26.00778], [-81.93883, 25.99637], [-81.93258, 25.98427], [-81.92578, 25.9721], [-81.92164, 25.96039], [-81.91843, 25.95273], [-81.91799, 25.94426], [-81.91715, 25.93561], [-81.91583, 25.92737], [-81.91469, 25.92202], [-81.91268, 25.91442], [-81.91037, 25.90727], [-81.90773, 25.9004], [-81.90498, 25.89415], [-81.89986, 25.88429], [-81.89583, 25.87762], [-81.8944, 25.87544], [-81.89038, 25.87148], [-81.88792, 25.86371], [-81.88395, 25.85356], [-81.8792, 25.84368], [-81.87372, 25.83412], [-81.8675, 25.82494], [-81.86238, 25.81831], [-81.85689, 25.81195], [-81.85064, 25.80546], [-81.84923, 25.80242], [-81.848206, 25.800785], [-81.62488, 25.802483], [-81.624807, 25.875378], [-81.640197, 25.875378], [-81.640458, 25.889458], [-81.640125, 25.897129], [-81.639844, 25.901607], [-81.638767, 25.905848], [-81.638364, 25.90943], [-81.638632, 25.912111], [-81.639542, 25.914691], [-81.642111, 25.91991], [-81.642581, 25.922008], [-81.642482, 25.924463], [-81.644058, 25.92665], [-81.64623, 25.928728], [-81.649374, 25.930525], [-81.652118, 25.93255], [-81.653091, 25.934123], [-81.653656, 25.934508], [-81.653715, 25.940036], [-81.654303, 25.942958], [-81.657224, 25.9441], [-81.662149, 25.945014], [-81.663242, 25.945655], [-81.664089, 25.946675], [-81.664841, 25.949001], [-81.666062, 25.950403], [-81.669777, 25.951943], [-81.678242, 25.953405], [-81.681618, 25.953836], [-81.683321, 25.952784], [-81.684247, 25.952532], [-81.693883, 25.954605], [-81.699577, 25.956672], [-81.702847, 25.958242], [-81.70686, 25.960904], [-81.709688, 25.963238], [-81.70818, 25.966893], [-81.7076, 25.97026], [-81.703108, 25.981599], [-81.702306, 25.98461], [-81.701573, 26.00676], [-81.699106, 26.063366], [-81.720037, 26.076788], [-81.745712, 26.104883], [-81.743596, 26.106707], [-81.741866, 26.109262], [-81.741865, 26.117603], [-81.742795, 26.153829], [-81.742709, 26.1662], [-81.74291, 26.166197], [-81.742979, 26.168323], [-81.750767, 26.168268], [-81.751167, 26.174014], [-81.734786, 26.174216], [-81.733495, 26.17152], [-81.731356, 26.16876], [-81.718786, 26.168939], [-81.718837, 26.175828], [-81.718288, 26.175853], [-81.718284, 26.17639], [-81.718315, 26.178847], [-81.71887, 26.178827], [-81.718919, 26.182868], [-81.71836, 26.18288], [-81.718613, 26.191338], [-81.719189, 26.191323], [-81.719231, 26.192711], [-81.717216, 26.192761], [-81.717328, 26.19677], [-81.719354, 26.196751], [-81.719354, 26.20051], [-81.718077, 26.202656], [-81.717792, 26.203596], [-81.717875, 26.210151], [-81.73268, 26.209965], [-81.732682, 26.211643], [-81.735938, 26.21161], [-81.736661, 26.244583], [-81.737435, 26.248215], [-81.741504, 26.259213], [-81.742329, 26.262784], [-81.742799, 26.306401], [-81.743483, 26.310115], [-81.746167, 26.316896], [-81.6579, 26.317563], [-81.658558, 26.375359], [-81.659506, 26.421077], [-81.56218, 26.422625], [-81.56421, 26.542476], [-81.579585, 26.541526], [-81.596003, 26.541402], [-81.596022, 26.541105], [-81.596704, 26.5411], [-81.596736, 26.544215], [-81.599491, 26.544201], [-81.599466, 26.542449], [-81.601721, 26.542433], [-81.601752, 26.543981], [-81.603565, 26.543565], [-81.603592, 26.545256], [-81.604586, 26.54502], [-81.604554, 26.541586], [-81.605557, 26.54158], [-81.60557, 26.543053], [-81.608561, 26.542498], [-81.611747, 26.542357], [-81.611808, 26.547669], [-81.612388, 26.547665], [-81.63026, 26.547417], [-81.631069, 26.547058], [-81.631768, 26.546383], [-81.632504, 26.544033], [-81.633009, 26.543269], [-81.633873, 26.542623], [-81.635397, 26.541977], [-81.636881, 26.544819], [-81.637485, 26.545521], [-81.647321, 26.552851], [-81.678338, 26.566382], [-81.678186, 26.566902], [-81.678399, 26.584543], [-81.679189, 26.599016], [-81.679247, 26.613634], [-81.6797, 26.615044], [-81.680658, 26.615966], [-81.68244, 26.617108], [-81.682782, 26.617115], [-81.727855, 26.6167], [-81.729713, 26.617285], [-81.734155, 26.620353], [-81.735643, 26.620909], [-81.751143, 26.621004], [-81.751258, 26.62778], [-81.759208, 26.627714], [-81.759199, 26.627369], [-81.76656, 26.627225], [-81.766758, 26.643535], [-81.765748, 26.643536], [-81.765711, 26.642195], [-81.763471, 26.642254], [-81.763681, 26.65677], [-81.771649, 26.656688], [-81.7716, 26.642165], [-81.787505, 26.642109], [-81.787712, 26.649288], [-81.791609, 26.649254], [-81.791781, 26.653737], [-81.789816, 26.653775], [-81.789906, 26.656401], [-81.801529, 26.656425], [-81.81213, 26.656148], [-81.812292, 26.664844], [-81.812652, 26.664866], [-81.812666, 26.665171], [-81.812299, 26.665181], [-81.81235, 26.667032], [-81.813445, 26.667007], [-81.813399, 26.665148], [-81.813822, 26.665126], [-81.816218, 26.663797], [-81.816329, 26.666092], [-81.818417, 26.666085], [-81.818358, 26.663298], [-81.820006, 26.662769], [-81.820019, 26.663288], [-81.824779, 26.663213], [-81.824472, 26.663476], [-81.824648, 26.67778], [-81.825175, 26.678545], [-81.824536, 26.679015], [-81.826772, 26.680954], [-81.840417, 26.689141], [-81.853953, 26.675495], [-81.876831, 26.661014], [-81.88205, 26.656982], [-81.885917, 26.662802], [-81.899829, 26.678025], [-81.901092, 26.679977], [-81.901599, 26.681563], [-81.901741, 26.683491], [-81.900833, 26.696553], [-81.900174, 26.702512], [-81.90024, 26.704925], [-81.900819, 26.70759], [-81.90596, 26.723455], [-81.906979, 26.725878], [-81.931333, 26.770051], [-82.198626, 26.770892], [-82.205562, 26.770528], [-82.20749, 26.771029], [-82.208794, 26.771724], [-82.213197, 26.775288], [-82.218118, 26.779788], [-82.221492, 26.781754], [-82.222403, 26.781988], [-82.228066, 26.782178], [-82.231046, 26.782653], [-82.233914, 26.783221], [-82.242631, 26.785739], [-82.248032, 26.786857], [-82.249816, 26.786886], [-82.264676, 26.789429], [-82.272213, 26.789518], [-82.307905, 26.788625], [-82.462012, 26.787429]]]}}]}