{"type":"FeatureCollection","features":[{"type":"Feature","geometry":{"type":"Polygon","coordinates":[[[-82.4187,29.9231],[-82.413,29.9262],[-82.4071,29.926],[-82.4012,29.927],[-82.3925,29.9253],[-82.3863,29.927],[-82.3799,29.9318],[-82.3714,29.9352],[-82.3645,29.9341],[-82.358,29.9336],[-82.3518,29.9375],[-82.347,29.9431],[-82.3454,29.9502],[-82.3452,29.9568],[-82.34,29.9606],[-82.3325,29.9598],[-82.3267,29.9578],[-82.321,29.9554],[-82.3134,29.9547],[-82.3074,29.9562],[-82.3032,29.9619],[-82.301,29.9674],[-82.2958,29.9722],[-82.2906,29.9758],[-82.2872,29.9812],[-82.2803,29.9884],[-82.2766,29.9955],[-82.2721,30.0044],[-82.2681,30.0101],[-82.2657,30.0157],[-82.2654,30.021],[-82.26,30.0281],[-82.2536,30.0287],[-82.247,30.0295],[-82.2416,30.0294],[-82.2348,30.0311],[-82.2256,30.0343],[-82.2202,30.0392],[-82.2167,30.0453],[-82.2084,30.0502],[-82.1864,30.0648],[-82.1797,30.0712],[-82.1767,30.0788],[-82.1755,30.0843],[-82.1741,30.0912],[-82.1703,30.0973],[-82.1639,30.1017],[-82.1543,30.1069],[-82.1473,30.11],[-82.1424,30.1163],[-82.1401,30.1223],[-82.1379,30.1274],[-82.1406,30.1327],[-82.1457,30.132],[-82.1453,30.138],[-82.1426,30.1431],[-82.0494,30.1431],[-82.0494,30.1104],[-82.0492,30.0559],[-82.0488,30.0155],[-82.0477,29.9949],[-82.0478,29.978],[-82.0483,29.9573],[-82.0483,29.9385],[-82.048,29.9102],[-82.0474,29.8649],[-82.0469,29.8275],[-82.0465,29.8196],[-82.0465,29.8134],[-82.0468,29.7982],[-82.0465,29.7926],[-82.0463,29.775],[-82.0465,29.769],[-82.0463,29.7589],[-82.0461,29.7471],[-82.0476,29.7327],[-82.0489,29.7207],[-82.0556,29.7182],[-82.0541,29.7252],[-82.0544,29.7327],[-82.0551,29.7381],[-82.0564,29.7442],[-82.0603,29.7504],[-82.0669,29.7565],[-82.0731,29.7604],[-82.0827,29.7613],[-82.0882,29.7609],[-82.0821,29.7636],[-82.08,29.7722],[-82.0816,29.7781],[-82.0898,29.7792],[-82.098,29.7809],[-82.1044,29.7833],[-82.1089,29.7907],[-82.1176,29.7906],[-82.1176,29.7982],[-82.1217,29.8053],[-82.1239,29.8237],[-82.1299,29.8237],[-82.1302,29.8308],[-82.1331,29.8359],[-82.1385,29.836],[-82.1466,29.8359],[-82.1619,29.8387],[-82.1732,29.837],[-82.1821,29.8407],[-82.1883,29.8459],[-82.1945,29.8485],[-82.2059,29.8455],[-82.2197,29.8453],[-82.2335,29.8453],[-82.2382,29.8508],[-82.2441,29.8524],[-82.2496,29.8501],[-82.2574,29.8485],[-82.2637,29.8466],[-82.2696,29.8449],[-82.2751,29.8442],[-82.2818,29.8444],[-82.2897,29.849],[-82.2949,29.8509],[-82.305,29.8532],[-82.3052,29.8599],[-82.314,29.8601],[-82.3142,29.8676],[-82.3231,29.8672],[-82.3293,29.8743],[-82.335,29.8787],[-82.3433,29.8766],[-82.3501,29.8782],[-82.3564,29.8775],[-82.3615,29.8812],[-82.3678,29.8804],[-82.3739,29.8793],[-82.379,29.8809],[-82.3874,29.8819],[-82.3933,29.8851],[-82.3988,29.8873],[-82.4013,29.8928],[-82.4047,29.8984],[-82.406,29.9041],[-82.407,29.9102],[-82.4087,29.9158],[-82.4133,29.9212],[-82.4187,29.9231]]]},"properties":{"name":"Bradford","dem18":25.8,"dem22":18.2,"shift":-7.6}},{"type":"Feature","geometry":{"type":"Polygon","coordinates":[[[-80.9873,28.613],[-80.9804,28.6131],[-80.9742,28.6127],[-80.9672,28.6127],[-80.9679,28.7902],[-80.8996,28.791],[-80.8827,28.7912],[-80.8429,28.7911],[-80.8068,28.7913],[-80.7329,28.7912],[-80.7097,28.7567],[-80.6473,28.6779],[-80.6275,28.6503],[-80.6224,28.6428],[-80.6168,28.6346],[-80.5953,28.6095],[-80.5839,28.5977],[-80.5742,28.5853],[-80.5703,28.5737],[-80.5674,28.5624],[-80.5641,28.5431],[-80.561,28.5307],[-80.5542,28.5138],[-80.5457,28.4988],[-80.5361,28.4786],[-80.5251,28.4595],[-80.5267,28.4517],[-80.5359,28.447],[-80.5423,28.4457],[-80.5576,28.4391],[-80.5638,28.4358],[-80.5728,28.4278],[-80.5781,28.4231],[-80.5827,28.4169],[-80.5847,28.4118],[-80.5898,28.406],[-80.5941,28.3953],[-80.5975,28.3855],[-80.599,28.3799],[-80.6012,28.3711],[-80.6038,28.3579],[-80.6062,28.339],[-80.6068,28.3271],[-80.6067,28.3201],[-80.6067,28.3145],[-80.6068,28.2988],[-80.6062,28.2893],[-80.6048,28.272],[-80.6034,28.2559],[-80.5982,28.2219],[-80.5967,28.2126],[-80.5953,28.2034],[-80.5945,28.198],[-80.5921,28.187],[-80.59,28.178],[-80.5884,28.1723],[-80.5864,28.1647],[-80.5845,28.1576],[-80.5811,28.1452],[-80.5793,28.1387],[-80.5725,28.1135],[-80.567,28.0963],[-80.5634,28.086],[-80.5603,28.078],[-80.5579,28.0718],[-80.5537,28.0625],[-80.5511,28.0565],[-80.5484,28.0504],[-80.5446,28.0424],[-80.54,28.0326],[-80.536,28.0243],[-80.531,28.0137],[-80.5243,28.0005],[-80.514,27.9809],[-80.5111,27.9749],[-80.4928,27.9405],[-80.4739,27.9083],[-80.467,27.8965],[-80.4578,27.8799],[-80.447,27.862],[-80.4514,27.8568],[-80.4786,27.8546],[-80.4911,27.8546],[-80.4944,27.8459],[-80.4969,27.8384],[-80.5053,27.8288],[-80.5091,27.8221],[-80.5545,27.8222],[-80.6071,27.8224],[-80.7416,27.823],[-80.7701,27.8237],[-80.8275,27.8229],[-80.8689,27.8225],[-80.8696,27.9479],[-80.8694,27.964],[-80.8696,27.9779],[-80.8695,28.0485],[-80.8701,28.0571],[-80.8693,28.0651],[-80.8693,28.0847],[-80.8629,28.0847],[-80.8628,28.0919],[-80.8616,28.2387],[-80.8616,28.2466],[-80.8614,28.2523],[-80.8628,28.3472],[-80.8687,28.3525],[-80.8739,28.3616],[-80.8725,28.3668],[-80.8753,28.3732],[-80.8815,28.3746],[-80.8795,28.3797],[-80.8855,28.3848],[-80.8896,28.3923],[-80.8847,28.3984],[-80.8864,28.4038],[-80.885,28.4109],[-80.8911,28.4162],[-80.8965,28.4187],[-80.8965,28.425],[-80.8983,28.4318],[-80.8964,28.4374],[-80.8939,28.4439],[-80.892,28.4491],[-80.8972,28.4529],[-80.8955,28.4581],[-80.8958,28.4632],[-80.8908,28.4684],[-80.8847,28.4687],[-80.8797,28.4683],[-80.8727,28.4712],[-80.8742,28.4763],[-80.8734,28.4822],[-80.8773,28.488],[-80.8826,28.4915],[-80.881,28.4966],[-80.8813,28.504],[-80.8852,28.5096],[-80.8903,28.5118],[-80.8964,28.5094],[-80.902,28.5105],[-80.9071,28.5138],[-80.907,28.5204],[-80.9126,28.523],[-80.9206,28.5252],[-80.9234,28.5327],[-80.9287,28.5329],[-80.9355,28.5347],[-80.9394,28.5404],[-80.9342,28.5405],[-80.9341,28.5477],[-80.9338,28.555],[-80.9322,28.5618],[-80.9337,28.5676],[-80.9393,28.5724],[-80.9404,28.5781],[-80.9458,28.5829],[-80.9451,28.5889],[-80.9463,28.5957],[-80.9531,28.6011],[-80.96,28.6029],[-80.9652,28.6044],[-80.9706,28.6086],[-80.978,28.6091],[-80.9837,28.6102],[-80.9873,28.613]]]},"properties":{"name":"Brevard","dem18":41.5,"dem22":35.8,"shift":-5.7}},{"type":"Feature","geometry":{"type":"Polygon","coordinates":[[[-86.3972,30.3856],[-86.3969,30.3983],[-86.3954,30.4333],[-86.3948,30.4501],[-86.3942,30.4641],[-86.3936,30.4934],[-86.3927,30.5627],[-86.3923,30.694],[-86.3918,30.7069],[-86.3916,30.7219],[-86.3916,30.7287],[-86.3918,30.7483],[-86.3917,30.7568],[-86.3909,30.8128],[-86.39,30.8663],[-86.3897,30.8752],[-86.389,30.9065],[-86.3888,30.9216],[-86.3886,30.9477],[-86.3886,30.9666],[-86.3886,30.9942],[-86.3745,30.9945],[-86.3693,30.9945],[-86.3502,30.9944],[-86.334,30.9942],[-86.3225,30.9942],[-86.3091,30.9941],[-86.2971,30.9939],[-86.2892,30.9938],[-86.2712,30.9938],[-86.2564,30.9939],[-86.2383,30.9944],[-86.1872,30.994],[-86.1802,30.994],[-86.1752,30.9938],[-86.169,30.9937],[-86.1629,30.9937],[-86.1327,30.9932],[-86.1169,30.9929],[-86.0562,30.9931],[-86.035,30.9933],[-86.0356,30.9273],[-86.0361,30.8919],[-86.0361,30.8802],[-86.0362,30.8688],[-86.0374,30.8057],[-86.0375,30.7221],[-86.0376,30.7131],[-86.0376,30.7046],[-85.9999,30.7044],[-85.9545,30.7037],[-85.949,30.7037],[-85.9364,30.7035],[-85.9193,30.7034],[-85.8885,30.7033],[-85.8765,30.7031],[-85.8631,30.703],[-85.8444,30.7031],[-85.8508,30.7012],[-85.858,30.6986],[-85.8605,30.6928],[-85.8658,30.6911],[-85.8633,30.6855],[-85.8704,30.6802],[-85.8755,30.6808],[-85.871,30.6751],[-85.8709,30.6696],[-85.8692,30.6642],[-85.8749,30.66],[-85.8816,30.6568],[-85.8889,30.6569],[-85.8903,30.6515],[-85.8968,30.6478],[-85.9027,30.6446],[-85.9081,30.6398],[-85.9152,30.637],[-85.911,30.6309],[-85.9123,30.6252],[-85.9107,30.6193],[-85.9083,30.614],[-85.9096,30.6084],[-85.9112,30.6025],[-85.9159,30.5968],[-85.9106,30.5982],[-85.9103,30.5929],[-85.9095,30.5869],[-85.9032,30.5848],[-85.8977,30.586],[-85.8935,30.5808],[-85.8893,30.5743],[-85.8887,30.5688],[-85.8886,30.5619],[-85.8821,30.5592],[-85.8794,30.5486],[-85.8803,30.5425],[-85.8773,30.5319],[-85.8835,30.5301],[-85.8862,30.5245],[-85.8876,30.5185],[-85.8816,30.5163],[-85.8813,30.5103],[-85.8804,30.505],[-85.8749,30.5075],[-85.8682,30.507],[-85.8667,30.5002],[-85.8604,30.4973],[-85.8594,30.4916],[-85.8668,30.4876],[-85.8715,30.4821],[-85.8749,30.4758],[-85.8774,30.4679],[-85.8843,30.4654],[-85.8857,30.4715],[-85.8914,30.4626],[-85.8935,30.4572],[-85.8983,30.4511],[-85.9012,30.4438],[-85.9089,30.4427],[-85.9148,30.4386],[-85.9244,30.4401],[-85.9324,30.4416],[-85.9399,30.4439],[-85.947,30.4446],[-85.9528,30.4442],[-85.9588,30.4406],[-85.9659,30.4365],[-85.9691,30.4311],[-85.9748,30.4335],[-85.9819,30.4295],[-85.9866,30.4235],[-85.9837,30.4185],[-85.9877,30.4119],[-85.9931,30.4063],[-85.9935,30.3961],[-85.9927,30.3893],[-85.9948,30.3132],[-85.9955,30.2813],[-85.9957,30.2747],[-85.9959,30.2691],[-86.09,30.3036],[-86.0977,30.306],[-86.1241,30.3141],[-86.1427,30.3199],[-86.1565,30.3242],[-86.1797,30.3314],[-86.1887,30.3342],[-86.2009,30.3373],[-86.2226,30.3436],[-86.2435,30.3497],[-86.2491,30.3512],[-86.2636,30.3551],[-86.2801,30.3589],[-86.2987,30.363],[-86.314,30.3664],[-86.3424,30.3713],[-86.3514,30.3726],[-86.3642,30.3745],[-86.3808,30.3767],[-86.3878,30.3776],[-86.3974,30.3787],[-86.3972,30.3856]]]},"properties":{"name":"Walton","dem18":23.4,"dem22":17.6,"shift":-5.8}},{"type":"Feature","geometry":{"type":"Polygon","coordinates":[[[-82.6812,28.4642],[-82.6736,28.4683],[-82.6667,28.4756],[-82.6651,28.4844],[-82.667,28.4897],[-82.668,28.4952],[-82.6701,28.5008],[-82.6782,28.4993],[-82.6689,28.5077],[-82.6694,28.5199],[-82.668,28.5282],[-82.6593,28.5315],[-82.6528,28.5378],[-82.6567,28.5448],[-82.6623,28.55],[-82.6568,28.554],[-82.6511,28.557],[-82.6564,28.568],[-82.6555,28.5731],[-82.6459,28.5805],[-82.6492,28.5876],[-82.6554,28.5923],[-82.6563,28.6005],[-82.6627,28.605],[-82.6539,28.6135],[-82.6599,28.6222],[-82.6658,28.6231],[-82.671,28.6287],[-82.6726,28.6369],[-82.6716,28.6426],[-82.6725,28.6513],[-82.6777,28.6548],[-82.6753,28.661],[-82.668,28.6632],[-82.6694,28.6692],[-82.662,28.6673],[-82.6551,28.6749],[-82.6551,28.6805],[-82.668,28.6833],[-82.6663,28.6888],[-82.6746,28.6939],[-82.5526,28.6946],[-82.5074,28.6947],[-82.4514,28.6948],[-82.4184,28.6949],[-82.418,28.6695],[-82.3599,28.666],[-82.3227,28.6669],[-82.2772,28.6669],[-82.2684,28.6669],[-82.2631,28.6676],[-82.2665,28.6607],[-82.274,28.6607],[-82.2736,28.6538],[-82.267,28.6481],[-82.2609,28.647],[-82.2599,28.6415],[-82.2602,28.635],[-82.2521,28.6291],[-82.2471,28.6272],[-82.2463,28.6201],[-82.2416,28.6146],[-82.2342,28.6087],[-82.2328,28.6028],[-82.2276,28.5984],[-82.2216,28.5932],[-82.2204,28.5871],[-82.2173,28.5803],[-82.2097,28.5728],[-82.2019,28.5722],[-82.1965,28.5757],[-82.1904,28.5729],[-82.1848,28.5703],[-82.1773,28.5684],[-82.1721,28.5658],[-82.1668,28.564],[-82.1595,28.5695],[-82.1533,28.572],[-82.1451,28.5678],[-82.138,28.5655],[-82.1355,28.5602],[-82.1339,28.5544],[-82.1308,28.5464],[-82.1247,28.5434],[-82.1191,28.5407],[-82.1122,28.5441],[-82.1072,28.5409],[-82.1047,28.5347],[-82.0985,28.5289],[-82.095,28.5236],[-82.0869,28.5246],[-82.0806,28.5281],[-82.0725,28.5315],[-82.0652,28.53],[-82.0584,28.5254],[-82.0547,28.4784],[-82.1528,28.4784],[-82.1783,28.4785],[-82.196,28.4785],[-82.2041,28.4787],[-82.2519,28.4788],[-82.2533,28.4568],[-82.2534,28.4348],[-82.2812,28.4348],[-82.3028,28.4349],[-82.3194,28.4349],[-82.3708,28.4341],[-82.4529,28.4338],[-82.4592,28.4337],[-82.4694,28.4338],[-82.485,28.4337],[-82.5085,28.4337],[-82.5188,28.4337],[-82.5279,28.4337],[-82.5461,28.4338],[-82.5513,28.4338],[-82.5667,28.4338],[-82.5825,28.4339],[-82.6006,28.4339],[-82.6172,28.4338],[-82.6273,28.4338],[-82.6336,28.4339],[-82.64,28.4338],[-82.6541,28.4337],[-82.6699,28.4336],[-82.6709,28.4406],[-82.6678,28.4486],[-82.6687,28.4538],[-82.6742,28.4573],[-82.6805,28.4608],[-82.6812,28.4642]]]},"properties":{"name":"Hernando","dem18":37.2,"dem22":29.6,"shift":-7.6}},{"type":"Feature","geometry":{"type":"Polygon","coordinates":[[[-83.3092,30.6344],[-83.2562,30.6313],[-83.1874,30.6272],[-83.1744,30.6264],[-83.1633,30.6259],[-83.1562,30.6255],[-83.1366,30.624],[-83.1314,30.6236],[-83.1214,30.623],[-83.056,30.6193],[-83.0235,30.6174],[-82.9399,30.6126],[-82.8788,30.6091],[-82.6989,30.5983],[-82.6895,30.5977],[-82.6954,30.5951],[-82.6993,30.5893],[-82.7067,30.5843],[-82.7049,30.5767],[-82.7136,30.5708],[-82.7169,30.5644],[-82.7226,30.5636],[-82.7269,30.5583],[-82.7216,30.5544],[-82.7225,30.5479],[-82.7193,30.5417],[-82.7145,30.5318],[-82.7206,30.5301],[-82.7276,30.5305],[-82.7255,30.5217],[-82.7202,30.5213],[-82.7161,30.5125],[-82.7165,30.5074],[-82.7103,30.5067],[-82.7075,30.5006],[-82.7052,30.4951],[-82.698,30.4903],[-82.6967,30.4846],[-82.7024,30.4833],[-82.7018,30.4777],[-82.695,30.4736],[-82.6884,30.472],[-82.682,30.4711],[-82.6767,30.4704],[-82.6759,30.4647],[-82.681,30.4643],[-82.6771,30.4584],[-82.6705,30.4531],[-82.6651,30.4533],[-82.6679,30.4472],[-82.6729,30.4486],[-82.6663,30.4426],[-82.661,30.4389],[-82.6556,30.4349],[-82.6527,30.4294],[-82.6539,30.422],[-82.6515,30.4156],[-82.65,30.4101],[-82.6462,30.4047],[-82.6467,30.3974],[-82.6499,30.3919],[-82.6578,30.3915],[-82.6582,30.386],[-82.6644,30.3802],[-82.6651,30.3749],[-82.6658,30.367],[-82.6723,30.3655],[-82.6813,30.3588],[-82.6869,30.3533],[-82.6843,30.3479],[-82.6815,30.3428],[-82.689,30.3351],[-82.6973,30.3335],[-82.7031,30.3326],[-82.7103,30.3284],[-82.7151,30.3221],[-82.7215,30.3244],[-82.7247,30.3295],[-82.7301,30.3311],[-82.7365,30.3284],[-82.7398,30.3216],[-82.7454,30.3174],[-82.753,30.3195],[-82.7608,30.3243],[-82.7606,30.3293],[-82.7658,30.33],[-82.7716,30.3259],[-82.7778,30.3233],[-82.7845,30.3247],[-82.792,30.3265],[-82.7935,30.3332],[-82.7957,30.3406],[-82.8039,30.3454],[-82.8098,30.3374],[-82.8159,30.3419],[-82.8233,30.3417],[-82.8322,30.3468],[-82.8379,30.3423],[-82.8442,30.3409],[-82.8495,30.3464],[-82.8516,30.356],[-82.8571,30.3583],[-82.8634,30.3573],[-82.8687,30.3626],[-82.8747,30.3656],[-82.8816,30.3668],[-82.8873,30.3678],[-82.8923,30.3729],[-82.8906,30.3781],[-82.8891,30.3847],[-82.8967,30.3868],[-82.9058,30.3881],[-82.9084,30.3801],[-82.9149,30.3831],[-82.9201,30.3859],[-82.9277,30.391],[-82.933,30.3934],[-82.939,30.4],[-82.9457,30.4008],[-82.9476,30.4066],[-82.9549,30.4097],[-82.965,30.4156],[-82.9717,30.4173],[-82.9776,30.4185],[-82.9827,30.419],[-82.9848,30.4255],[-82.9909,30.4275],[-82.9978,30.4307],[-83.0042,30.4319],[-83.0063,30.4253],[-83.0123,30.4235],[-83.0178,30.4247],[-83.0275,30.4279],[-83.0343,30.4308],[-83.0416,30.4297],[-83.0481,30.4304],[-83.054,30.4294],[-83.0593,30.4294],[-83.0649,30.4279],[-83.0706,30.4245],[-83.076,30.426],[-83.0778,30.4312],[-83.0787,30.4381],[-83.0841,30.4381],[-83.0895,30.437],[-83.0959,30.4367],[-83.1016,30.4353],[-83.1087,30.4342],[-83.1162,30.432],[-83.1221,30.4326],[-83.1272,30.4295],[-83.1322,30.4238],[-83.1356,30.4187],[-83.1416,30.4227],[-83.1483,30.4175],[-83.1545,30.4174],[-83.1597,30.4098],[-83.1585,30.4029],[-83.1644,30.3997],[-83.1643,30.3932],[-83.1697,30.3896],[-83.1756,30.391],[-83.175,30.3969],[-83.1779,30.4021],[-83.1803,30.4082],[-83.1868,30.4129],[-83.1924,30.4153],[-83.1985,30.4159],[-83.2041,30.4149],[-83.2094,30.421],[-83.2153,30.4183],[-83.2222,30.4235],[-83.2206,30.4336],[-83.2202,30.4392],[-83.2188,30.4462],[-83.2228,30.4521],[-83.2177,30.4559],[-83.2196,30.462],[-83.2259,30.468],[-83.2317,30.4702],[-83.2392,30.4727],[-83.2419,30.4782],[-83.2439,30.484],[-83.245,30.4921],[-83.2422,30.4971],[-83.2428,30.5022],[-83.2441,30.5109],[-83.2426,30.5165],[-83.241,30.5243],[-83.245,30.5308],[-83.2469,30.5374],[-83.2518,30.546],[-83.2608,30.5528],[-83.2584,30.5584],[-83.2579,30.5659],[-83.2598,30.5731],[-83.2627,30.581],[-83.2566,30.5862],[-83.2582,30.5913],[-83.2599,30.5967],[-83.2635,30.6034],[-83.267,30.6085],[-83.2669,30.6151],[-83.2691,30.6222],[-83.272,30.6272],[-83.2791,30.6287],[-83.2845,30.6281],[-83.2899,30.6291],[-83.2988,30.632],[-83.3048,30.6321],[-83.3092,30.6344]]]},"properties":{"name":"Hamilton","dem18":35.4,"dem22":26.3,"shift":-9.1}},{"type":"Feature","geometry":{"type":"Polygon","coordinates":[[[-84.0762,30.1253],[-84.0758,30.2627],[-84.0755,30.2736],[-84.0758,30.3698],[-84.0754,30.3752],[-84.0749,30.4129],[-84.0748,30.4308],[-84.0623,30.4451],[-84.0415,30.4633],[-84.0413,30.4735],[-84.0412,30.4837],[-84.0411,30.5185],[-83.9774,30.5222],[-83.9807,30.5288],[-83.9831,30.5353],[-83.9857,30.542],[-83.987,30.5471],[-83.9817,30.5519],[-83.985,30.5574],[-83.9909,30.5611],[-83.9951,30.5681],[-83.9977,30.574],[-83.9966,30.579],[-84.0017,30.5859],[-84.0019,30.5914],[-84.0018,30.5967],[-84.0039,30.6027],[-84.0057,30.6092],[-84.0078,30.6252],[-84.0075,30.6721],[-83.8803,30.6658],[-83.8552,30.6644],[-83.8209,30.6626],[-83.8105,30.6619],[-83.7437,30.6584],[-83.6768,30.6549],[-83.6422,30.653],[-83.6117,30.6513],[-83.6121,30.6387],[-83.6044,30.6382],[-83.6046,30.6205],[-83.6042,30.5819],[-83.6207,30.582],[-83.6212,30.5674],[-83.6373,30.5675],[-83.6374,30.5527],[-83.6711,30.5529],[-83.6711,30.538],[-83.7043,30.5381],[-83.7045,30.524],[-83.726,30.523],[-83.7319,30.5151],[-83.7369,30.5081],[-83.7364,30.5021],[-83.7328,30.496],[-83.7277,30.49],[-83.7264,30.4846],[-83.7274,30.4796],[-83.7287,30.4741],[-83.7249,30.4686],[-83.7239,30.4612],[-83.728,30.4558],[-83.7264,30.4502],[-83.7228,30.4423],[-83.7216,30.4366],[-83.7271,30.4325],[-83.7331,30.4258],[-83.7394,30.422],[-83.7432,30.4158],[-83.7487,30.4106],[-83.7501,30.405],[-83.752,30.3981],[-83.7552,30.3918],[-83.7573,30.3855],[-83.7629,30.3831],[-83.7684,30.3819],[-83.7739,30.3825],[-83.7798,30.3821],[-83.7867,30.3803],[-83.7875,30.3867],[-83.7927,30.3879],[-83.7957,30.3821],[-83.8009,30.3798],[-83.8042,30.3737],[-83.8066,30.368],[-83.8065,30.3625],[-83.8046,30.3562],[-83.8051,30.351],[-83.7992,30.3469],[-83.7976,30.3413],[-83.7936,30.3355],[-83.7871,30.3317],[-83.7893,30.3263],[-83.7925,30.3192],[-83.7985,30.317],[-83.8059,30.3158],[-83.8111,30.3183],[-83.8165,30.315],[-83.8205,30.3092],[-83.8202,30.3035],[-83.8228,30.298],[-83.8284,30.2927],[-83.8337,30.2867],[-83.8377,30.2808],[-83.8427,30.2784],[-83.8477,30.2785],[-83.8538,30.277],[-83.8592,30.2727],[-83.8647,30.2705],[-83.871,30.2696],[-83.8765,30.2688],[-83.8817,30.2676],[-83.8882,30.2633],[-83.8934,30.2581],[-83.8973,30.2521],[-83.9026,30.2495],[-83.9101,30.2477],[-83.9158,30.2452],[-83.9158,30.2396],[-83.916,30.2343],[-83.9216,30.2286],[-83.9166,30.2253],[-83.9189,30.2199],[-83.9193,30.2135],[-83.9239,30.2068],[-83.9248,30.2013],[-83.927,30.1943],[-83.931,30.1891],[-83.9364,30.1918],[-83.9435,30.191],[-83.9488,30.1875],[-83.9508,30.1813],[-83.9527,30.1758],[-83.9581,30.1714],[-83.9576,30.1663],[-83.96,30.1606],[-83.9619,30.154],[-83.9682,30.1486],[-83.9735,30.1446],[-83.9718,30.1392],[-83.9697,30.1338],[-83.9737,30.1284],[-83.9777,30.1231],[-83.9802,30.1143],[-83.983,30.1087],[-83.988,30.1036],[-83.9898,30.0986],[-83.992,30.0934],[-83.9914,30.086],[-83.9965,30.0817],[-84.002,30.0852],[-83.9992,30.0914],[-84.0068,30.0976],[-84.014,30.0973],[-84.0243,30.1033],[-84.0367,30.1023],[-84.043,30.1015],[-84.0487,30.1032],[-84.0539,30.1024],[-84.0607,30.1005],[-84.076,30.0955],[-84.0762,30.1253]]]},"properties":{"name":"Jefferson","dem18":46.5,"dem22":39.2,"shift":-7.3}},{"type":"Feature","geometry":{"type":"Polygon","coordinates":[[[-82.0493,30.2733],[-82.0375,30.2835],[-82.0247,30.2947],[-82.0115,30.3061],[-81.9549,30.357],[-81.9355,30.374],[-81.9174,30.3905],[-81.8663,30.4363],[-81.8345,30.4643],[-81.8095,30.4845],[-81.8019,30.4947],[-81.7949,30.5054],[-81.7816,30.5033],[-81.7653,30.5187],[-81.7637,30.5349],[-81.7561,30.5312],[-81.7496,30.5315],[-81.7433,30.532],[-81.7372,30.5368],[-81.7352,30.5421],[-81.7345,30.5478],[-81.7342,30.5535],[-81.7352,30.559],[-81.7298,30.5583],[-81.7252,30.5635],[-81.7224,30.5709],[-81.7159,30.5712],[-81.7106,30.5663],[-81.7039,30.5674],[-81.6987,30.5693],[-81.6962,30.5638],[-81.6881,30.5663],[-81.6811,30.563],[-81.6749,30.5658],[-81.6694,30.5633],[-81.6677,30.5576],[-81.673,30.5566],[-81.6667,30.5517],[-81.6601,30.5516],[-81.6624,30.5572],[-81.6594,30.5628],[-81.6562,30.57],[-81.6511,30.5718],[-81.646,30.5756],[-81.6402,30.5796],[-81.6345,30.5818],[-81.6287,30.5835],[-81.6228,30.5841],[-81.617,30.5806],[-81.6094,30.5848],[-81.6043,30.584],[-81.6105,30.5778],[-81.605,30.5735],[-81.6015,30.5677],[-81.6077,30.5663],[-81.6131,30.5642],[-81.6121,30.5583],[-81.6057,30.5544],[-81.6018,30.5606],[-81.5921,30.5653],[-81.5865,30.5667],[-81.5843,30.56],[-81.5867,30.5542],[-81.5889,30.549],[-81.5797,30.5395],[-81.5678,30.5366],[-81.5593,30.5425],[-81.5509,30.543],[-81.551,30.5348],[-81.5491,30.5284],[-81.5441,30.5247],[-81.5372,30.5241],[-81.5302,30.5263],[-81.5252,30.5334],[-81.5214,30.5388],[-81.5198,30.5467],[-81.5238,30.5563],[-81.5154,30.5658],[-81.5027,30.5647],[-81.491,30.5546],[-81.488,30.5422],[-81.4799,30.5335],[-81.4598,30.5247],[-81.4559,30.5134],[-81.4437,30.4988],[-81.4324,30.4872],[-81.4156,30.4848],[-81.4124,30.4682],[-81.4102,30.4535],[-81.4083,30.4407],[-81.4081,30.4346],[-81.4125,30.4229],[-81.4037,30.4091],[-81.41,30.4035],[-81.4048,30.3972],[-81.3947,30.3965],[-81.3971,30.3813],[-81.398,30.3617],[-81.3965,30.3363],[-81.3962,30.3311],[-81.3952,30.3246],[-81.3935,30.3145],[-81.3924,30.3077],[-81.3908,30.3004],[-81.3883,30.291],[-81.3869,30.2847],[-81.3857,30.2794],[-81.3845,30.274],[-81.3827,30.2653],[-81.3809,30.2568],[-81.3884,30.2528],[-81.4006,30.2527],[-81.4301,30.2522],[-81.4369,30.2523],[-81.4366,30.237],[-81.4343,30.1347],[-81.4339,30.1151],[-81.4337,30.106],[-81.479,30.1048],[-81.4945,30.1045],[-81.5043,30.1043],[-81.5144,30.1042],[-81.5387,30.1037],[-81.539,30.1199],[-81.5562,30.1178],[-81.5622,30.1175],[-81.5678,30.1178],[-81.5737,30.1206],[-81.5809,30.1261],[-81.5905,30.1258],[-81.6012,30.1305],[-81.6123,30.1329],[-81.6237,30.1336],[-81.6292,30.1315],[-81.6417,30.1255],[-81.6505,30.1215],[-81.6802,30.1212],[-81.6918,30.1423],[-81.6902,30.1613],[-81.6904,30.1691],[-81.6817,30.1814],[-81.6796,30.1905],[-81.6912,30.1912],[-81.6988,30.1915],[-81.7064,30.1896],[-81.7176,30.1911],[-81.7252,30.191],[-81.7335,30.1935],[-81.7389,30.1893],[-81.7643,30.1893],[-81.7982,30.189],[-81.8086,30.189],[-81.8259,30.1887],[-81.8376,30.1886],[-81.8459,30.1885],[-81.868,30.188],[-81.8907,30.1875],[-81.9204,30.1869],[-81.9555,30.1863],[-82.0185,30.1867],[-82.0494,30.1869],[-82.0493,30.2733]]]},"properties":{"name":"Duval","dem18":52.2,"dem22":44.1,"shift":-8.1}},{"type":"Feature","geometry":{"type":"Polygon","coordinates":[[[-81.4597,28.6444],[-81.4597,28.6616],[-81.4597,28.6727],[-81.4596,28.6802],[-81.4596,28.6886],[-81.4595,28.7094],[-81.4505,28.7144],[-81.4443,28.7139],[-81.4394,28.7191],[-81.4316,28.727],[-81.4269,28.7337],[-81.4219,28.7397],[-81.4185,28.7546],[-81.4157,28.7597],[-81.4156,28.7665],[-81.4157,28.7738],[-81.4151,28.7803],[-81.4147,28.7856],[-81.4138,28.7926],[-81.4157,28.8026],[-81.418,28.8082],[-81.4196,28.8152],[-81.4168,28.8246],[-81.412,28.8306],[-81.4039,28.8348],[-81.3984,28.8407],[-81.3901,28.849],[-81.383,28.852],[-81.3799,28.8581],[-81.376,28.8659],[-81.3697,28.8705],[-81.3669,28.8792],[-81.3607,28.8725],[-81.3646,28.8674],[-81.3579,28.864],[-81.3521,28.8623],[-81.355,28.8546],[-81.3593,28.8489],[-81.3525,28.8472],[-81.3449,28.8463],[-81.3391,28.8452],[-81.3335,28.8404],[-81.3242,28.8376],[-81.3096,28.8346],[-81.3041,28.8344],[-81.2895,28.8341],[-81.273,28.8337],[-81.2548,28.8332],[-81.2257,28.8325],[-81.2229,28.8269],[-81.2246,28.8216],[-81.2186,28.817],[-81.216,28.8117],[-81.2137,28.8042],[-81.208,28.8018],[-81.1987,28.7945],[-81.1913,28.7957],[-81.1863,28.7947],[-81.1804,28.796],[-81.1795,28.7903],[-81.1812,28.7829],[-81.1716,28.786],[-81.1643,28.7894],[-81.1564,28.7918],[-81.1489,28.7922],[-81.1379,28.7913],[-81.1384,28.7974],[-81.1303,28.7985],[-81.1298,28.8043],[-81.1248,28.8107],[-81.1253,28.8193],[-81.1205,28.8257],[-81.1151,28.8261],[-81.1058,28.8285],[-81.0995,28.8232],[-81.0933,28.8248],[-81.087,28.8183],[-81.0797,28.8169],[-81.0747,28.8163],[-81.0674,28.813],[-81.0677,28.8053],[-81.0634,28.7994],[-81.0571,28.7904],[-81.0555,28.7848],[-81.0531,28.7736],[-81.0606,28.762],[-81.0611,28.7567],[-81.0611,28.75],[-81.0409,28.7297],[-81.036,28.7241],[-81.034,28.7186],[-81.0355,28.7122],[-81.0275,28.7046],[-81.0214,28.7011],[-81.0166,28.693],[-81.0199,28.6873],[-81.0212,28.6776],[-81.0141,28.6703],[-81.0072,28.6635],[-81.0059,28.6532],[-81.0031,28.6481],[-81.0012,28.6411],[-81.007,28.6371],[-81.0024,28.6314],[-80.9985,28.6261],[-80.9896,28.6248],[-80.9869,28.6183],[-80.9873,28.613],[-80.9954,28.6132],[-81.0677,28.6127],[-81.098,28.6127],[-81.1062,28.6126],[-81.129,28.6125],[-81.1578,28.6122],[-81.1745,28.612],[-81.1869,28.612],[-81.192,28.6121],[-81.2012,28.612],[-81.2075,28.6119],[-81.2179,28.6119],[-81.2241,28.6118],[-81.2332,28.6117],[-81.2447,28.6115],[-81.2623,28.6115],[-81.2778,28.6112],[-81.2948,28.6109],[-81.3024,28.6108],[-81.3088,28.6107],[-81.3145,28.6107],[-81.3279,28.6105],[-81.328,28.6177],[-81.3283,28.6311],[-81.3285,28.6396],[-81.3355,28.6395],[-81.3454,28.6395],[-81.357,28.6393],[-81.3651,28.6404],[-81.3716,28.6404],[-81.378,28.6403],[-81.3874,28.6402],[-81.3965,28.6402],[-81.4152,28.6401],[-81.4273,28.6402],[-81.4356,28.6401],[-81.4436,28.6401],[-81.4566,28.6402],[-81.4597,28.6444]]]},"properties":{"name":"Seminole","dem18":50.9,"dem22":43.8,"shift":-7.1}},{"type":"Feature","geometry":{"type":"Polygon","coordinates":[[[-82.9731,29.6243],[-82.9692,29.6299],[-82.9625,29.6348],[-82.957,29.6389],[-82.9563,29.649],[-82.9571,29.6566],[-82.9518,29.6598],[-82.9544,29.6662],[-82.9547,29.6754],[-82.9584,29.682],[-82.9571,29.6893],[-82.9577,29.6983],[-82.9525,29.7039],[-82.9453,29.6999],[-82.9393,29.7009],[-82.945,29.7069],[-82.9484,29.7127],[-82.9535,29.7142],[-82.9563,29.7206],[-82.9496,29.7177],[-82.9443,29.7152],[-82.9428,29.7204],[-82.9483,29.7228],[-82.9468,29.7297],[-82.9434,29.7355],[-82.9409,29.7416],[-82.9388,29.7502],[-82.9461,29.7528],[-82.9497,29.7579],[-82.9476,29.7661],[-82.9412,29.7728],[-82.9389,29.7789],[-82.935,29.7864],[-82.9247,29.7917],[-82.9201,29.7973],[-82.9259,29.8001],[-82.9314,29.8004],[-82.9355,29.807],[-82.9318,29.8161],[-82.9258,29.8223],[-82.9206,29.8241],[-82.9132,29.821],[-82.9079,29.8218],[-82.9023,29.8252],[-82.895,29.8258],[-82.8924,29.8333],[-82.891,29.8424],[-82.8884,29.8501],[-82.8824,29.8581],[-82.8755,29.867],[-82.8764,29.8741],[-82.8753,29.8807],[-82.8768,29.8862],[-82.8729,29.8964],[-82.8668,29.8988],[-82.8658,29.904],[-82.8633,29.911],[-82.8581,29.9117],[-82.8516,29.9139],[-82.8424,29.9118],[-82.8346,29.914],[-82.8295,29.9164],[-82.8237,29.9227],[-82.8176,29.9259],[-82.8112,29.9308],[-82.8034,29.931],[-82.798,29.9328],[-82.7928,29.9349],[-82.7856,29.9334],[-82.7805,29.9258],[-82.7722,29.9283],[-82.7711,29.9223],[-82.7724,29.9169],[-82.7743,29.9117],[-82.7688,29.9087],[-82.767,29.9011],[-82.7598,29.8988],[-82.7536,29.8935],[-82.7519,29.8862],[-82.7529,29.8802],[-82.7478,29.8766],[-82.7449,29.8694],[-82.7378,29.8653],[-82.7362,29.8601],[-82.7305,29.8568],[-82.7248,29.854],[-82.7197,29.8521],[-82.7128,29.848],[-82.7076,29.8435],[-82.7038,29.8382],[-82.6977,29.8366],[-82.6905,29.8342],[-82.6826,29.8327],[-82.6771,29.8337],[-82.6702,29.8314],[-82.6619,29.8306],[-82.6581,29.8218],[-82.6572,29.7515],[-82.657,29.7266],[-82.6569,29.7113],[-82.657,29.682],[-82.6566,29.6476],[-82.6563,29.6279],[-82.6563,29.62],[-82.6563,29.6072],[-82.6563,29.6014],[-82.6563,29.5963],[-82.6563,29.5835],[-82.6565,29.5722],[-82.6563,29.5649],[-82.7565,29.5625],[-82.7569,29.5777],[-82.773,29.5776],[-82.7729,29.5849],[-82.7813,29.585],[-82.7926,29.5847],[-82.8104,29.5842],[-82.8232,29.5842],[-82.8401,29.5844],[-82.8565,29.5842],[-82.8566,29.5913],[-82.8734,29.5912],[-82.8983,29.5911],[-82.9066,29.5911],[-82.9149,29.591],[-82.9216,29.5909],[-82.9304,29.591],[-82.9373,29.5912],[-82.9439,29.5922],[-82.9477,29.5868],[-82.9549,29.5856],[-82.9589,29.5907],[-82.9621,29.6011],[-82.9722,29.609],[-82.9686,29.6148],[-82.9715,29.6204],[-82.9731,29.6243]]]},"properties":{"name":"Gilchrist","dem18":17.7,"dem22":13.0,"shift":-4.7}},{"type":"Feature","geometry":{"type":"Polygon","coordinates":[[[-85.3897,30.249],[-85.3893,30.2595],[-85.3887,30.2659],[-85.3892,30.2847],[-85.389,30.3057],[-85.3884,30.3449],[-85.3882,30.3653],[-85.3883,30.3713],[-85.388,30.3831],[-85.3879,30.414],[-85.388,30.4217],[-85.3865,30.4321],[-85.3858,30.4805],[-85.3851,30.5085],[-85.385,30.5165],[-85.3846,30.5376],[-85.3846,30.5449],[-85.3838,30.5521],[-85.3838,30.5645],[-85.3737,30.5667],[-85.3659,30.5669],[-85.3393,30.5664],[-85.2731,30.5657],[-85.2672,30.5656],[-85.2568,30.566],[-85.1719,30.5643],[-85.1736,30.5749],[-85.1692,30.581],[-85.1713,30.5904],[-85.167,30.6018],[-85.1677,30.608],[-85.0971,30.6074],[-85.0132,30.6061],[-84.9325,30.6064],[-84.9358,30.6003],[-84.9449,30.5955],[-84.9455,30.5895],[-84.9443,30.5817],[-84.9513,30.5786],[-84.9585,30.581],[-84.9654,30.5802],[-84.9653,30.5716],[-84.9617,30.5665],[-84.9671,30.5589],[-84.9737,30.553],[-84.9828,30.5367],[-84.986,30.5304],[-84.99,30.5248],[-84.9923,30.5193],[-84.9923,30.5104],[-84.991,30.5043],[-84.9938,30.4956],[-84.9945,30.4891],[-84.9986,30.4828],[-85.0043,30.4762],[-84.9974,30.4719],[-84.9901,30.4724],[-84.9869,30.4657],[-84.9952,30.4604],[-85.0015,30.4529],[-84.9999,30.447],[-84.9934,30.4449],[-84.9863,30.4474],[-84.9808,30.4455],[-84.9895,30.4411],[-84.9967,30.4383],[-85.0048,30.4363],[-85.0101,30.4358],[-85.0152,30.4344],[-85.0244,30.4291],[-85.0319,30.4226],[-85.0317,30.4155],[-85.0246,30.4125],[-85.0181,30.4136],[-85.0159,30.408],[-85.0233,30.406],[-85.029,30.4046],[-85.0274,30.3982],[-85.0172,30.3969],[-85.0146,30.3874],[-85.0212,30.382],[-85.0246,30.3763],[-85.0312,30.3787],[-85.0372,30.3752],[-85.0402,30.3677],[-85.0345,30.3649],[-85.029,30.3654],[-85.0292,30.3602],[-85.0373,30.358],[-85.0428,30.3525],[-85.0443,30.3471],[-85.0492,30.34],[-85.0476,30.3336],[-85.0444,30.3264],[-85.0463,30.3202],[-85.037,30.316],[-85.0366,30.3104],[-85.046,30.3123],[-85.0472,30.3042],[-85.055,30.3048],[-85.056,30.2978],[-85.0528,30.2874],[-85.0593,30.2854],[-85.0581,30.2775],[-85.0624,30.2724],[-85.0601,30.2653],[-85.0624,30.2603],[-85.0677,30.2588],[-85.0693,30.2502],[-85.0744,30.251],[-85.0779,30.2443],[-85.0833,30.2387],[-85.0797,30.2316],[-85.0847,30.2284],[-85.091,30.2297],[-85.0906,30.2236],[-85.0966,30.2201],[-85.0995,30.2137],[-85.1049,30.2126],[-85.1085,30.2182],[-85.1095,30.2106],[-85.1165,30.2107],[-85.1153,30.2025],[-85.1913,30.2008],[-85.2082,30.2009],[-85.2281,30.2009],[-85.3403,30.2006],[-85.3863,30.2014],[-85.3897,30.249]]]},"properties":{"name":"Calhoun","dem18":20.5,"dem22":13.6,"shift":-6.9}},{"type":"Feature","geometry":{"type":"MultiPolygon","coordinates":[[[[-82.8522,27.886],[-82.8506,27.8944],[-82.8489,27.9042],[-82.8479,27.9098],[-82.8449,27.9245],[-82.8429,27.9339],[-82.8351,27.9498],[-82.8334,27.9554],[-82.8315,27.9645],[-82.832,27.9702],[-82.8298,27.9826],[-82.8296,27.9891],[-82.8291,28.0046],[-82.8283,28.0175],[-82.8185,28.0487],[-82.8137,28.0312],[-82.8158,28.0208],[-82.8163,28.0119],[-82.8091,28.0065],[-82.8156,28.0015],[-82.8138,27.9869],[-82.8099,27.9769],[-82.8108,27.9696],[-82.8049,27.966],[-82.8027,27.9746],[-82.7999,27.9824],[-82.7994,27.988],[-82.7954,27.9974],[-82.793,28.0065],[-82.7942,28.0122],[-82.7918,28.0193],[-82.7908,28.034],[-82.7888,28.0415],[-82.7861,28.0479],[-82.7915,28.0486],[-82.7992,28.0485],[-82.8056,28.052],[-82.8151,28.055],[-82.8223,28.0541],[-82.8341,28.0638],[-82.8386,28.0795],[-82.8362,28.0919],[-82.8271,28.083],[-82.8246,28.0726],[-82.8256,28.0637],[-82.8177,28.0623],[-82.8125,28.0618],[-82.8051,28.0564],[-82.796,28.0526],[-82.7904,28.0531],[-82.7835,28.0526],[-82.7835,28.0606],[-82.7792,28.0728],[-82.7837,28.0799],[-82.7803,28.0971],[-82.7836,28.1054],[-82.7812,28.1125],[-82.779,28.1182],[-82.7839,28.1241],[-82.782,28.1303],[-82.7838,28.1375],[-82.7856,28.1435],[-82.7881,28.1499],[-82.7919,28.1556],[-82.794,28.1609],[-82.7966,28.1691],[-82.786,28.1729],[-82.7734,28.1729],[-82.7655,28.1729],[-82.7591,28.1729],[-82.7529,28.173],[-82.7406,28.1733],[-82.7307,28.1733],[-82.7241,28.1732],[-82.699,28.1732],[-82.6745,28.1733],[-82.6541,28.1733],[-82.6506,28.1449],[-82.6491,28.0989],[-82.6491,28.0911],[-82.6491,28.086],[-82.649,28.0784],[-82.6489,28.0635],[-82.6484,28.0562],[-82.6486,28.0386],[-82.6485,28.0181],[-82.6551,28.0168],[-82.6573,28.0103],[-82.6573,28.0027],[-82.6636,27.9999],[-82.6637,28.0055],[-82.6676,28.0163],[-82.6651,28.025],[-82.6696,28.0304],[-82.6765,28.0328],[-82.6867,28.0302],[-82.6851,28.0207],[-82.6829,28.014],[-82.6768,28.0092],[-82.6802,27.9995],[-82.6845,27.9938],[-82.6906,27.9862],[-82.6938,27.9789],[-82.6887,27.973],[-82.6961,27.9633],[-82.7065,27.9605],[-82.7165,27.9584],[-82.7218,27.9546],[-82.7242,27.9493],[-82.7213,27.944],[-82.7249,27.9384],[-82.7148,27.9321],[-82.7096,27.9286],[-82.703,27.9239],[-82.6977,27.9229],[-82.6915,27.9253],[-82.6883,27.9191],[-82.6767,27.9138],[-82.6717,27.9131],[-82.6613,27.9099],[-82.6515,27.9065],[-82.6455,27.9101],[-82.6384,27.9046],[-82.6315,27.9084],[-82.6382,27.8981],[-82.6383,27.8929],[-82.6328,27.8913],[-82.6216,27.8842],[-82.6165,27.8808],[-82.61,27.8735],[-82.6033,27.8652],[-82.5964,27.8641],[-82.5966,27.8589],[-82.5948,27.8434],[-82.5893,27.8357],[-82.5887,27.8304],[-82.5944,27.8252],[-82.5876,27.819],[-82.5916,27.813],[-82.5969,27.8137],[-82.6023,27.8059],[-82.6063,27.8],[-82.6071,27.7929],[-82.6191,27.7891],[-82.6257,27.7809],[-82.6216,27.774],[-82.6234,27.7689],[-82.624,27.7604],[-82.6293,27.756],[-82.6293,27.7493],[-82.6232,27.7446],[-82.625,27.7327],[-82.6257,27.727],[-82.6292,27.7198],[-82.6336,27.7106],[-82.6398,27.7039],[-82.6463,27.7021],[-82.6525,27.7003],[-82.6608,27.7019],[-82.6716,27.7059],[-82.6773,27.7062],[-82.6773,27.7004],[-82.6772,27.6951],[-82.6801,27.7005],[-82.6803,27.7058],[-82.6891,27.6995],[-82.6977,27.702],[-82.6986,27.7081],[-82.7073,27.7062],[-82.7134,27.7037],[-82.7136,27.6987],[-82.7177,27.6934],[-82.7174,27.6878],[-82.7196,27.6741],[-82.7242,27.6687],[-82.7238,27.6636],[-82.7181,27.6578],[-82.7163,27.6514],[-82.7144,27.6454],[-82.708,27.6301],[-82.7002,27.638],[-82.7025,27.6278],[-82.7306,27.6143],[-82.737,27.6126],[-82.7358,27.6249],[-82.7376,27.6328],[-82.7442,27.6483],[-82.7453,27.6537],[-82.743,27.6706],[-82.7413,27.677],[-82.7384,27.6837],[-82.738,27.7054],[-82.7403,27.7182],[-82.7435,27.7242],[-82.7466,27.7302],[-82.7537,27.7363],[-82.7609,27.7452],[-82.7634,27.7507],[-82.7705,27.7663],[-82.78,27.7748],[-82.7834,27.78],[-82.7905,27.791],[-82.7964,27.7955],[-82.8074,27.8039],[-82.8204,27.8137],[-82.8259,27.8195],[-82.8309,27.8259],[-82.8376,27.8367],[-82.8419,27.8436],[-82.8465,27.8543],[-82.8491,27.8632],[-82.8507,27.8716],[-82.8522,27.886]]],[[[-82.8434,28.1195],[-82.8422,28.1254],[-82.8338,28.1303],[-82.8378,28.124],[-82.8384,28.1135],[-82.8327,28.1099],[-82.8427,28.1112],[-82.8434,28.1195]]],[[[-82.6955,27.6655],[-82.6879,27.668],[-82.6872,27.6626],[-82.6951,27.6616],[-82.6955,27.6655]]],[[[-82.8478,28.1717],[-82.8404,28.1669],[-82.8466,28.1653],[-82.848,28.1717],[-82.8478,28.1717]]]]},"properties":{"name":"Pinellas","dem18":51.5,"dem22":45.0,"shift":-6.5}},{"type":"Feature","geometry":{"type":"MultiPolygon","coordinates":[[[[-82.6512,28.1733],[-82.6208,28.1733],[-82.6005,28.1733],[-82.5918,28.1732],[-82.5797,28.173],[-82.5557,28.1729],[-82.536,28.1726],[-82.5165,28.1727],[-82.502,28.1722],[-82.4871,28.1723],[-82.474,28.1719],[-82.4617,28.1718],[-82.4546,28.1718],[-82.4492,28.1718],[-82.4345,28.1714],[-82.4282,28.1713],[-82.4105,28.1712],[-82.4033,28.1712],[-82.3946,28.1713],[-82.3836,28.1712],[-82.3622,28.1713],[-82.3539,28.1713],[-82.3245,28.1713],[-82.3104,28.1714],[-82.2944,28.1715],[-82.2865,28.1715],[-82.2597,28.1715],[-82.2543,28.1715],[-82.212,28.1719],[-82.1948,28.1719],[-82.1841,28.1717],[-82.1557,28.1717],[-82.1393,28.1717],[-82.1248,28.1721],[-82.1059,28.1716],[-82.0652,28.1716],[-82.0563,28.1716],[-82.0563,28.1601],[-82.0563,28.1311],[-82.0565,28.1133],[-82.0566,28.1057],[-82.0564,28.0987],[-82.0564,28.0804],[-82.0562,28.0476],[-82.0559,28.0369],[-82.0558,28.0274],[-82.0556,28.0047],[-82.0559,27.9965],[-82.0559,27.9895],[-82.0559,27.9821],[-82.0557,27.9763],[-82.0554,27.9529],[-82.0553,27.9382],[-82.0553,27.9273],[-82.0549,27.9072],[-82.0553,27.878],[-82.0553,27.8694],[-82.054,27.8546],[-82.0543,27.6464],[-82.1346,27.6463],[-82.1463,27.6463],[-82.2682,27.6464],[-82.2829,27.6467],[-82.2905,27.6465],[-82.2983,27.6467],[-82.3183,27.6466],[-82.3364,27.6465],[-82.3449,27.6463],[-82.3849,27.6464],[-82.4523,27.6459],[-82.4985,27.6455],[-82.5247,27.6454],[-82.5495,27.6456],[-82.5371,27.6729],[-82.5307,27.6817],[-82.5242,27.6887],[-82.517,27.698],[-82.5143,27.7056],[-82.4949,27.719],[-82.4839,27.7198],[-82.4785,27.7219],[-82.4762,27.7288],[-82.4769,27.734],[-82.4792,27.7401],[-82.4783,27.7462],[-82.4705,27.7486],[-82.4632,27.7507],[-82.4575,27.7526],[-82.4516,27.7553],[-82.4462,27.7576],[-82.4381,27.7614],[-82.4325,27.7663],[-82.4295,27.7714],[-82.4358,27.7754],[-82.4271,27.7843],[-82.4212,27.7904],[-82.414,27.7925],[-82.4121,27.8021],[-82.4105,27.8107],[-82.4029,27.8121],[-82.3937,27.8141],[-82.3859,27.8197],[-82.3919,27.8239],[-82.3947,27.833],[-82.3945,27.8415],[-82.3975,27.8516],[-82.4044,27.8578],[-82.4033,27.874],[-82.4026,27.8826],[-82.4153,27.9004],[-82.4297,27.9003],[-82.4354,27.9032],[-82.4424,27.9153],[-82.4456,27.91],[-82.4516,27.9075],[-82.4605,27.9084],[-82.4623,27.9202],[-82.4603,27.937],[-82.4664,27.9362],[-82.4731,27.932],[-82.4825,27.9254],[-82.488,27.9215],[-82.4917,27.9147],[-82.4906,27.9087],[-82.4893,27.9015],[-82.4881,27.8953],[-82.4807,27.8893],[-82.4818,27.8807],[-82.4873,27.8744],[-82.4894,27.8691],[-82.4885,27.8632],[-82.4807,27.8539],[-82.4716,27.8473],[-82.4703,27.8351],[-82.4724,27.8226],[-82.4898,27.8226],[-82.5112,27.828],[-82.5285,27.8366],[-82.5339,27.8329],[-82.5346,27.8399],[-82.5421,27.8457],[-82.5478,27.8515],[-82.553,27.8474],[-82.5518,27.8565],[-82.5529,27.8627],[-82.5386,27.8649],[-82.5316,27.8717],[-82.5299,27.8775],[-82.5314,27.8828],[-82.5389,27.8856],[-82.5423,27.8906],[-82.5348,27.8936],[-82.5353,27.8987],[-82.5313,27.9039],[-82.5319,27.9148],[-82.5341,27.9199],[-82.5309,27.9264],[-82.5337,27.933],[-82.5334,27.9385],[-82.5439,27.9406],[-82.5405,27.947],[-82.5456,27.9503],[-82.5442,27.9562],[-82.5491,27.9616],[-82.5539,27.967],[-82.5655,27.9671],[-82.5689,27.9614],[-82.5712,27.9682],[-82.5669,27.9733],[-82.5728,27.975],[-82.5807,27.9779],[-82.5964,27.9798],[-82.6024,27.9823],[-82.6113,27.9884],[-82.6206,27.9955],[-82.6276,28.0014],[-82.6365,28.0059],[-82.6404,28.0165],[-82.6469,28.0172],[-82.6486,28.0337],[-82.6484,28.0562],[-82.6489,28.0635],[-82.649,28.0784],[-82.6491,28.086],[-82.6491,28.0911],[-82.6491,28.0989],[-82.6506,28.1449],[-82.6512,28.1733]]],[[[-82.4375,27.867],[-82.4354,27.8842],[-82.4246,27.8842],[-82.4243,27.8682],[-82.4298,27.8632],[-82.4348,27.8635],[-82.4375,27.867]]],[[[-82.441,27.836],[-82.4312,27.8386],[-82.4322,27.8223],[-82.4386,27.8223],[-82.441,27.836]]],[[[-82.7642,27.5913],[-82.7635,27.5963],[-82.7631,27.6024],[-82.7587,27.597],[-82.7604,27.5875],[-82.759,27.5799],[-82.7642,27.5886],[-82.7642,27.5913]]],[[[-82.4206,27.8465],[-82.4146,27.8484],[-82.406,27.85],[-82.417,27.8458],[-82.4206,27.8465]]],[[[-82.5764,27.6378]]]]},"properties":{"name":"Hillsborough","dem18":54.5,"dem22":45.3,"shift":-9.2}},{"type":"Feature","geometry":{"type":"MultiPolygon","coordinates":[[[[-83.1648,29.2892],[-83.1614,29.2966],[-83.1581,29.3022],[-83.1508,29.3054],[-83.1462,29.3113],[-83.1438,29.3189],[-83.1396,29.324],[-83.1323,29.3221],[-83.1195,29.3172],[-83.1129,29.3181],[-83.1119,29.3247],[-83.1045,29.3254],[-83.1015,29.3316],[-83.0988,29.3369],[-83.0925,29.3323],[-83.0822,29.3399],[-83.0769,29.3411],[-83.0685,29.344],[-83.0617,29.3484],[-83.0699,29.3528],[-83.0658,29.3598],[-83.0659,29.3685],[-83.0647,29.374],[-83.0569,29.3783],[-83.0486,29.3791],[-83.0421,29.3834],[-83.0359,29.3882],[-83.0342,29.3955],[-83.0254,29.397],[-83.0259,29.4057],[-83.0219,29.4116],[-83.0271,29.4177],[-83.018,29.4186],[-83.0178,29.4245],[-83.0217,29.4296],[-83.0167,29.4352],[-83.0128,29.4459],[-83.0045,29.4536],[-83.001,29.4597],[-82.9935,29.4628],[-82.9869,29.466],[-82.9852,29.4732],[-82.9865,29.4787],[-82.9819,29.4854],[-82.9833,29.4925],[-82.9841,29.4993],[-82.9831,29.508],[-82.9829,29.5154],[-82.975,29.5172],[-82.9694,29.5223],[-82.9766,29.5294],[-82.979,29.535],[-82.9768,29.5406],[-82.9695,29.5447],[-82.9594,29.5532],[-82.95,29.5561],[-82.9483,29.5631],[-82.9479,29.5691],[-82.9448,29.5762],[-82.9445,29.5823],[-82.9377,29.5872],[-82.9304,29.591],[-82.9253,29.5908],[-82.9177,29.5909],[-82.9066,29.5911],[-82.8983,29.5911],[-82.8738,29.5911],[-82.8566,29.5913],[-82.8565,29.5842],[-82.8401,29.5844],[-82.8232,29.5842],[-82.8147,29.5842],[-82.7926,29.5847],[-82.7813,29.585],[-82.7729,29.5849],[-82.773,29.5776],[-82.7569,29.5777],[-82.7565,29.5625],[-82.6563,29.5648],[-82.6563,29.5509],[-82.6563,29.5356],[-82.6395,29.5361],[-82.5892,29.5378],[-82.5736,29.5375],[-82.5684,29.5377],[-82.5571,29.5375],[-82.5565,29.512],[-82.5569,29.5002],[-82.5568,29.4801],[-82.5231,29.4793],[-82.4998,29.4787],[-82.4962,29.4855],[-82.4908,29.4854],[-82.4666,29.4851],[-82.4515,29.4852],[-82.4129,29.4851],[-82.4066,29.485],[-82.4069,29.429],[-82.4054,29.4032],[-82.4056,29.3886],[-82.4054,29.3624],[-82.4052,29.3303],[-82.4052,29.3152],[-82.4046,29.2789],[-82.4039,29.2476],[-82.4033,29.2273],[-82.4032,29.2156],[-82.44,29.2152],[-82.5136,29.2147],[-82.5277,29.2147],[-82.5349,29.2147],[-82.5346,29.1718],[-82.5346,29.1598],[-82.5348,29.1501],[-82.5359,29.1311],[-82.5357,29.1132],[-82.535,29.0538],[-82.5356,29.0449],[-82.5421,29.0421],[-82.5499,29.0392],[-82.5567,29.0336],[-82.5622,29.0347],[-82.5679,29.0344],[-82.5732,29.0308],[-82.5836,29.028],[-82.5936,29.03],[-82.6003,29.0241],[-82.6018,29.0185],[-82.6021,29.0135],[-82.6075,29.0104],[-82.6127,29.0093],[-82.6182,29.0103],[-82.6258,29.0139],[-82.6309,29.0165],[-82.639,29.0182],[-82.6441,29.0201],[-82.6495,29.021],[-82.6574,29.0222],[-82.6625,29.024],[-82.6693,29.0253],[-82.6755,29.0262],[-82.6835,29.0306],[-82.6898,29.034],[-82.6965,29.0329],[-82.7028,29.0328],[-82.7082,29.0315],[-82.7132,29.0296],[-82.7193,29.0261],[-82.7253,29.0191],[-82.7335,29.0149],[-82.7397,29.0125],[-82.7482,29.0051],[-82.7554,29.0019],[-82.7563,28.9963],[-82.7641,28.9997],[-82.7594,29.0066],[-82.7583,29.0192],[-82.7535,29.0265],[-82.7573,29.0342],[-82.7595,29.0421],[-82.7616,29.0516],[-82.7711,29.0553],[-82.7771,29.0574],[-82.7832,29.0576],[-82.7885,29.0572],[-82.7989,29.0553],[-82.8049,29.0543],[-82.7936,29.0616],[-82.7849,29.0649],[-82.788,29.0716],[-82.7999,29.075],[-82.8082,29.0728],[-82.8156,29.073],[-82.8146,29.0803],[-82.8146,29.0871],[-82.8202,29.0872],[-82.8237,29.0989],[-82.8154,29.102],[-82.8077,29.1085],[-82.8018,29.1166],[-82.8084,29.1256],[-82.8067,29.1363],[-82.8047,29.1466],[-82.807,29.1525],[-82.8139,29.1625],[-82.8206,29.1623],[-82.8271,29.1584],[-82.8342,29.1549],[-82.8415,29.1588],[-82.8582,29.1623],[-82.8683,29.1614],[-82.8764,29.1594],[-82.8872,29.1617],[-82.9071,29.1648],[-82.9226,29.1698],[-82.9324,29.1679],[-82.9453,29.1678],[-82.9747,29.1709],[-82.9862,29.1727],[-82.9917,29.1735],[-82.9986,29.1741],[-82.9984,29.1686],[-82.9996,29.1633],[-83.0032,29.1573],[-83.0136,29.1545],[-83.0169,29.1469],[-83.0145,29.1405],[-83.0209,29.1395],[-83.0264,29.1371],[-83.0344,29.1335],[-83.0414,29.1376],[-83.0478,29.1339],[-83.0532,29.1267],[-83.058,29.139],[-83.0569,29.1463],[-83.0647,29.1424],[-83.0682,29.1531],[-83.0658,29.1646],[-83.0668,29.172],[-83.0677,29.1789],[-83.0737,29.186],[-83.079,29.1969],[-83.0861,29.2095],[-83.0878,29.2164],[-83.0867,29.2247],[-83.0808,29.2344],[-83.0803,29.2417],[-83.0747,29.248],[-83.0773,29.2553],[-83.089,29.2665],[-83.0952,29.2692],[-83.1034,29.2716],[-83.1138,29.2779],[-83.1256,29.2788],[-83.1381,29.2841],[-83.1464,29.2892],[-83.1515,29.292],[-83.158,29.288],[-83.167,29.2886],[-83.1648,29.2892]]],[[[-83.0934,29.1318],[-83.0851,29.1322],[-83.0833,29.1245],[-83.0903,29.1187],[-83.0901,29.1264],[-83.0934,29.1318]]],[[[-83.076,29.1016],[-83.0699,29.1028],[-83.0618,29.1025],[-83.062,29.0973],[-83.0707,29.0966],[-83.0773,29.1002],[-83.076,29.1016]]],[[[-83.0345,29.1253],[-83.0278,29.127],[-83.024,29.1193],[-83.0345,29.1218],[-83.0345,29.1253]]],[[[-83.0345,29.0996],[-83.0259,29.0963],[-83.034,29.0955],[-83.0345,29.0996]]]]},"properties":{"name":"Levy","dem18":28.1,"dem22":21.1,"shift":-7.0}},{"type":"Feature","geometry":{"type":"MultiPolygon","coordinates":[[[[-80.8731,25.8054],[-80.8729,25.9794],[-80.68,25.9787],[-80.68,25.9569],[-80.5517,25.957],[-80.4409,25.9569],[-80.4358,25.9568],[-80.4087,25.9569],[-80.3751,25.9571],[-80.3521,25.957],[-80.3428,25.9572],[-80.3332,25.9571],[-80.3267,25.9571],[-80.3174,25.9571],[-80.3106,25.9572],[-80.295,25.9568],[-80.2951,25.9636],[-80.2951,25.9706],[-80.2788,25.971],[-80.2626,25.9713],[-80.2469,25.9719],[-80.2342,25.9721],[-80.2231,25.9723],[-80.2172,25.9723],[-80.2062,25.9726],[-80.198,25.973],[-80.1908,25.9732],[-80.1854,25.9734],[-80.1801,25.9735],[-80.1745,25.9736],[-80.1665,25.9736],[-80.1582,25.9741],[-80.1481,25.9744],[-80.1421,25.9747],[-80.1339,25.9749],[-80.1239,25.9745],[-80.1179,25.9752],[-80.1182,25.9681],[-80.1186,25.9571],[-80.1189,25.947],[-80.1198,25.9377],[-80.1204,25.9301],[-80.1208,25.9249],[-80.1213,25.9177],[-80.1216,25.9049],[-80.1217,25.8995],[-80.1214,25.8937],[-80.1211,25.8872],[-80.1205,25.8798],[-80.1197,25.8726],[-80.119,25.8659],[-80.1189,25.8561],[-80.1188,25.8457],[-80.119,25.8391],[-80.1193,25.8323],[-80.1198,25.8247],[-80.1203,25.8196],[-80.121,25.8132],[-80.1224,25.8074],[-80.1242,25.8014],[-80.126,25.7934],[-80.1273,25.7879],[-80.1286,25.7821],[-80.1307,25.772],[-80.1308,25.7644],[-80.1371,25.7566],[-80.1429,25.751],[-80.1451,25.7415],[-80.1513,25.738],[-80.1587,25.7334],[-80.1526,25.7286],[-80.1476,25.7235],[-80.1511,25.7129],[-80.1523,25.7053],[-80.1557,25.699],[-80.1566,25.6912],[-80.1556,25.6852],[-80.1529,25.6716],[-80.1563,25.6662],[-80.1626,25.6744],[-80.1702,25.6812],[-80.1773,25.6866],[-80.1753,25.6917],[-80.1687,25.6993],[-80.1679,25.7064],[-80.1618,25.7161],[-80.1543,25.7232],[-80.1621,25.7316],[-80.1671,25.7339],[-80.1737,25.7431],[-80.1789,25.746],[-80.1894,25.746],[-80.1996,25.746],[-80.2085,25.7456],[-80.2144,25.7383],[-80.222,25.7367],[-80.2278,25.7335],[-80.2331,25.7317],[-80.2358,25.726],[-80.2447,25.7179],[-80.2482,25.71],[-80.2455,25.7021],[-80.2498,25.6902],[-80.2558,25.6806],[-80.26,25.6747],[-80.2626,25.6692],[-80.2653,25.6625],[-80.2682,25.6545],[-80.2698,25.6478],[-80.272,25.6392],[-80.2783,25.6325],[-80.2829,25.6254],[-80.2863,25.6201],[-80.2983,25.6216],[-80.3034,25.6174],[-80.307,25.6107],[-80.3089,25.6042],[-80.3085,25.5953],[-80.3077,25.5862],[-80.3058,25.5807],[-80.3026,25.5718],[-80.3068,25.5651],[-80.3076,25.5597],[-80.3118,25.547],[-80.3134,25.5374],[-80.3246,25.5356],[-80.3304,25.5307],[-80.3315,25.5257],[-80.3308,25.5192],[-80.3358,25.5097],[-80.3327,25.5041],[-80.3398,25.5002],[-80.3402,25.4929],[-80.3396,25.4837],[-80.3403,25.4772],[-80.3405,25.4706],[-80.3364,25.4647],[-80.3372,25.4592],[-80.3339,25.4526],[-80.3305,25.443],[-80.3261,25.4379],[-80.3204,25.4372],[-80.3253,25.4308],[-80.3264,25.4229],[-80.3282,25.4161],[-80.3256,25.4102],[-80.3275,25.4046],[-80.3279,25.3968],[-80.3204,25.3915],[-80.3127,25.388],[-80.3054,25.3877],[-80.3104,25.3731],[-80.3138,25.3672],[-80.3204,25.363],[-80.3263,25.3571],[-80.3299,25.3499],[-80.3355,25.3407],[-80.3426,25.3315],[-80.3424,25.3237],[-80.3493,25.321],[-80.3544,25.3264],[-80.3598,25.3263],[-80.3651,25.3267],[-80.3706,25.3232],[-80.3705,25.3175],[-80.3737,25.3095],[-80.379,25.3059],[-80.3794,25.2968],[-80.3791,25.2883],[-80.3859,25.2911],[-80.391,25.2856],[-80.3949,25.2803],[-80.4,25.271],[-80.3999,25.2654],[-80.3994,25.2579],[-80.411,25.2535],[-80.4186,25.2447],[-80.4189,25.2363],[-80.4269,25.2364],[-80.4323,25.2367],[-80.4397,25.2393],[-80.4456,25.2427],[-80.4507,25.2402],[-80.4565,25.2388],[-80.4638,25.2359],[-80.4684,25.2302],[-80.4745,25.2306],[-80.4804,25.2282],[-80.4873,25.2287],[-80.4936,25.2273],[-80.4944,25.221],[-80.4949,25.216],[-80.489,25.2133],[-80.4879,25.2082],[-80.4929,25.2076],[-80.4986,25.2115],[-80.4963,25.2053],[-80.498,25.1999],[-80.5063,25.208],[-80.5105,25.2164],[-80.5193,25.2226],[-80.526,25.2186],[-80.5364,25.214],[-80.5414,25.2121],[-80.5387,25.2053],[-80.546,25.206],[-80.5479,25.2124],[-80.5539,25.2142],[-80.5591,25.2119],[-80.5604,25.2059],[-80.559,25.1996],[-80.565,25.1967],[-80.572,25.197],[-80.5776,25.2012],[-80.571,25.1987],[-80.568,25.2039],[-80.5663,25.2108],[-80.5738,25.21],[-80.5796,25.2121],[-80.5836,25.2061],[-80.5876,25.2007],[-80.5928,25.1972],[-80.594,25.1915],[-80.6018,25.188],[-80.607,25.1859],[-80.6032,25.1912],[-80.6044,25.2],[-80.6098,25.2004],[-80.6195,25.1977],[-80.6252,25.1953],[-80.631,25.1976],[-80.6364,25.1926],[-80.6416,25.1909],[-80.6472,25.1897],[-80.6522,25.1928],[-80.6543,25.187],[-80.6603,25.1849],[-80.6639,25.1769],[-80.6587,25.1753],[-80.6516,25.1753],[-80.6441,25.1773],[-80.6373,25.1783],[-80.6423,25.1759],[-80.6492,25.1686],[-80.6518,25.1621],[-80.6536,25.1567],[-80.656,25.15],[-80.6566,25.1448],[-80.6619,25.1415],[-80.6688,25.1417],[-80.675,25.1402],[-80.6688,25.1469],[-80.6617,25.1546],[-80.6558,25.1574],[-80.6533,25.1645],[-80.6577,25.1696],[-80.6655,25.1673],[-80.6694,25.1725],[-80.675,25.1671],[-80.6803,25.1647],[-80.6773,25.1732],[-80.684,25.1723],[-80.6917,25.1683],[-80.6981,25.1634],[-80.6975,25.1579],[-80.7031,25.1536],[-80.7048,25.1445],[-80.7101,25.1494],[-80.7153,25.1543],[-80.7227,25.1546],[-80.7231,25.1625],[-80.7291,25.1675],[-80.7297,25.1606],[-80.7363,25.1594],[-80.7419,25.1639],[-80.7475,25.1649],[-80.7474,25.158],[-80.7411,25.1516],[-80.7356,25.1521],[-80.7287,25.1502],[-80.7236,25.1478],[-80.7287,25.1441],[-80.7372,25.1434],[-80.7423,25.1425],[-80.7477,25.1474],[-80.7516,25.1528],[-80.7543,25.1584],[-80.763,25.1626],[-80.7689,25.1623],[-80.7725,25.1561],[-80.769,25.1505],[-80.7695,25.145],[-80.7746,25.1384],[-80.773,25.1448],[-80.7733,25.1536],[-80.7764,25.1606],[-80.7832,25.1659],[-80.7887,25.1645],[-80.7972,25.1594],[-80.7989,25.1509],[-80.8005,25.143],[-80.8007,25.1483],[-80.8005,25.1586],[-80.7983,25.165],[-80.7946,25.1736],[-80.7945,25.1799],[-80.8021,25.1822],[-80.8085,25.1844],[-80.8146,25.1827],[-80.8137,25.1759],[-80.8099,25.1689],[-80.8164,25.165],[-80.8264,25.1606],[-80.8299,25.1687],[-80.8389,25.1759],[-80.8486,25.1777],[-80.8579,25.1766],[-80.8581,25.2111],[-80.858,25.243],[-80.8622,25.3642],[-80.8732,25.364],[-80.8731,25.6235],[-80.8731,25.8054]]],[[[-80.2586,25.3596],[-80.2575,25.3647],[-80.2552,25.3709],[-80.2559,25.3762],[-80.2543,25.3822],[-80.2464,25.3883],[-80.2412,25.3865],[-80.2419,25.3915],[-80.2483,25.3922],[-80.2423,25.3991],[-80.2348,25.394],[-80.2361,25.3993],[-80.2303,25.4029],[-80.2246,25.403],[-80.2183,25.4053],[-80.2139,25.4106],[-80.2085,25.4164],[-80.2098,25.4248],[-80.2061,25.4322],[-80.2013,25.4413],[-80.1972,25.4514],[-80.1957,25.4571],[-80.1936,25.4639],[-80.192,25.4719],[-80.1883,25.4773],[-80.1872,25.4828],[-80.1814,25.4906],[-80.1894,25.4971],[-80.1897,25.5041],[-80.1826,25.5064],[-80.1783,25.5126],[-80.1772,25.5184],[-80.1759,25.5127],[-80.1773,25.507],[-80.1785,25.5015],[-80.1779,25.4965],[-80.1779,25.4886],[-80.1786,25.4813],[-80.182,25.475],[-80.1851,25.4698],[-80.1884,25.4638],[-80.1899,25.4564],[-80.1917,25.4481],[-80.1954,25.4411],[-80.2004,25.4298],[-80.2024,25.4239],[-80.2033,25.4174],[-80.2056,25.4116],[-80.2117,25.4068],[-80.219,25.4],[-80.2258,25.3939],[-80.2314,25.3874],[-80.2306,25.38],[-80.2332,25.3727],[-80.2355,25.3677],[-80.2401,25.3584],[-80.2402,25.3526],[-80.2439,25.3471],[-80.2503,25.3448],[-80.2531,25.3505],[-80.259,25.3543],[-80.2586,25.3596]]],[[[-80.6248,25.1828],[-80.6171,25.1825],[-80.6098,25.1824],[-80.6125,25.1764],[-80.6177,25.1768],[-80.6243,25.1813],[-80.6248,25.1828]]],[[[-80.3035,25.3801],[-80.2982,25.3822],[-80.2927,25.3826],[-80.295,25.3767],[-80.3023,25.3774],[-80.3035,25.3801]]],[[[-80.1763,25.5251]]],[[[-80.3035,25.406]]]]},"properties":{"name":"Miami-Dade","dem18":60.6,"dem22":44.3,"shift":-16.3}},{"type":"Feature","geometry":{"type":"MultiPolygon","coordinates":[[[[-82.1836,26.695],[-82.1738,26.7056],[-82.1581,26.7073],[-82.1517,26.7041],[-82.139,26.703],[-82.1258,26.6995],[-82.1196,26.6918],[-82.1118,26.6816],[-82.1076,26.6707],[-82.1036,26.6654],[-82.104,26.6542],[-82.099,26.646],[-82.0878,26.6472],[-82.0826,26.6531],[-82.0866,26.66],[-82.0902,26.6652],[-82.0867,26.6852],[-82.0856,26.6965],[-82.085,26.7024],[-82.0798,26.7168],[-82.0763,26.7237],[-82.0701,26.7357],[-82.0666,26.7427],[-82.0634,26.7558],[-82.0599,26.7704],[-82.0542,26.7705],[-82.0382,26.7704],[-81.9313,26.7701],[-81.8921,26.77],[-81.879,26.7699],[-81.8636,26.77],[-81.8055,26.7697],[-81.7607,26.7696],[-81.6617,26.7696],[-81.5657,26.7696],[-81.5663,26.7363],[-81.5664,26.7254],[-81.5665,26.7145],[-81.5664,26.6959],[-81.5663,26.6872],[-81.5661,26.6728],[-81.5658,26.6441],[-81.5651,26.6003],[-81.5649,26.5863],[-81.5646,26.5639],[-81.5642,26.5425],[-81.5638,26.5185],[-81.5638,26.5133],[-81.5627,26.4544],[-81.5622,26.4232],[-81.6584,26.4211],[-81.6581,26.3324],[-81.6579,26.3176],[-81.6705,26.3175],[-81.69,26.3173],[-81.7063,26.3172],[-81.7146,26.3171],[-81.7221,26.3171],[-81.7296,26.317],[-81.7372,26.317],[-81.7462,26.3169],[-81.7544,26.3168],[-81.7625,26.3166],[-81.7862,26.3164],[-81.8028,26.3163],[-81.819,26.3162],[-81.8191,26.3233],[-81.8191,26.3304],[-81.8317,26.3304],[-81.8388,26.3303],[-81.8458,26.3304],[-81.855,26.3505],[-81.8587,26.3568],[-81.8631,26.3642],[-81.869,26.3786],[-81.8765,26.387],[-81.8843,26.394],[-81.8827,26.4006],[-81.8939,26.4036],[-81.9017,26.4111],[-81.903,26.4171],[-81.9065,26.4229],[-81.9128,26.4294],[-81.9236,26.4367],[-81.9384,26.4451],[-81.9562,26.4526],[-81.9639,26.4572],[-81.9693,26.4639],[-81.9614,26.4595],[-81.9559,26.4575],[-81.9565,26.4667],[-81.9695,26.4765],[-81.9807,26.481],[-81.997,26.4849],[-82.009,26.4841],[-82.0108,26.4936],[-82.0083,26.5021],[-82.0101,26.5129],[-82.0091,26.5201],[-81.9983,26.5264],[-81.9981,26.5327],[-82.0053,26.5343],[-82.0135,26.5299],[-82.0255,26.5303],[-82.0387,26.5256],[-82.0394,26.5322],[-82.0447,26.5398],[-82.0512,26.5422],[-82.0547,26.5481],[-82.0647,26.5407],[-82.0693,26.5354],[-82.0716,26.5257],[-82.0685,26.5135],[-82.0652,26.5067],[-82.059,26.499],[-82.0569,26.4937],[-82.0693,26.4927],[-82.0745,26.492],[-82.0815,26.4904],[-82.0961,26.4839],[-82.1057,26.4839],[-82.1065,26.4914],[-82.1027,26.4997],[-82.1013,26.5072],[-82.1091,26.5152],[-82.1021,26.5195],[-82.112,26.5276],[-82.1139,26.5407],[-82.1225,26.555],[-82.1251,26.5682],[-82.1248,26.5745],[-82.1244,26.5824],[-82.1235,26.5896],[-82.1301,26.6032],[-82.132,26.6102],[-82.1387,26.6126],[-82.1446,26.6228],[-82.1477,26.6345],[-82.1426,26.6439],[-82.1466,26.6495],[-82.1504,26.6545],[-82.1612,26.6647],[-82.1693,26.6765],[-82.1757,26.6785],[-82.1816,26.6817],[-82.1838,26.6878],[-82.1836,26.695]]],[[[-82.2241,26.6029],[-82.2143,26.6029],[-82.2064,26.5836],[-82.199,26.5609],[-82.1974,26.5535],[-82.1919,26.5436],[-82.1903,26.5381],[-82.1892,26.5316],[-82.188,26.5244],[-82.1795,26.5125],[-82.1798,26.506],[-82.1768,26.5005],[-82.1782,26.4943],[-82.173,26.4936],[-82.1685,26.4877],[-82.1617,26.4867],[-82.1542,26.4808],[-82.1401,26.4773],[-82.1325,26.4791],[-82.12,26.4736],[-82.0884,26.4552],[-82.0769,26.4661],[-82.0666,26.4661],[-82.0564,26.4668],[-82.0408,26.4582],[-82.0357,26.4542],[-82.0205,26.4531],[-82.0137,26.4543],[-82.0209,26.4483],[-82.0399,26.438],[-82.0631,26.4255],[-82.075,26.4221],[-82.0803,26.4221],[-82.0981,26.425],[-82.1078,26.4288],[-82.1267,26.4363],[-82.1369,26.4452],[-82.1487,26.4555],[-82.1729,26.4677],[-82.1807,26.4763],[-82.1831,26.4817],[-82.1864,26.4892],[-82.1889,26.5003],[-82.1914,26.5121],[-82.1938,26.5229],[-82.1988,26.546],[-82.2017,26.5514],[-82.2053,26.5679],[-82.2137,26.5799],[-82.2209,26.5839],[-82.2244,26.5932],[-82.2241,26.6029]]],[[[-82.2721,26.7895],[-82.2647,26.7894],[-82.2498,26.7869],[-82.2426,26.7857],[-82.2339,26.7832],[-82.2281,26.7822],[-82.2224,26.782],[-82.2132,26.7753],[-82.2075,26.771],[-82.201,26.7708],[-82.2033,26.7657],[-82.21,26.7681],[-82.2207,26.7666],[-82.2306,26.771],[-82.2381,26.7681],[-82.2499,26.7629],[-82.2532,26.754],[-82.2544,26.7455],[-82.2574,26.7358],[-82.2598,26.728],[-82.2588,26.7185],[-82.2643,26.7202],[-82.2638,26.7256],[-82.2647,26.7568],[-82.2695,26.7847],[-82.2721,26.7895]]],[[[-82.2625,26.684],[-82.2573,26.6935],[-82.2558,26.7039],[-82.2501,26.7078],[-82.2425,26.6967],[-82.2454,26.6863],[-82.2342,26.6768],[-82.2375,26.6691],[-82.2385,26.6625],[-82.2349,26.6553],[-82.2332,26.6496],[-82.2283,26.6445],[-82.2278,26.637],[-82.2237,26.6268],[-82.2185,26.6232],[-82.2209,26.6181],[-82.2231,26.6125],[-82.2279,26.6271],[-82.2315,26.6347],[-82.2446,26.6535],[-82.2483,26.6617],[-82.2544,26.6672],[-82.2625,26.6776],[-82.2625,26.684]]]]},"properties":{"name":"Lee","dem18":39.0,"dem22":30.9,"shift":-8.1}},{"type":"Feature","geometry":{"type":"Polygon","coordinates":[[[-87.3139,30.8487],[-87.3106,30.8549],[-87.3102,30.86],[-87.3015,30.8634],[-87.2988,30.8696],[-87.2987,30.8778],[-87.2949,30.8833],[-87.2888,30.8868],[-87.2831,30.8921],[-87.2852,30.9018],[-87.2905,30.9082],[-87.2822,30.9104],[-87.2843,30.9158],[-87.2835,30.9211],[-87.2768,30.9259],[-87.2741,30.9319],[-87.2676,30.9347],[-87.2618,30.9352],[-87.256,30.9312],[-87.253,30.937],[-87.2522,30.9426],[-87.2461,30.9427],[-87.2426,30.9479],[-87.24,30.9533],[-87.2412,30.9595],[-87.2359,30.964],[-87.23,30.9672],[-87.2276,30.9611],[-87.2184,30.9638],[-87.2132,30.962],[-87.209,30.9687],[-87.2035,30.9707],[-87.1971,30.9765],[-87.192,30.9755],[-87.1872,30.9814],[-87.1768,30.9875],[-87.1762,30.9946],[-87.1709,30.9934],[-87.1635,30.9964],[-87.1506,30.9993],[-87.1408,30.9995],[-87.125,30.9988],[-87.1189,30.9994],[-87.0969,30.9993],[-87.0761,30.9992],[-87.071,30.9992],[-87.0641,30.9992],[-87.0537,30.9991],[-87.04,30.9996],[-87.0271,30.9993],[-87.0044,30.9993],[-86.9985,30.9987],[-86.9278,30.9977],[-86.9063,30.9976],[-86.8881,30.9976],[-86.873,30.9976],[-86.8319,30.9974],[-86.7859,30.997],[-86.7873,30.9004],[-86.7877,30.8938],[-86.7881,30.8791],[-86.7884,30.8739],[-86.7903,30.7998],[-86.791,30.7808],[-86.7915,30.7517],[-86.7918,30.7243],[-86.7924,30.6849],[-86.7928,30.6699],[-86.7928,30.6641],[-86.7936,30.6366],[-86.7939,30.6259],[-86.7953,30.618],[-86.7989,30.431],[-86.7992,30.4166],[-86.7994,30.4098],[-86.7992,30.3972],[-86.7995,30.3872],[-86.8362,30.3833],[-86.8503,30.3815],[-86.8618,30.3798],[-86.876,30.3777],[-86.9097,30.3724],[-86.9189,30.3709],[-86.9189,30.3865],[-86.9517,30.3832],[-86.9727,30.3811],[-87.0323,30.3678],[-87.0744,30.3587],[-87.0944,30.3545],[-87.1014,30.3531],[-87.1139,30.352],[-87.1261,30.3508],[-87.1314,30.3501],[-87.1373,30.3496],[-87.1478,30.3491],[-87.1531,30.3484],[-87.1688,30.3409],[-87.1756,30.337],[-87.182,30.3363],[-87.1877,30.3374],[-87.1964,30.3384],[-87.2024,30.34],[-87.229,30.3428],[-87.2331,30.367],[-87.2244,30.3747],[-87.2162,30.3774],[-87.2089,30.3811],[-87.1847,30.3936],[-87.1612,30.4056],[-87.1519,30.4126],[-87.1482,30.419],[-87.1447,30.4275],[-87.1416,30.4365],[-87.1394,30.445],[-87.1345,30.462],[-87.1336,30.4672],[-87.1271,30.4825],[-87.1215,30.4974],[-87.1368,30.5116],[-87.1431,30.5195],[-87.1481,30.5271],[-87.152,30.5328],[-87.1573,30.538],[-87.1798,30.5448],[-87.1899,30.5488],[-87.1953,30.5489],[-87.2004,30.5523],[-87.2077,30.5543],[-87.2139,30.5604],[-87.2183,30.566],[-87.2229,30.5726],[-87.2252,30.5814],[-87.2308,30.5854],[-87.2343,30.5915],[-87.2366,30.5966],[-87.2425,30.597],[-87.2437,30.6022],[-87.249,30.6068],[-87.2563,30.6112],[-87.2586,30.6168],[-87.2562,30.6235],[-87.2569,30.6286],[-87.2567,30.6344],[-87.261,30.6419],[-87.2645,30.6487],[-87.2643,30.6566],[-87.2643,30.6619],[-87.2662,30.6678],[-87.2668,30.6729],[-87.2666,30.6781],[-87.2658,30.6855],[-87.2704,30.6914],[-87.2731,30.6987],[-87.2678,30.7011],[-87.2684,30.7063],[-87.2694,30.7117],[-87.2731,30.7173],[-87.2789,30.7165],[-87.2875,30.7194],[-87.2928,30.7186],[-87.2978,30.7177],[-87.3049,30.7234],[-87.3124,30.7348],[-87.3124,30.7406],[-87.3103,30.7469],[-87.3087,30.7539],[-87.306,30.7596],[-87.3004,30.7634],[-87.3058,30.7701],[-87.3055,30.776],[-87.3096,30.7826],[-87.3059,30.7887],[-87.3055,30.7986],[-87.2993,30.8014],[-87.2965,30.8087],[-87.2969,30.8151],[-87.2974,30.8208],[-87.2984,30.8273],[-87.3025,30.8327],[-87.3034,30.8385],[-87.3072,30.8451],[-87.3136,30.8473],[-87.3139,30.8487]]]},"properties":{"name":"Santa Rosa","dem18":24.5,"dem22":20.1,"shift":-4.4}},{"type":"Feature","geometry":{"type":"MultiPolygon","coordinates":[[[[-85.2062,29.7112],[-85.1684,29.7366],[-85.1094,29.7768],[-85.1041,29.7742],[-85.0908,29.7728],[-85.0824,29.7696],[-85.0765,29.7689],[-85.0705,29.7747],[-85.0696,29.7817],[-85.0648,29.787],[-85.0542,29.7808],[-85.0485,29.7781],[-85.0416,29.779],[-85.0377,29.7874],[-85.0343,29.7951],[-85.025,29.804],[-85.0194,29.8102],[-85.0198,29.8172],[-85.0208,29.8224],[-85.0293,29.8264],[-85.0319,29.835],[-85.0326,29.8443],[-85.0378,29.8525],[-85.0383,29.858],[-85.0377,29.8636],[-85.0413,29.8708],[-85.0412,29.8759],[-85.0464,29.8823],[-85.0487,29.8889],[-85.0512,29.8953],[-85.0544,29.9019],[-85.0511,29.9074],[-85.0478,29.9148],[-85.0453,29.9207],[-85.0418,29.9276],[-85.0349,29.9314],[-85.0296,29.9311],[-85.0332,29.9365],[-85.0262,29.9446],[-85.0267,29.9523],[-85.0213,29.9496],[-85.0216,29.9586],[-85.0254,29.9714],[-85.0217,29.977],[-85.019,29.9825],[-85.0175,29.9884],[-85.0154,29.9935],[-85.0138,29.9989],[-85.0104,30.0057],[-85.0053,30.0093],[-84.9833,30.0138],[-84.9727,30.0137],[-84.7626,30.0114],[-84.6249,30.0115],[-84.6096,30.0112],[-84.6021,30.0109],[-84.5444,30.011],[-84.5446,30.0043],[-84.5381,30.0045],[-84.5312,30.0074],[-84.525,30.0052],[-84.5203,29.9988],[-84.5198,29.9929],[-84.5247,29.9867],[-84.5217,29.9808],[-84.5158,29.9803],[-84.5146,29.9876],[-84.5083,29.9891],[-84.502,29.9874],[-84.4942,29.987],[-84.4871,29.9885],[-84.4812,29.9939],[-84.4767,29.9997],[-84.4702,30.0025],[-84.4642,29.999],[-84.4597,29.9934],[-84.4589,29.9836],[-84.4584,29.9752],[-84.4525,29.9712],[-84.4469,29.977],[-84.4434,29.9822],[-84.4382,29.9772],[-84.4326,29.9762],[-84.4365,29.9697],[-84.442,29.9678],[-84.4426,29.9622],[-84.4363,29.961],[-84.4262,29.96],[-84.4198,29.9642],[-84.4104,29.9642],[-84.4043,29.9598],[-84.3968,29.9597],[-84.3892,29.9605],[-84.3841,29.9614],[-84.3769,29.9569],[-84.3681,29.9515],[-84.3608,29.9542],[-84.3519,29.9514],[-84.3466,29.948],[-84.3413,29.9478],[-84.3365,29.9425],[-84.3339,29.9297],[-84.3337,29.9237],[-84.336,29.913],[-84.3392,29.9067],[-84.3445,29.899],[-84.3517,29.8964],[-84.3586,29.8967],[-84.3668,29.8958],[-84.372,29.8941],[-84.3775,29.8934],[-84.405,29.9012],[-84.4233,29.9033],[-84.4332,29.9075],[-84.4408,29.913],[-84.4488,29.9216],[-84.4506,29.9277],[-84.4602,29.9278],[-84.4703,29.9245],[-84.4809,29.9177],[-84.4887,29.9132],[-84.4946,29.914],[-84.5008,29.9161],[-84.506,29.9164],[-84.5131,29.9152],[-84.5218,29.9141],[-84.5286,29.9123],[-84.5359,29.9101],[-84.5528,29.9003],[-84.5616,29.8952],[-84.5681,29.8915],[-84.5774,29.8878],[-84.5937,29.881],[-84.6033,29.8761],[-84.6132,29.868],[-84.6249,29.8604],[-84.6337,29.8563],[-84.6434,29.8499],[-84.652,29.844],[-84.6546,29.8359],[-84.6611,29.8371],[-84.6663,29.8368],[-84.6718,29.8347],[-84.684,29.8307],[-84.6921,29.8291],[-84.7018,29.8243],[-84.7068,29.8212],[-84.7172,29.8136],[-84.7278,29.807],[-84.7343,29.8051],[-84.7448,29.7972],[-84.7504,29.7923],[-84.7556,29.7885],[-84.7618,29.7887],[-84.7675,29.7857],[-84.7782,29.7807],[-84.7914,29.7737],[-84.7984,29.7689],[-84.8035,29.7679],[-84.8139,29.7629],[-84.8242,29.7583],[-84.8313,29.7576],[-84.8368,29.756],[-84.8504,29.7494],[-84.8579,29.747],[-84.8683,29.7425],[-84.8818,29.7339],[-84.8854,29.7256],[-84.8928,29.7232],[-84.8994,29.7311],[-84.9007,29.7373],[-84.8968,29.7436],[-84.8901,29.7558],[-84.8862,29.7654],[-84.88,29.7692],[-84.8711,29.7813],[-84.8723,29.7871],[-84.8706,29.7971],[-84.8777,29.7981],[-84.8822,29.7908],[-84.8851,29.7845],[-84.894,29.7852],[-84.9041,29.7863],[-84.9096,29.7837],[-84.9151,29.7833],[-84.9164,29.777],[-84.9276,29.7612],[-84.9341,29.7558],[-84.9384,29.7502],[-84.9458,29.7455],[-84.9642,29.7398],[-84.9683,29.7286],[-84.977,29.7212],[-84.9867,29.7175],[-84.9933,29.715],[-85.0041,29.7136],[-85.0139,29.7095],[-85.0251,29.7121],[-85.0326,29.7087],[-85.0402,29.7129],[-85.0481,29.7152],[-85.0533,29.7155],[-85.0721,29.719],[-85.1017,29.7187],[-85.1215,29.7159],[-85.1532,29.7082],[-85.1615,29.7057],[-85.1723,29.7035],[-85.1879,29.6996],[-85.1965,29.6974],[-85.2024,29.6982],[-85.2175,29.6947],[-85.2062,29.7112]]],[[[-85.2225,29.6793],[-85.2162,29.6807],[-85.2071,29.6804],[-85.2019,29.6826],[-85.1848,29.6827],[-85.1686,29.6824],[-85.1564,29.6796],[-85.1396,29.6838],[-85.1346,29.6866],[-85.1242,29.6876],[-85.1185,29.6883],[-85.104,29.6863],[-85.0984,29.6855],[-85.0917,29.6824],[-85.0853,29.6799],[-85.0805,29.6749],[-85.0743,29.674],[-85.0818,29.6652],[-85.0884,29.6556],[-85.0913,29.6505],[-85.0968,29.6331],[-85.1205,29.63],[-85.1355,29.632],[-85.141,29.634],[-85.1518,29.6434],[-85.1753,29.659],[-85.1872,29.6657],[-85.2043,29.6727],[-85.2189,29.6762],[-85.2225,29.6793]]],[[[-85.0972,29.6262],[-85.0917,29.6265],[-85.0839,29.6194],[-85.0783,29.6175],[-85.069,29.6094],[-85.0524,29.6033],[-85.0385,29.5996],[-85.027,29.5967],[-85.0209,29.5984],[-85.0157,29.5982],[-85.0147,29.6033],[-85.0079,29.6046],[-85.0027,29.6051],[-84.9876,29.6076],[-84.9815,29.6086],[-84.9691,29.6134],[-84.9631,29.6165],[-84.9559,29.62],[-84.9484,29.6226],[-84.943,29.6273],[-84.9326,29.6372],[-84.9265,29.6408],[-84.924,29.6469],[-84.9132,29.6499],[-84.9072,29.6493],[-84.9012,29.6509],[-84.8933,29.6565],[-84.8859,29.6566],[-84.8795,29.6637],[-84.8729,29.6643],[-84.8678,29.6668],[-84.8614,29.6728],[-84.8531,29.6719],[-84.8346,29.6759],[-84.8234,29.6787],[-84.8131,29.6812],[-84.8029,29.6837],[-84.7976,29.6869],[-84.7905,29.6895],[-84.7939,29.6947],[-84.7986,29.7021],[-84.7897,29.6984],[-84.7822,29.6926],[-84.7791,29.7025],[-84.7725,29.7098],[-84.767,29.7114],[-84.7612,29.7162],[-84.7558,29.72],[-84.7457,29.7263],[-84.7399,29.7267],[-84.7258,29.7361],[-84.7235,29.7434],[-84.7167,29.7447],[-84.7111,29.75],[-84.7058,29.7606],[-84.7,29.7642],[-84.6967,29.7707],[-84.692,29.7649],[-84.6994,29.7582],[-84.7191,29.7391],[-84.7459,29.7164],[-84.7651,29.6997],[-84.777,29.6922],[-84.797,29.6826],[-84.8206,29.6739],[-84.8296,29.6722],[-84.8538,29.6647],[-84.8701,29.6587],[-84.8846,29.6522],[-84.9378,29.6234],[-84.9565,29.614],[-84.98,29.6065],[-85.0362,29.5889],[-85.0451,29.587],[-85.0506,29.5902],[-85.056,29.5944],[-85.0695,29.6053],[-85.0842,29.6152],[-85.0954,29.6212],[-85.0972,29.6262]]],[[[-84.6747,29.7862],[-84.6619,29.7817],[-84.6567,29.7817],[-84.6485,29.7837],[-84.6441,29.7897],[-84.6349,29.788],[-84.6245,29.7901],[-84.6172,29.7957],[-84.6112,29.8004],[-84.6047,29.8103],[-84.5948,29.8148],[-84.5885,29.8151],[-84.5821,29.8229],[-84.5765,29.8278],[-84.5715,29.8242],[-84.5721,29.8187],[-84.5794,29.8079],[-84.6103,29.7948],[-84.6237,29.7885],[-84.6449,29.7832],[-84.6592,29.7793],[-84.6679,29.7779],[-84.6739,29.7832],[-84.6747,29.7862]]]]},"properties":{"name":"Franklin","dem18":33.8,"dem22":26.0,"shift":-7.8}},{"type":"Feature","geometry":{"type":"Polygon","coordinates":[[[-84.7151,30.3331],[-84.7089,30.3345],[-84.7031,30.3365],[-84.702,30.3421],[-84.6964,30.3471],[-84.6912,30.3474],[-84.6854,30.3499],[-84.6826,30.3549],[-84.6841,30.3602],[-84.6809,30.3652],[-84.6745,30.3666],[-84.6685,30.3666],[-84.6635,30.3705],[-84.6647,30.3772],[-84.655,30.3837],[-84.648,30.3872],[-84.6474,30.3929],[-84.6422,30.3979],[-84.6353,30.3996],[-84.6283,30.406],[-84.6217,30.4097],[-84.6132,30.41],[-84.6069,30.4161],[-84.6003,30.4147],[-84.5949,30.4126],[-84.5877,30.4141],[-84.5825,30.4167],[-84.5771,30.42],[-84.5716,30.4251],[-84.5677,30.4304],[-84.5623,30.4357],[-84.5568,30.4361],[-84.5513,30.4369],[-84.5459,30.4369],[-84.5394,30.4393],[-84.5342,30.4395],[-84.527,30.4464],[-84.5202,30.4515],[-84.5143,30.4521],[-84.5079,30.4513],[-84.5021,30.4519],[-84.4976,30.4576],[-84.4903,30.4597],[-84.4834,30.4565],[-84.4768,30.4574],[-84.4711,30.4586],[-84.4659,30.4578],[-84.4605,30.4559],[-84.4552,30.4595],[-84.4501,30.4611],[-84.4436,30.4612],[-84.4379,30.4612],[-84.4304,30.4659],[-84.424,30.4674],[-84.4188,30.4667],[-84.4137,30.4705],[-84.408,30.4731],[-84.4029,30.4758],[-84.3972,30.4833],[-84.3978,30.4886],[-84.3982,30.4938],[-84.4024,30.4999],[-84.4019,30.5053],[-84.4029,30.5108],[-84.3975,30.5142],[-84.3924,30.5148],[-84.3938,30.5207],[-84.3883,30.5262],[-84.3916,30.5315],[-84.3892,30.541],[-84.3884,30.5463],[-84.3864,30.5524],[-84.3811,30.5552],[-84.3816,30.5603],[-84.3809,30.5655],[-84.3784,30.5735],[-84.3726,30.5753],[-84.3714,30.5811],[-84.3658,30.5827],[-84.3595,30.5854],[-84.3554,30.5912],[-84.3503,30.5932],[-84.344,30.595],[-84.3409,30.6002],[-84.3355,30.5958],[-84.3303,30.6001],[-84.3301,30.6055],[-84.3277,30.6116],[-84.3235,30.6168],[-84.3193,30.6219],[-84.3124,30.6265],[-84.311,30.6321],[-84.3056,30.6325],[-84.3055,30.6376],[-84.2999,30.6426],[-84.3003,30.6487],[-84.2998,30.6543],[-84.3025,30.6595],[-84.3018,30.6645],[-84.3053,30.6702],[-84.3044,30.6758],[-84.2981,30.6768],[-84.2975,30.6825],[-84.2921,30.6807],[-84.2869,30.682],[-84.2812,30.6853],[-84.2541,30.6843],[-84.1552,30.6795],[-84.1249,30.678],[-84.1077,30.6768],[-84.0838,30.6758],[-84.0728,30.6754],[-84.0572,30.6747],[-84.0466,30.6742],[-84.0397,30.6738],[-84.0191,30.6727],[-84.0075,30.6721],[-84.0079,30.6262],[-84.0077,30.6093],[-84.0039,30.6027],[-84.0018,30.5967],[-84.0019,30.5914],[-84.0017,30.5859],[-83.9966,30.579],[-83.9977,30.574],[-83.9951,30.5681],[-83.9908,30.5621],[-83.985,30.5574],[-83.979,30.5506],[-83.985,30.5501],[-83.9857,30.5436],[-83.9831,30.5353],[-83.9807,30.5288],[-83.9786,30.5227],[-84.0412,30.5219],[-84.0412,30.484],[-84.0413,30.4735],[-84.0415,30.4633],[-84.0623,30.4451],[-84.0747,30.4343],[-84.0749,30.4131],[-84.0754,30.3752],[-84.0758,30.3698],[-84.0755,30.2736],[-84.1249,30.2737],[-84.1498,30.2738],[-84.1617,30.2739],[-84.2319,30.2742],[-84.239,30.2742],[-84.2477,30.3035],[-84.254,30.3032],[-84.2859,30.3033],[-84.2928,30.3034],[-84.3119,30.3033],[-84.3279,30.3033],[-84.3409,30.3035],[-84.3464,30.3034],[-84.3784,30.3034],[-84.4004,30.3026],[-84.4211,30.3024],[-84.4998,30.3019],[-84.6277,30.3005],[-84.7134,30.3002],[-84.7084,30.3102],[-84.7021,30.3159],[-84.7026,30.3228],[-84.7095,30.3235],[-84.7151,30.3301],[-84.7151,30.3331]]]},"properties":{"name":"Leon","dem18":64.0,"dem22":57.8,"shift":-6.2}},{"type":"Feature","geometry":{"type":"Polygon","coordinates":[[[-81.9562,28.4136],[-81.9548,28.5238],[-81.9541,28.5807],[-81.9549,28.6424],[-81.9545,28.6557],[-81.9544,28.6679],[-81.9544,28.6734],[-81.9543,28.6802],[-81.9544,28.6879],[-81.9543,28.7006],[-81.9539,28.7278],[-81.954,28.748],[-81.9537,28.7552],[-81.9538,28.7695],[-81.9537,28.7851],[-81.9536,28.7912],[-81.9536,28.7996],[-81.9537,28.8106],[-81.9536,28.8206],[-81.9536,28.8289],[-81.9536,28.8345],[-81.9535,28.8471],[-81.9534,28.8618],[-81.9533,28.8785],[-81.9535,28.887],[-81.9535,28.8924],[-81.9536,28.9033],[-81.9536,28.9088],[-81.9538,28.916],[-81.954,28.9258],[-81.9541,28.9352],[-81.9541,28.9492],[-81.9542,28.9581],[-81.9417,28.96],[-81.9361,28.96],[-81.9291,28.96],[-81.896,28.9599],[-81.8833,28.96],[-81.8748,28.9603],[-81.8548,28.9598],[-81.8423,28.9599],[-81.7853,28.9609],[-81.7617,28.9609],[-81.7349,28.9611],[-81.7191,28.9611],[-81.6961,28.9601],[-81.6904,28.9602],[-81.6818,28.9601],[-81.6587,28.9603],[-81.659,28.9896],[-81.6592,29.0003],[-81.6592,29.0478],[-81.6411,29.0478],[-81.6405,29.1316],[-81.6419,29.2505],[-81.642,29.2697],[-81.6419,29.2768],[-81.6382,29.2674],[-81.6357,29.2586],[-81.6342,29.2517],[-81.634,29.2448],[-81.6294,29.2391],[-81.6227,29.2322],[-81.6167,29.2224],[-81.615,29.2173],[-81.6168,29.2105],[-81.6123,29.2045],[-81.6046,29.2005],[-81.5931,29.199],[-81.5855,29.2001],[-81.5802,29.2015],[-81.5721,29.2034],[-81.5643,29.2006],[-81.5581,29.1974],[-81.5552,29.1905],[-81.5545,29.1853],[-81.5489,29.1851],[-81.5429,29.1805],[-81.5326,29.1776],[-81.5315,29.1723],[-81.5262,29.1703],[-81.5236,29.161],[-81.5198,29.1525],[-81.5161,29.145],[-81.5141,29.1384],[-81.51,29.1328],[-81.5062,29.1267],[-81.5063,29.1178],[-81.5067,29.1122],[-81.5028,29.1063],[-81.5015,29.0997],[-81.492,29.0955],[-81.487,29.0929],[-81.4814,29.094],[-81.4753,29.0944],[-81.4679,29.097],[-81.4592,29.0942],[-81.4568,29.0876],[-81.4544,29.082],[-81.4605,29.0783],[-81.4571,29.0726],[-81.456,29.0659],[-81.4467,29.0623],[-81.4414,29.0548],[-81.4363,29.048],[-81.4306,29.0442],[-81.4231,29.0427],[-81.4154,29.0384],[-81.4109,29.0324],[-81.404,29.0329],[-81.3953,29.0252],[-81.3958,29.0198],[-81.3877,29.0162],[-81.3882,29.0107],[-81.3825,29.0083],[-81.3791,29.0027],[-81.3728,28.9992],[-81.3757,28.994],[-81.3696,28.9932],[-81.3644,28.9927],[-81.3584,28.9894],[-81.3557,28.9816],[-81.3608,28.9768],[-81.3634,28.97],[-81.3692,28.9689],[-81.3661,28.9623],[-81.3681,28.9554],[-81.3617,28.9571],[-81.3604,28.9517],[-81.354,28.9496],[-81.3592,28.9458],[-81.353,28.9462],[-81.3556,28.9412],[-81.3497,28.9396],[-81.3515,28.9341],[-81.3551,28.9284],[-81.3528,28.9231],[-81.3576,28.9168],[-81.357,28.9115],[-81.3575,28.9037],[-81.3541,28.8985],[-81.3548,28.8926],[-81.3572,28.8871],[-81.3645,28.8903],[-81.366,28.8847],[-81.3631,28.8797],[-81.3663,28.8736],[-81.3724,28.8689],[-81.375,28.8623],[-81.38,28.8565],[-81.3863,28.8499],[-81.3947,28.8421],[-81.4005,28.8387],[-81.4073,28.8348],[-81.4144,28.8275],[-81.4192,28.8183],[-81.4189,28.8106],[-81.4157,28.8026],[-81.4151,28.7971],[-81.414,28.7898],[-81.4502,28.7857],[-81.4694,28.7858],[-81.4774,28.7862],[-81.5173,28.7861],[-81.5274,28.7861],[-81.5331,28.7861],[-81.5392,28.7861],[-81.5475,28.7861],[-81.5599,28.7861],[-81.593,28.786],[-81.6223,28.786],[-81.6357,28.7859],[-81.6465,28.7859],[-81.6448,28.776],[-81.6465,28.7698],[-81.6532,28.7661],[-81.6586,28.7664],[-81.6586,28.7458],[-81.6586,28.7403],[-81.6585,28.6768],[-81.6582,28.6589],[-81.6569,28.6078],[-81.6572,28.5952],[-81.6499,28.587],[-81.6506,28.5819],[-81.6514,28.5751],[-81.6572,28.5698],[-81.6572,28.5632],[-81.6573,28.557],[-81.6573,28.5464],[-81.6575,28.5224],[-81.6574,28.5142],[-81.6575,28.5088],[-81.6575,28.4779],[-81.6575,28.4506],[-81.6574,28.4341],[-81.6573,28.3841],[-81.6572,28.361],[-81.6571,28.3476],[-81.6643,28.3471],[-81.6738,28.347],[-81.683,28.3468],[-81.7061,28.3466],[-81.7907,28.3464],[-81.7909,28.3618],[-81.8189,28.3617],[-81.8576,28.3619],[-81.8575,28.346],[-81.9403,28.3452],[-81.9576,28.3452],[-81.9562,28.4136]]]},"properties":{"name":"Lake","dem18":39.4,"dem22":33.0,"shift":-6.4}},{"type":"Feature","geometry":{"type":"Polygon","coordinates":[[[-82.5359,29.1311],[-82.5348,29.1501],[-82.5346,29.1564],[-82.5347,29.17],[-82.5349,29.2147],[-82.5277,29.2147],[-82.5142,29.2148],[-82.44,29.2152],[-82.4032,29.2156],[-82.4035,29.2237],[-82.4039,29.2476],[-82.4046,29.2789],[-82.4052,29.3152],[-82.4052,29.3303],[-82.4055,29.3611],[-82.4056,29.3886],[-82.4054,29.4032],[-82.4055,29.429],[-82.4066,29.485],[-82.2872,29.4843],[-82.2442,29.4843],[-82.2151,29.4842],[-82.2133,29.4789],[-82.212,29.4721],[-82.2082,29.4668],[-82.2058,29.4723],[-82.2002,29.4683],[-82.1928,29.4623],[-82.1881,29.4569],[-82.1936,29.4532],[-82.199,29.4558],[-82.1933,29.4598],[-82.199,29.4607],[-82.2042,29.4606],[-82.2095,29.4645],[-82.2149,29.4614],[-82.2169,29.455],[-82.2116,29.4495],[-82.2129,29.4444],[-82.2137,29.437],[-82.2132,29.4318],[-82.2072,29.4273],[-82.2021,29.4264],[-82.1936,29.4209],[-82.1832,29.4213],[-82.1781,29.4225],[-82.1723,29.4233],[-82.1673,29.4246],[-82.1591,29.4249],[-82.1531,29.4224],[-82.1485,29.4172],[-82.1435,29.4185],[-82.1442,29.4249],[-82.1376,29.431],[-82.132,29.4334],[-82.1266,29.4323],[-82.1211,29.429],[-82.116,29.4326],[-82.1098,29.4354],[-82.1041,29.4383],[-82.0989,29.4363],[-82.0959,29.4303],[-82.0985,29.4243],[-82.0999,29.4189],[-82.0969,29.4252],[-82.0945,29.4304],[-82.0889,29.4289],[-82.0876,29.4357],[-82.0809,29.4404],[-82.0759,29.4387],[-82.0705,29.4342],[-82.0717,29.4426],[-82.0651,29.4419],[-82.0596,29.4393],[-82.0559,29.4712],[-82.0498,29.4743],[-82.0442,29.478],[-82.0376,29.4862],[-82.032,29.4914],[-82.0263,29.4947],[-82.0209,29.4963],[-82.0152,29.498],[-82.0099,29.4996],[-82.0044,29.5017],[-81.9986,29.5021],[-81.9909,29.5013],[-81.984,29.5032],[-81.9775,29.5025],[-81.9713,29.5039],[-81.9663,29.5039],[-81.9592,29.5057],[-81.9535,29.5071],[-81.9463,29.5096],[-81.9406,29.5122],[-81.9355,29.5144],[-81.9304,29.5162],[-81.9248,29.5128],[-81.9194,29.5116],[-81.9129,29.5058],[-81.907,29.5093],[-81.9047,29.5147],[-81.8966,29.5151],[-81.8912,29.5105],[-81.8858,29.5115],[-81.8769,29.5133],[-81.8705,29.5141],[-81.865,29.5146],[-81.8592,29.5168],[-81.8538,29.5168],[-81.8449,29.5217],[-81.8427,29.5055],[-81.8428,29.4865],[-81.8313,29.4863],[-81.8128,29.4865],[-81.7887,29.4872],[-81.7762,29.4874],[-81.7759,29.4758],[-81.7749,29.4292],[-81.7418,29.4299],[-81.7419,29.4222],[-81.7414,29.4127],[-81.7413,29.4044],[-81.7416,29.3749],[-81.7357,29.3709],[-81.7181,29.371],[-81.7117,29.3708],[-81.7062,29.3711],[-81.6961,29.371],[-81.6685,29.3717],[-81.6649,29.366],[-81.6611,29.3601],[-81.6613,29.353],[-81.659,29.3461],[-81.6566,29.3403],[-81.664,29.3412],[-81.6719,29.3395],[-81.6772,29.3367],[-81.6804,29.3304],[-81.6809,29.3244],[-81.6755,29.3106],[-81.6721,29.3053],[-81.6643,29.2999],[-81.6557,29.2999],[-81.6484,29.2902],[-81.6465,29.2844],[-81.6419,29.2768],[-81.642,29.2701],[-81.6419,29.2505],[-81.6405,29.1316],[-81.6387,29.0478],[-81.6592,29.0478],[-81.6592,29.0003],[-81.659,28.9896],[-81.6587,28.9603],[-81.6818,28.9601],[-81.6904,28.9602],[-81.6961,28.9601],[-81.7191,28.9611],[-81.7349,28.9611],[-81.7617,28.9609],[-81.7853,28.9609],[-81.8422,28.961],[-81.8548,28.9598],[-81.8748,28.9603],[-81.8833,28.96],[-81.8945,28.9602],[-81.9274,28.9601],[-81.9361,28.96],[-81.9417,28.96],[-81.9495,28.9601],[-81.9651,28.96],[-81.9888,28.9599],[-81.9957,28.9599],[-82.0022,28.9599],[-82.0163,28.9601],[-82.0402,28.9601],[-82.0786,28.9603],[-82.1199,28.9601],[-82.1731,28.96],[-82.2195,28.9601],[-82.248,28.9603],[-82.3113,28.9604],[-82.3123,28.9666],[-82.3158,28.9733],[-82.3211,28.9735],[-82.3273,28.9788],[-82.3332,28.9824],[-82.3399,28.986],[-82.3458,28.9871],[-82.3524,28.9912],[-82.3576,28.9931],[-82.3632,28.997],[-82.3664,29.0026],[-82.3734,29.0024],[-82.3787,29.0025],[-82.3859,29.0081],[-82.392,29.0084],[-82.3976,29.0115],[-82.3977,29.017],[-82.4033,29.0189],[-82.4084,29.017],[-82.4164,29.0133],[-82.4205,29.0185],[-82.4257,29.0194],[-82.4311,29.0232],[-82.4365,29.0277],[-82.4389,29.0328],[-82.4444,29.036],[-82.4515,29.0401],[-82.4571,29.0428],[-82.4635,29.0446],[-82.469,29.0468],[-82.4766,29.0511],[-82.4821,29.0525],[-82.4881,29.0514],[-82.4941,29.0462],[-82.5002,29.0418],[-82.5081,29.0375],[-82.5116,29.0432],[-82.5169,29.0442],[-82.5231,29.04],[-82.5304,29.0436],[-82.5356,29.0449],[-82.535,29.0538],[-82.5357,29.1132],[-82.5359,29.1311]]]},"properties":{"name":"Marion","dem18":37.7,"dem22":30.4,"shift":-7.3}},{"type":"Feature","geometry":{"type":"Polygon","coordinates":[[[-82.7989,29.9336],[-82.7953,29.9401],[-82.7895,29.9464],[-82.786,29.9528],[-82.7804,29.9565],[-82.7739,29.9596],[-82.7677,29.9623],[-82.7622,29.9644],[-82.7601,29.9697],[-82.7586,29.9757],[-82.7604,29.9821],[-82.7689,29.9866],[-82.794,29.9862],[-82.7944,30.0572],[-82.7945,30.0739],[-82.7947,30.1031],[-82.7947,30.116],[-82.7949,30.1467],[-82.7944,30.1544],[-82.7949,30.1614],[-82.7947,30.2035],[-82.7945,30.2262],[-82.7945,30.2381],[-82.7947,30.2743],[-82.7947,30.281],[-82.7947,30.3184],[-82.7946,30.337],[-82.7928,30.3295],[-82.7885,30.324],[-82.7796,30.325],[-82.7716,30.3259],[-82.7658,30.33],[-82.7606,30.3293],[-82.7608,30.3243],[-82.753,30.3195],[-82.7467,30.3174],[-82.7404,30.321],[-82.7383,30.3261],[-82.7301,30.3311],[-82.7246,30.3338],[-82.7249,30.3285],[-82.7178,30.3214],[-82.7103,30.3284],[-82.7031,30.3326],[-82.6973,30.3335],[-82.6899,30.3331],[-82.6842,30.338],[-82.6819,30.3445],[-82.6869,30.3533],[-82.6813,30.3588],[-82.676,30.3622],[-82.6703,30.3656],[-82.6623,30.3704],[-82.6657,30.3775],[-82.6599,30.3819],[-82.6586,30.3897],[-82.6499,30.3919],[-82.6467,30.3974],[-82.6462,30.4047],[-82.65,30.4101],[-82.6515,30.4156],[-82.6539,30.422],[-82.6525,30.4281],[-82.6553,30.4338],[-82.6591,30.4407],[-82.6663,30.4426],[-82.6714,30.4455],[-82.6663,30.4513],[-82.6722,30.4543],[-82.6805,30.4615],[-82.6774,30.4677],[-82.6858,30.472],[-82.695,30.4736],[-82.7018,30.4777],[-82.7024,30.4833],[-82.6967,30.4846],[-82.698,30.4903],[-82.7042,30.4921],[-82.7083,30.4978],[-82.706,30.5042],[-82.715,30.5055],[-82.7165,30.5106],[-82.7183,30.5176],[-82.7243,30.518],[-82.7286,30.5257],[-82.7254,30.5312],[-82.7173,30.5306],[-82.7156,30.537],[-82.7194,30.5435],[-82.7229,30.5503],[-82.7244,30.5558],[-82.7229,30.5623],[-82.7169,30.5644],[-82.717,30.5696],[-82.7067,30.5743],[-82.7043,30.5798],[-82.7038,30.586],[-82.6978,30.5911],[-82.6917,30.5946],[-82.584,30.5918],[-82.5692,30.591],[-82.5532,30.5899],[-82.5451,30.5894],[-82.5362,30.5889],[-82.5249,30.5882],[-82.4598,30.5843],[-82.4571,30.4428],[-82.4577,30.3155],[-82.4579,30.2931],[-82.4576,30.2867],[-82.4575,30.2572],[-82.4584,30.1364],[-82.4583,30.129],[-82.4525,30.1239],[-82.4545,30.116],[-82.4554,30.1106],[-82.456,30.1056],[-82.4682,30.097],[-82.4734,30.0953],[-82.4804,30.0942],[-82.4879,30.0908],[-82.499,30.0888],[-82.5054,30.0841],[-82.5119,30.0811],[-82.5172,30.0771],[-82.5251,30.0679],[-82.5319,30.0612],[-82.5354,30.0551],[-82.5374,30.0466],[-82.5391,30.0415],[-82.5395,30.0348],[-82.5343,30.0306],[-82.5366,30.0253],[-82.545,30.02],[-82.5533,30.0188],[-82.56,30.0158],[-82.5655,30.0135],[-82.5716,30.0107],[-82.5724,30.004],[-82.5722,29.9987],[-82.5736,29.9932],[-82.5738,29.9869],[-82.5724,29.9816],[-82.5693,29.975],[-82.5592,29.9697],[-82.5553,29.964],[-82.5436,29.9634],[-82.5386,29.961],[-82.5333,29.9584],[-82.53,29.9515],[-82.5297,29.9409],[-82.5294,29.9343],[-82.5351,29.9293],[-82.5416,29.9255],[-82.5481,29.9256],[-82.5547,29.9285],[-82.5608,29.9249],[-82.5666,29.9206],[-82.5783,29.9158],[-82.5759,29.8949],[-82.58,29.8876],[-82.5926,29.8875],[-82.5923,29.8732],[-82.5868,29.8677],[-82.5929,29.8619],[-82.5999,29.859],[-82.6063,29.8529],[-82.6114,29.8523],[-82.6165,29.8578],[-82.6229,29.854],[-82.6175,29.8495],[-82.6293,29.8494],[-82.6306,29.8429],[-82.6346,29.8353],[-82.6406,29.8288],[-82.6492,29.8265],[-82.6546,29.8291],[-82.6605,29.8297],[-82.6669,29.832],[-82.6722,29.8322],[-82.6778,29.8327],[-82.6905,29.8342],[-82.6965,29.8355],[-82.702,29.8391],[-82.7076,29.8435],[-82.7128,29.848],[-82.7197,29.8521],[-82.7248,29.854],[-82.7305,29.8568],[-82.7362,29.8601],[-82.7378,29.8653],[-82.7449,29.8694],[-82.7478,29.8766],[-82.7529,29.8802],[-82.7529,29.8853],[-82.7529,29.8921],[-82.7583,29.8987],[-82.7684,29.897],[-82.7669,29.9037],[-82.7733,29.9102],[-82.772,29.9154],[-82.7711,29.9223],[-82.7699,29.9278],[-82.7766,29.9267],[-82.7828,29.9289],[-82.7887,29.9325],[-82.7951,29.9315],[-82.8005,29.9321],[-82.7989,29.9336]]]},"properties":{"name":"Columbia","dem18":29.0,"dem22":20.3,"shift":-8.7}},{"type":"Feature","geometry":{"type":"Polygon","coordinates":[[[-82.3117,28.9604],[-82.2498,28.9605],[-82.2195,28.9601],[-82.1731,28.96],[-82.1239,28.9602],[-82.0797,28.9602],[-82.0407,28.9601],[-82.0164,28.9601],[-82.0022,28.9599],[-81.9957,28.9599],[-81.9888,28.9599],[-81.9654,28.96],[-81.9542,28.9601],[-81.9541,28.9535],[-81.9541,28.9352],[-81.954,28.929],[-81.9539,28.9204],[-81.9536,28.9088],[-81.9536,28.9033],[-81.9535,28.8953],[-81.9535,28.8873],[-81.9534,28.8821],[-81.9534,28.8654],[-81.9535,28.8479],[-81.9536,28.8364],[-81.9536,28.8289],[-81.9536,28.8208],[-81.9537,28.8106],[-81.9536,28.8032],[-81.9536,28.7912],[-81.9537,28.7851],[-81.9538,28.7695],[-81.9537,28.7553],[-81.954,28.7483],[-81.954,28.729],[-81.9543,28.7006],[-81.9544,28.6879],[-81.9543,28.6825],[-81.9544,28.677],[-81.9544,28.6679],[-81.9545,28.6557],[-81.9549,28.6424],[-81.9541,28.5807],[-81.9548,28.5238],[-81.9562,28.4159],[-81.9576,28.3452],[-81.958,28.3089],[-81.9652,28.308],[-81.9717,28.3084],[-81.9774,28.3067],[-81.9858,28.3053],[-81.9924,28.3142],[-81.9992,28.3203],[-82.0042,28.3221],[-82.0104,28.3221],[-82.0158,28.3236],[-82.0217,28.3225],[-82.0272,28.3234],[-82.0325,28.3209],[-82.0393,28.3191],[-82.0455,28.3183],[-82.0521,28.3152],[-82.0547,28.4784],[-82.0545,28.5214],[-82.0617,28.5272],[-82.0678,28.5314],[-82.0761,28.5298],[-82.0836,28.5282],[-82.0919,28.5233],[-82.0985,28.5289],[-82.1047,28.5347],[-82.1072,28.5409],[-82.1122,28.5441],[-82.1191,28.5407],[-82.1247,28.5434],[-82.1298,28.5463],[-82.132,28.5513],[-82.1351,28.5578],[-82.1377,28.5629],[-82.1436,28.5659],[-82.1504,28.5713],[-82.1562,28.5734],[-82.1624,28.568],[-82.1682,28.567],[-82.1743,28.5668],[-82.1806,28.5689],[-82.1866,28.5686],[-82.192,28.5748],[-82.1984,28.5742],[-82.2082,28.5721],[-82.2137,28.5754],[-82.2193,28.5827],[-82.2215,28.5906],[-82.2249,28.5969],[-82.2327,28.6003],[-82.2346,28.6056],[-82.2382,28.6125],[-82.2433,28.616],[-82.2474,28.6225],[-82.2484,28.6299],[-82.2555,28.6327],[-82.2607,28.6367],[-82.2596,28.6426],[-82.2568,28.6488],[-82.2641,28.6481],[-82.2705,28.6502],[-82.2748,28.6562],[-82.2712,28.6614],[-82.2631,28.6676],[-82.2596,28.6778],[-82.2573,28.6869],[-82.2536,28.6923],[-82.2499,28.6998],[-82.251,28.7049],[-82.2511,28.7109],[-82.2491,28.7178],[-82.2419,28.7238],[-82.2365,28.7281],[-82.2324,28.7333],[-82.2244,28.7411],[-82.2186,28.744],[-82.2135,28.7474],[-82.2107,28.7541],[-82.2039,28.7566],[-82.1955,28.7601],[-82.1894,28.759],[-82.1839,28.7628],[-82.1822,28.7689],[-82.1879,28.7712],[-82.1883,28.7768],[-82.1841,28.7833],[-82.1785,28.7859],[-82.1708,28.7902],[-82.1698,28.7967],[-82.1768,28.8017],[-82.1812,28.8092],[-82.1828,28.817],[-82.1836,28.8236],[-82.1912,28.8268],[-82.1986,28.8307],[-82.205,28.8347],[-82.2067,28.84],[-82.2122,28.8427],[-82.218,28.8496],[-82.2275,28.8552],[-82.2332,28.8582],[-82.2362,28.8636],[-82.2392,28.87],[-82.2425,28.8768],[-82.251,28.8812],[-82.2581,28.8864],[-82.2657,28.8903],[-82.2736,28.8972],[-82.2747,28.9034],[-82.2773,28.9106],[-82.2819,28.9178],[-82.2844,28.9232],[-82.2886,28.9288],[-82.29,28.9356],[-82.2959,28.9384],[-82.2956,28.9437],[-82.299,28.95],[-82.3051,28.9525],[-82.3098,28.9576],[-82.3117,28.9604]]]},"properties":{"name":"Sumter","dem18":29.7,"dem22":26.6,"shift":-3.1}},{"type":"Feature","geometry":{"type":"Polygon","coordinates":[[[-81.6573,28.3471],[-81.6482,28.3469],[-81.6386,28.347],[-81.6163,28.3471],[-81.6083,28.3471],[-81.6014,28.3471],[-81.5409,28.3472],[-81.5332,28.3473],[-81.5103,28.3472],[-81.4876,28.3471],[-81.4686,28.3472],[-81.4578,28.3473],[-81.4479,28.3479],[-81.4395,28.348],[-81.4244,28.3479],[-81.4042,28.3479],[-81.3919,28.3478],[-81.3834,28.3479],[-81.3676,28.3479],[-81.3549,28.348],[-81.3499,28.348],[-81.3417,28.348],[-81.3219,28.348],[-81.3096,28.3481],[-81.293,28.3481],[-81.2601,28.3481],[-81.2395,28.3481],[-81.2322,28.3482],[-81.2111,28.3481],[-81.1742,28.3482],[-80.8629,28.3475],[-80.8614,28.2523],[-80.8616,28.2466],[-80.8616,28.2387],[-80.8628,28.0921],[-80.8629,28.0847],[-80.8693,28.0847],[-80.8693,28.0651],[-80.8701,28.0571],[-80.8695,28.0485],[-80.87,27.9826],[-80.8694,27.964],[-80.8694,27.9502],[-80.8689,27.8225],[-80.8816,27.8225],[-80.8801,27.7337],[-80.8738,27.7339],[-80.8736,27.6997],[-80.8735,27.6835],[-80.8734,27.665],[-80.8731,27.6423],[-81.0229,27.642],[-81.0656,27.6422],[-81.1422,27.6432],[-81.1368,27.6443],[-81.1315,27.6494],[-81.131,27.6593],[-81.1376,27.6642],[-81.142,27.6703],[-81.1443,27.6764],[-81.1467,27.6817],[-81.1477,27.689],[-81.1473,27.6958],[-81.1493,27.7031],[-81.1468,27.7091],[-81.1507,27.7157],[-81.1568,27.7188],[-81.1624,27.7243],[-81.1687,27.726],[-81.1686,27.7322],[-81.1649,27.7387],[-81.1718,27.7432],[-81.176,27.7485],[-81.179,27.7559],[-81.1737,27.7586],[-81.175,27.7644],[-81.1782,27.7705],[-81.1847,27.7729],[-81.1857,27.7782],[-81.1896,27.7853],[-81.1963,27.7908],[-81.1988,27.7975],[-81.2007,27.8037],[-81.2038,27.8088],[-81.2099,27.8172],[-81.2131,27.8234],[-81.2144,27.8285],[-81.2208,27.8349],[-81.2295,27.8418],[-81.2348,27.8437],[-81.2413,27.8472],[-81.2465,27.8488],[-81.2507,27.8437],[-81.2505,27.8489],[-81.2557,27.8475],[-81.2608,27.847],[-81.2666,27.8484],[-81.2729,27.8502],[-81.2791,27.852],[-81.2813,27.8575],[-81.2896,27.8573],[-81.2971,27.8596],[-81.3022,27.8639],[-81.3034,27.8704],[-81.3059,27.8775],[-81.3061,27.8862],[-81.312,27.8943],[-81.3149,27.9012],[-81.3126,27.9082],[-81.3092,27.9153],[-81.3086,27.9216],[-81.3144,27.9258],[-81.3281,27.9288],[-81.3334,27.9304],[-81.3387,27.9313],[-81.3438,27.936],[-81.3459,27.9415],[-81.339,27.9399],[-81.3367,27.9453],[-81.3375,27.9507],[-81.3428,27.953],[-81.349,27.9533],[-81.348,27.9607],[-81.3651,27.9729],[-81.3706,27.9779],[-81.3765,27.9783],[-81.377,27.9839],[-81.3827,27.9978],[-81.387,28.0036],[-81.3925,28.0046],[-81.3982,28.003],[-81.4037,28.0028],[-81.4089,28.001],[-81.4146,28.0003],[-81.42,28.0018],[-81.4223,28.0074],[-81.4245,28.0125],[-81.4281,28.0215],[-81.4355,28.0267],[-81.4403,28.0339],[-81.4483,28.0323],[-81.4559,28.0389],[-81.4598,28.045],[-81.4585,28.0513],[-81.4557,28.0566],[-81.4506,28.0567],[-81.4434,28.0592],[-81.4354,28.0529],[-81.434,28.0459],[-81.4276,28.0413],[-81.4179,28.038],[-81.4108,28.0336],[-81.4027,28.0293],[-81.3972,28.0294],[-81.3927,28.0243],[-81.3874,28.0176],[-81.3825,28.0124],[-81.3765,28.0158],[-81.3792,28.0212],[-81.3752,28.0269],[-81.3686,28.0344],[-81.3634,28.04],[-81.3645,28.0469],[-81.3642,28.0529],[-81.3643,28.0583],[-81.3663,28.0636],[-81.3624,28.07],[-81.3535,28.0671],[-81.3463,28.0697],[-81.3466,28.0753],[-81.3473,28.0803],[-81.3748,28.0851],[-81.4248,28.0852],[-81.445,28.0852],[-81.4558,28.0849],[-81.4558,28.0925],[-81.456,28.1118],[-81.4561,28.125],[-81.4562,28.1432],[-81.4701,28.1433],[-81.5009,28.1428],[-81.5173,28.1428],[-81.5242,28.1428],[-81.5241,28.201],[-81.5395,28.2282],[-81.5513,28.249],[-81.5547,28.2544],[-81.5575,28.2594],[-81.5803,28.2595],[-81.5906,28.2594],[-81.6136,28.2595],[-81.6233,28.2593],[-81.6402,28.2593],[-81.6572,28.2592],[-81.6569,28.2823],[-81.657,28.2884],[-81.6572,28.303],[-81.6573,28.3212],[-81.6569,28.3275],[-81.6573,28.3471]]]},"properties":{"name":"Osceola","dem18":60.6,"dem22":46.6,"shift":-14.0}},{"type":"Feature","geometry":{"type":"Polygon","coordinates":[[[-83.2532,30.2536],[-83.2517,30.2587],[-83.2394,30.2604],[-83.2402,30.2667],[-83.2365,30.2742],[-83.2317,30.2838],[-83.233,30.2897],[-83.2288,30.2984],[-83.2225,30.3032],[-83.2131,30.307],[-83.2103,30.3139],[-83.2141,30.3191],[-83.2122,30.3257],[-83.2079,30.3311],[-83.2108,30.3366],[-83.2128,30.3443],[-83.2087,30.3505],[-83.2033,30.3511],[-83.1935,30.35],[-83.1936,30.3576],[-83.1921,30.3637],[-83.1929,30.374],[-83.1853,30.38],[-83.1779,30.3841],[-83.171,30.3852],[-83.169,30.391],[-83.1655,30.3961],[-83.1596,30.4001],[-83.1554,30.4083],[-83.1581,30.4141],[-83.1523,30.4173],[-83.1432,30.4198],[-83.1379,30.4219],[-83.1322,30.4238],[-83.1272,30.4295],[-83.1221,30.4326],[-83.1162,30.432],[-83.1087,30.4342],[-83.1016,30.4353],[-83.0965,30.4362],[-83.0895,30.437],[-83.0841,30.4381],[-83.0787,30.4381],[-83.0778,30.4312],[-83.076,30.426],[-83.0706,30.4245],[-83.0649,30.4279],[-83.0594,30.4275],[-83.054,30.4294],[-83.0481,30.4304],[-83.0416,30.4297],[-83.036,30.429],[-83.03,30.4285],[-83.0207,30.4254],[-83.0157,30.4229],[-83.0079,30.4225],[-83.0049,30.4278],[-82.9997,30.4305],[-82.9909,30.4275],[-82.9848,30.4255],[-82.9834,30.4195],[-82.9773,30.4197],[-82.9723,30.419],[-82.9662,30.4175],[-82.9598,30.414],[-82.9545,30.4118],[-82.9499,30.4063],[-82.9488,30.401],[-82.9428,30.4004],[-82.9377,30.3983],[-82.9315,30.3904],[-82.9248,30.3883],[-82.9159,30.3855],[-82.9094,30.3823],[-82.9032,30.3832],[-82.8967,30.3868],[-82.8889,30.3861],[-82.8908,30.38],[-82.8934,30.3746],[-82.8885,30.3688],[-82.8821,30.3651],[-82.8747,30.3656],[-82.8687,30.3626],[-82.8634,30.3573],[-82.8571,30.3583],[-82.8551,30.3532],[-82.8507,30.3466],[-82.8451,30.3421],[-82.8379,30.3423],[-82.8322,30.3468],[-82.8272,30.3458],[-82.8191,30.3411],[-82.814,30.3406],[-82.8069,30.341],[-82.7996,30.3442],[-82.7954,30.3381],[-82.7948,30.3202],[-82.7949,30.2855],[-82.7947,30.2743],[-82.7947,30.2416],[-82.7944,30.2266],[-82.7947,30.2035],[-82.7949,30.1614],[-82.7944,30.1544],[-82.7949,30.1467],[-82.7948,30.1178],[-82.7945,30.1041],[-82.7945,30.0739],[-82.7944,30.0572],[-82.794,29.9862],[-82.7689,29.9866],[-82.7615,29.9863],[-82.7588,29.9801],[-82.76,29.9723],[-82.7614,29.966],[-82.7677,29.9623],[-82.7732,29.959],[-82.7792,29.958],[-82.7858,29.9549],[-82.7885,29.9488],[-82.7915,29.9421],[-82.7967,29.9378],[-82.8005,29.9321],[-82.8063,29.9327],[-82.8144,29.9298],[-82.8225,29.9236],[-82.8295,29.9164],[-82.8346,29.914],[-82.8399,29.9143],[-82.8487,29.9138],[-82.8553,29.9133],[-82.8633,29.911],[-82.8649,29.9052],[-82.8668,29.8988],[-82.8729,29.8964],[-82.8746,29.8907],[-82.8798,29.8868],[-82.8901,29.8849],[-82.8909,29.8909],[-82.8848,29.8892],[-82.8883,29.8946],[-82.894,29.8986],[-82.9006,29.9015],[-82.9056,29.9001],[-82.9072,29.8948],[-82.909,29.8895],[-82.9155,29.8918],[-82.9185,29.8982],[-82.9127,29.9024],[-82.919,29.9083],[-82.9186,29.9151],[-82.9247,29.9203],[-82.9207,29.9289],[-82.9228,29.9349],[-82.9235,29.9432],[-82.9262,29.9499],[-82.9295,29.9552],[-82.9358,29.9568],[-82.9506,29.9583],[-82.9542,29.9664],[-82.9604,29.9752],[-82.9626,29.9869],[-82.9631,29.9931],[-82.9695,29.9961],[-82.9751,29.9976],[-82.9767,30.004],[-82.9836,30.0076],[-82.9933,30.0061],[-83.0013,30.0088],[-83.0044,30.0139],[-83.0061,30.0194],[-83.0109,30.029],[-83.016,30.0343],[-83.0234,30.0408],[-83.0302,30.045],[-83.0365,30.0479],[-83.0401,30.0535],[-83.0474,30.0565],[-83.0541,30.0608],[-83.0627,30.0637],[-83.0695,30.0687],[-83.07,30.0752],[-83.0696,30.0813],[-83.0753,30.0826],[-83.0814,30.0828],[-83.0874,30.0829],[-83.0948,30.0878],[-83.1024,30.0915],[-83.1078,30.091],[-83.113,30.0919],[-83.1142,30.1024],[-83.1222,30.1049],[-83.1293,30.0988],[-83.1352,30.0977],[-83.1391,30.1027],[-83.1464,30.1038],[-83.1518,30.1049],[-83.1606,30.1098],[-83.1659,30.1032],[-83.1717,30.0993],[-83.1804,30.0988],[-83.1883,30.0975],[-83.1953,30.1046],[-83.2011,30.1058],[-83.2073,30.1046],[-83.215,30.104],[-83.2204,30.1104],[-83.2259,30.1136],[-83.2253,30.1248],[-83.2251,30.1308],[-83.2251,30.138],[-83.2328,30.1464],[-83.2386,30.152],[-83.2332,30.1591],[-83.2313,30.165],[-83.2361,30.1708],[-83.2449,30.177],[-83.2489,30.1839],[-83.25,30.1905],[-83.2501,30.1966],[-83.2489,30.2022],[-83.2472,30.2074],[-83.2439,30.2141],[-83.2437,30.2191],[-83.2399,30.2254],[-83.2473,30.2301],[-83.2527,30.2357],[-83.251,30.2431],[-83.2445,30.2459],[-83.2505,30.2475],[-83.2532,30.2536]]]},"properties":{"name":"Suwannee","dem18":22.0,"dem22":16.3,"shift":-5.7}},{"type":"Feature","geometry":{"type":"Polygon","coordinates":[[[-82.576,29.9909],[-82.5735,29.9977],[-82.5717,30.0027],[-82.5731,30.0107],[-82.5675,30.0135],[-82.56,30.0158],[-82.555,30.0172],[-82.5489,30.0202],[-82.5401,30.0222],[-82.5347,30.0278],[-82.5395,30.0348],[-82.5388,30.0402],[-82.5374,30.0466],[-82.5354,30.0551],[-82.5319,30.0612],[-82.5261,30.0673],[-82.5196,30.0747],[-82.5135,30.0794],[-82.5054,30.0841],[-82.499,30.0888],[-82.4917,30.0898],[-82.4851,30.0913],[-82.4773,30.0945],[-82.4705,30.0968],[-82.4593,30.1016],[-82.4553,30.1083],[-82.4545,30.116],[-82.4526,30.1221],[-82.4583,30.129],[-82.4584,30.1364],[-82.4474,30.1378],[-82.3594,30.1393],[-82.287,30.1417],[-82.2158,30.1427],[-82.1866,30.1427],[-82.1455,30.1431],[-82.1453,30.138],[-82.1457,30.132],[-82.1406,30.1327],[-82.1379,30.1274],[-82.1401,30.1223],[-82.1424,30.1163],[-82.1473,30.11],[-82.1543,30.1069],[-82.163,30.1028],[-82.1699,30.0992],[-82.1741,30.0912],[-82.1755,30.0843],[-82.1767,30.0788],[-82.1797,30.0712],[-82.1864,30.0648],[-82.2076,30.0527],[-82.2126,30.0463],[-82.218,30.0433],[-82.2217,30.0371],[-82.2308,30.0329],[-82.237,30.0315],[-82.2437,30.0304],[-82.2524,30.0281],[-82.2593,30.0286],[-82.2635,30.0212],[-82.2657,30.0157],[-82.2681,30.0101],[-82.2721,30.0044],[-82.2732,29.9992],[-82.2794,29.9898],[-82.2844,29.9836],[-82.2903,29.9793],[-82.2921,29.9737],[-82.2974,29.9689],[-82.303,29.9643],[-82.3047,29.9584],[-82.3134,29.9547],[-82.319,29.9545],[-82.3265,29.9549],[-82.3325,29.9598],[-82.34,29.9606],[-82.3452,29.9568],[-82.3441,29.9516],[-82.3453,29.9464],[-82.3494,29.9409],[-82.3568,29.9353],[-82.3628,29.9342],[-82.3701,29.9354],[-82.3775,29.9333],[-82.3842,29.9282],[-82.3904,29.9256],[-82.3964,29.9266],[-82.4029,29.9255],[-82.4087,29.9271],[-82.4138,29.9262],[-82.4205,29.9208],[-82.4263,29.9218],[-82.4334,29.9293],[-82.4394,29.931],[-82.4466,29.9318],[-82.4512,29.9267],[-82.4567,29.9276],[-82.4634,29.9286],[-82.4684,29.9283],[-82.4754,29.9304],[-82.4797,29.9358],[-82.4856,29.9391],[-82.4907,29.939],[-82.4961,29.9395],[-82.5011,29.9411],[-82.511,29.9452],[-82.5164,29.9434],[-82.5221,29.9435],[-82.5279,29.9412],[-82.5311,29.9484],[-82.531,29.9557],[-82.5361,29.9601],[-82.5421,29.9627],[-82.5506,29.9627],[-82.5567,29.9688],[-82.5643,29.9722],[-82.57,29.977],[-82.5737,29.984],[-82.576,29.9909]]]},"properties":{"name":"Union","dem18":20.2,"dem22":12.0,"shift":-8.2}},{"type":"Feature","geometry":{"type":"MultiPolygon","coordinates":[[[[-83.992,30.0934],[-83.9898,30.0986],[-83.988,30.1036],[-83.983,30.1087],[-83.9802,30.1143],[-83.9784,30.1199],[-83.9757,30.1253],[-83.971,30.1315],[-83.969,30.1375],[-83.9735,30.1446],[-83.9682,30.1486],[-83.9618,30.1508],[-83.9631,30.1575],[-83.9578,30.162],[-83.9569,30.1685],[-83.9569,30.1744],[-83.9522,30.1796],[-83.9518,30.1851],[-83.9443,30.1898],[-83.9364,30.1918],[-83.931,30.1891],[-83.9255,30.1929],[-83.9244,30.1983],[-83.9258,30.2044],[-83.9212,30.2107],[-83.9182,30.216],[-83.9178,30.2222],[-83.9191,30.2279],[-83.916,30.2343],[-83.9158,30.2396],[-83.9154,30.2448],[-83.9101,30.2477],[-83.9048,30.2482],[-83.8997,30.2499],[-83.8962,30.255],[-83.8924,30.2606],[-83.8863,30.2635],[-83.8797,30.269],[-83.8733,30.2689],[-83.8677,30.2713],[-83.8614,30.2709],[-83.8543,30.2741],[-83.8478,30.2778],[-83.8427,30.2784],[-83.8377,30.2808],[-83.8337,30.2867],[-83.8278,30.2905],[-83.8258,30.2971],[-83.8203,30.2997],[-83.7175,30.3035],[-83.7108,30.3037],[-83.6368,30.304],[-83.5867,30.3036],[-83.579,30.3039],[-83.4688,30.3042],[-83.4693,30.2604],[-83.4338,30.2602],[-83.4274,30.2608],[-83.3673,30.2604],[-83.367,30.2266],[-83.3668,30.2011],[-83.3686,30.1872],[-83.3684,30.1287],[-83.3705,30.006],[-83.3709,29.8879],[-83.353,29.8879],[-83.3529,29.8222],[-83.3189,29.8226],[-83.3195,29.7783],[-83.3265,29.7738],[-83.3286,29.7677],[-83.3317,29.7619],[-83.3384,29.7577],[-83.3415,29.7515],[-83.3429,29.7454],[-83.3433,29.7371],[-83.3478,29.7321],[-83.3449,29.7268],[-83.3474,29.7213],[-83.347,29.7151],[-83.3514,29.7067],[-83.3513,29.7005],[-83.3507,29.6953],[-83.3578,29.6846],[-83.3623,29.6784],[-83.3644,29.6712],[-83.3664,29.6657],[-83.3734,29.666],[-83.3818,29.6696],[-83.3877,29.6695],[-83.395,29.6715],[-83.4008,29.6735],[-83.4096,29.6684],[-83.4147,29.6705],[-83.425,29.6695],[-83.4288,29.675],[-83.4363,29.6774],[-83.4446,29.6772],[-83.4554,29.6764],[-83.464,29.6821],[-83.4785,29.6876],[-83.4837,29.6882],[-83.4836,29.6985],[-83.4909,29.7084],[-83.4987,29.7098],[-83.493,29.7127],[-83.5041,29.7137],[-83.5096,29.7124],[-83.5262,29.7212],[-83.5357,29.7257],[-83.5425,29.7282],[-83.5479,29.7281],[-83.5539,29.7411],[-83.56,29.743],[-83.5608,29.7492],[-83.5631,29.7546],[-83.566,29.7614],[-83.5733,29.7632],[-83.5799,29.7592],[-83.5856,29.7614],[-83.579,29.7684],[-83.5847,29.7761],[-83.5892,29.7833],[-83.583,29.7873],[-83.5845,29.7969],[-83.5885,29.8022],[-83.5859,29.8118],[-83.5868,29.8189],[-83.5925,29.8186],[-83.5955,29.828],[-83.6026,29.8305],[-83.6052,29.8364],[-83.6106,29.8367],[-83.6186,29.8423],[-83.6196,29.8476],[-83.6234,29.8539],[-83.6293,29.8634],[-83.6326,29.8739],[-83.6365,29.8827],[-83.6536,29.8947],[-83.66,29.8995],[-83.6687,29.906],[-83.6772,29.9116],[-83.6792,29.9185],[-83.6843,29.9234],[-83.6973,29.9278],[-83.7117,29.9333],[-83.7176,29.9372],[-83.7279,29.941],[-83.7392,29.9492],[-83.7463,29.9578],[-83.7526,29.9557],[-83.762,29.9608],[-83.7672,29.9681],[-83.774,29.9681],[-83.7808,29.9722],[-83.7887,29.977],[-83.7958,29.9757],[-83.8026,29.9776],[-83.8077,29.9767],[-83.8126,29.9819],[-83.8195,29.9842],[-83.8287,29.9832],[-83.8454,29.9981],[-83.8589,30.0048],[-83.874,30.0111],[-83.9132,30.029],[-83.92,30.0346],[-83.9254,30.0346],[-83.9315,30.0391],[-83.9319,30.0442],[-83.9391,30.0501],[-83.9457,30.055],[-83.9509,30.0534],[-83.9517,30.0586],[-83.9577,30.0627],[-83.9675,30.0658],[-83.9736,30.0725],[-83.9832,30.0731],[-83.9892,30.0777],[-83.9861,30.0846],[-83.9914,30.086],[-83.992,30.0934]]],[[[-83.83,29.973]]]]},"properties":{"name":"Taylor","dem18":24.0,"dem22":16.8,"shift":-7.2}},{"type":"Feature","geometry":{"type":"MultiPolygon","coordinates":[[[[-82.7991,28.1853],[-82.7872,28.193],[-82.7825,28.2075],[-82.7743,28.207],[-82.7666,28.2131],[-82.7626,28.219],[-82.7577,28.2264],[-82.7636,28.2312],[-82.7622,28.2421],[-82.756,28.2408],[-82.7484,28.2468],[-82.7509,28.2522],[-82.758,28.2538],[-82.7493,28.2559],[-82.7462,28.2612],[-82.7434,28.2673],[-82.7431,28.2737],[-82.7374,28.2745],[-82.7429,28.2777],[-82.7358,28.2808],[-82.7323,28.2875],[-82.7271,28.2882],[-82.7328,28.2919],[-82.7353,28.2994],[-82.7352,28.3067],[-82.7325,28.3121],[-82.7325,28.3203],[-82.7182,28.3424],[-82.7154,28.3486],[-82.718,28.354],[-82.7131,28.3594],[-82.706,28.3683],[-82.7013,28.3748],[-82.704,28.3805],[-82.7069,28.3862],[-82.7069,28.3923],[-82.7045,28.3993],[-82.6948,28.4058],[-82.6878,28.4087],[-82.6929,28.4118],[-82.6995,28.4119],[-82.6945,28.4152],[-82.6973,28.4202],[-82.6857,28.4209],[-82.6826,28.4262],[-82.6773,28.4306],[-82.6699,28.4331],[-82.6572,28.4336],[-82.64,28.4338],[-82.6336,28.4339],[-82.6273,28.4338],[-82.6172,28.4338],[-82.6021,28.4339],[-82.5825,28.4339],[-82.5678,28.4338],[-82.5513,28.4338],[-82.5461,28.4338],[-82.5279,28.4337],[-82.5188,28.4337],[-82.5085,28.4337],[-82.4852,28.4337],[-82.4694,28.4338],[-82.4619,28.4338],[-82.4529,28.4338],[-82.3708,28.4341],[-82.3203,28.4348],[-82.3028,28.4349],[-82.2812,28.4348],[-82.2534,28.4348],[-82.2533,28.4568],[-82.2533,28.4785],[-82.2066,28.4786],[-82.1984,28.4785],[-82.1783,28.4785],[-82.1552,28.4784],[-82.0547,28.4784],[-82.0558,28.3128],[-82.0558,28.2996],[-82.0555,28.2946],[-82.0555,28.2589],[-82.0756,28.2592],[-82.1062,28.2592],[-82.1062,28.2242],[-82.1059,28.1973],[-82.1059,28.1716],[-82.1248,28.1721],[-82.1388,28.1718],[-82.1557,28.1717],[-82.1841,28.1717],[-82.1948,28.1719],[-82.212,28.1719],[-82.2541,28.1715],[-82.2597,28.1715],[-82.2865,28.1715],[-82.2944,28.1715],[-82.3104,28.1714],[-82.3199,28.1713],[-82.3519,28.1713],[-82.3622,28.1713],[-82.3819,28.171],[-82.392,28.1713],[-82.4033,28.1712],[-82.4105,28.1712],[-82.4282,28.1713],[-82.4345,28.1714],[-82.4492,28.1718],[-82.4546,28.1718],[-82.4617,28.1718],[-82.474,28.1719],[-82.4871,28.1723],[-82.498,28.1725],[-82.5162,28.1727],[-82.5358,28.1728],[-82.5557,28.1729],[-82.5797,28.173],[-82.5918,28.1732],[-82.6005,28.1733],[-82.6208,28.1733],[-82.6512,28.1733],[-82.6721,28.1733],[-82.699,28.1732],[-82.7202,28.1732],[-82.7293,28.1732],[-82.7406,28.1733],[-82.7497,28.1732],[-82.7571,28.173],[-82.764,28.1729],[-82.7734,28.1729],[-82.7837,28.1729],[-82.7928,28.173],[-82.7974,28.1817],[-82.7991,28.1853]]],[[[-82.8524,28.2102],[-82.846,28.2133],[-82.8404,28.212],[-82.8428,28.2069],[-82.8484,28.2045],[-82.8449,28.1991],[-82.8431,28.1905],[-82.847,28.1818],[-82.8443,28.1742],[-82.8499,28.1798],[-82.8524,28.2102]]],[[[-82.8007,28.175]]],[[[-82.8043,28.1773]]],[[[-82.8061,28.1741]]]]},"properties":{"name":"Pasco","dem18":41.7,"dem22":33.7,"shift":-8.0}},{"type":"Feature","geometry":{"type":"Polygon","coordinates":[[[-87.6348,30.8661],[-87.63,30.8777],[-87.6244,30.8847],[-87.6209,30.8899],[-87.6222,30.8975],[-87.616,30.9015],[-87.6142,30.9085],[-87.6118,30.9145],[-87.6083,30.9219],[-87.6027,30.9343],[-87.5969,30.9411],[-87.5921,30.9515],[-87.5892,30.9645],[-87.593,30.973],[-87.5927,30.9801],[-87.5967,30.9876],[-87.5992,30.9957],[-87.5713,30.9979],[-87.5485,30.9979],[-87.5195,30.9976],[-87.4984,30.9979],[-87.4884,30.9981],[-87.4802,30.9982],[-87.4669,30.9982],[-87.4618,30.9982],[-87.4557,30.9983],[-87.4498,30.9983],[-87.4323,30.9982],[-87.4258,30.9981],[-87.3678,30.9983],[-87.3557,30.9982],[-87.3479,30.9983],[-87.334,30.9983],[-87.3122,30.9984],[-87.304,30.9982],[-87.2977,30.9984],[-87.291,30.9984],[-87.2763,30.9983],[-87.2665,30.9983],[-87.2605,30.9982],[-87.255,30.9983],[-87.2499,30.9977],[-87.24,30.9966],[-87.2247,30.9972],[-87.1748,30.9987],[-87.1637,30.999],[-87.1691,30.9932],[-87.176,30.9966],[-87.1741,30.9912],[-87.1848,30.9833],[-87.1893,30.9766],[-87.1954,30.9766],[-87.202,30.9724],[-87.209,30.9687],[-87.2125,30.9635],[-87.2184,30.9638],[-87.2276,30.9611],[-87.23,30.9672],[-87.2359,30.964],[-87.2418,30.9614],[-87.2397,30.9555],[-87.2412,30.9492],[-87.2461,30.9427],[-87.2518,30.9439],[-87.2506,30.9387],[-87.2555,30.9316],[-87.2618,30.9352],[-87.2676,30.9347],[-87.2741,30.9319],[-87.2768,30.9259],[-87.2823,30.9248],[-87.2832,30.9188],[-87.2886,30.9172],[-87.2833,30.9149],[-87.2856,30.908],[-87.2852,30.9018],[-87.286,30.895],[-87.2845,30.888],[-87.294,30.8845],[-87.2967,30.8794],[-87.2993,30.8735],[-87.3009,30.8681],[-87.3052,30.863],[-87.3106,30.8549],[-87.3139,30.8487],[-87.3063,30.848],[-87.3066,30.8415],[-87.3014,30.8407],[-87.2999,30.8351],[-87.3019,30.8292],[-87.2974,30.8208],[-87.2969,30.8151],[-87.2939,30.8099],[-87.2974,30.8045],[-87.3027,30.8017],[-87.3057,30.7926],[-87.3056,30.7873],[-87.3119,30.7865],[-87.3092,30.7805],[-87.3075,30.7751],[-87.3044,30.766],[-87.3052,30.761],[-87.3057,30.7555],[-87.3097,30.7486],[-87.3111,30.7429],[-87.3126,30.7373],[-87.3085,30.7269],[-87.3015,30.7214],[-87.2948,30.7178],[-87.2896,30.7208],[-87.2835,30.7198],[-87.2765,30.7158],[-87.2702,30.713],[-87.2684,30.7063],[-87.2678,30.7011],[-87.2731,30.6987],[-87.2734,30.6935],[-87.2681,30.6896],[-87.2678,30.6806],[-87.2681,30.6742],[-87.2662,30.6678],[-87.2643,30.6619],[-87.2643,30.6566],[-87.2647,30.6513],[-87.2615,30.6456],[-87.2591,30.638],[-87.2587,30.631],[-87.254,30.6259],[-87.2599,30.6215],[-87.2572,30.6147],[-87.2537,30.6087],[-87.2455,30.6058],[-87.2464,30.6002],[-87.2404,30.5957],[-87.2348,30.5958],[-87.2305,30.59],[-87.2265,30.5828],[-87.2229,30.5726],[-87.2183,30.566],[-87.2139,30.5604],[-87.2097,30.5553],[-87.2031,30.5533],[-87.1972,30.5496],[-87.1899,30.5488],[-87.1798,30.5448],[-87.1593,30.5393],[-87.1541,30.5353],[-87.1481,30.5271],[-87.1432,30.5198],[-87.1368,30.5116],[-87.1215,30.4974],[-87.1257,30.4855],[-87.1333,30.4686],[-87.1345,30.462],[-87.1394,30.445],[-87.1414,30.4371],[-87.1447,30.4275],[-87.1482,30.419],[-87.1514,30.4135],[-87.1612,30.4056],[-87.1823,30.3948],[-87.2089,30.3811],[-87.2162,30.3774],[-87.2244,30.3747],[-87.2333,30.3703],[-87.2314,30.3433],[-87.2074,30.3418],[-87.1964,30.3384],[-87.1877,30.3374],[-87.182,30.3363],[-87.1756,30.337],[-87.1688,30.3409],[-87.1536,30.3481],[-87.1478,30.3491],[-87.1373,30.3496],[-87.1314,30.3501],[-87.1261,30.3508],[-87.1139,30.352],[-87.1021,30.3531],[-87.0944,30.3545],[-87.0744,30.3587],[-87.0323,30.3678],[-86.9727,30.3811],[-86.9517,30.3832],[-86.9189,30.3865],[-86.9189,30.3709],[-86.953,30.3654],[-87.0059,30.3559],[-87.0485,30.3482],[-87.0935,30.3394],[-87.1554,30.3277],[-87.1919,30.3232],[-87.206,30.3215],[-87.2263,30.3193],[-87.25,30.3175],[-87.2709,30.3167],[-87.2878,30.3212],[-87.2961,30.3257],[-87.3012,30.3303],[-87.3106,30.3265],[-87.3144,30.3215],[-87.3301,30.3177],[-87.3506,30.3134],[-87.3834,30.3064],[-87.4143,30.299],[-87.4274,30.2963],[-87.4512,30.2933],[-87.465,30.2906],[-87.4816,30.2876],[-87.4922,30.2851],[-87.5006,30.2836],[-87.5183,30.2804],[-87.5055,30.2871],[-87.5,30.2879],[-87.4524,30.3002],[-87.4501,30.3111],[-87.4556,30.3102],[-87.463,30.3078],[-87.4687,30.3082],[-87.4759,30.3079],[-87.4819,30.306],[-87.4949,30.305],[-87.5023,30.3072],[-87.5058,30.3125],[-87.5059,30.3194],[-87.5026,30.3274],[-87.492,30.3309],[-87.4756,30.3314],[-87.4673,30.3329],[-87.46,30.3363],[-87.4523,30.3441],[-87.452,30.3603],[-87.4514,30.3672],[-87.4418,30.3763],[-87.4387,30.3821],[-87.4412,30.3886],[-87.4384,30.3945],[-87.4318,30.4032],[-87.4262,30.4092],[-87.4192,30.4102],[-87.4132,30.409],[-87.4048,30.4099],[-87.3988,30.4151],[-87.3864,30.4205],[-87.3712,30.4305],[-87.3666,30.4366],[-87.3687,30.4446],[-87.3783,30.4492],[-87.392,30.4516],[-87.3999,30.451],[-87.4079,30.4564],[-87.4147,30.4573],[-87.4251,30.4656],[-87.4306,30.4766],[-87.4356,30.4805],[-87.4306,30.4911],[-87.4383,30.5054],[-87.4447,30.5075],[-87.4473,30.5126],[-87.4464,30.5203],[-87.4466,30.5271],[-87.4354,30.5491],[-87.4279,30.5542],[-87.426,30.5601],[-87.4209,30.5607],[-87.4167,30.5663],[-87.4163,30.5724],[-87.4087,30.5837],[-87.4066,30.5999],[-87.4012,30.6044],[-87.395,30.6153],[-87.3957,30.6234],[-87.3936,30.6303],[-87.3959,30.644],[-87.3962,30.6505],[-87.4002,30.6572],[-87.4059,30.6666],[-87.4071,30.6718],[-87.4127,30.6781],[-87.4195,30.68],[-87.4249,30.6834],[-87.4304,30.6886],[-87.436,30.6887],[-87.4423,30.6927],[-87.4494,30.6989],[-87.4569,30.6976],[-87.4663,30.7008],[-87.4744,30.7066],[-87.4796,30.7129],[-87.487,30.7185],[-87.4968,30.7204],[-87.5023,30.7216],[-87.5117,30.7335],[-87.5236,30.7383],[-87.5326,30.7435],[-87.5354,30.7498],[-87.5365,30.7614],[-87.5423,30.7675],[-87.5454,30.7741],[-87.5521,30.7863],[-87.5595,30.7904],[-87.5642,30.7962],[-87.572,30.8005],[-87.5768,30.8082],[-87.5819,30.8124],[-87.5879,30.815],[-87.5943,30.817],[-87.6005,30.8206],[-87.6036,30.8286],[-87.611,30.8326],[-87.6173,30.8404],[-87.6241,30.8457],[-87.6265,30.8519],[-87.6262,30.8571],[-87.6349,30.8659],[-87.6348,30.8661]]]},"properties":{"name":"Escambia","dem18":41.4,"dem22":34.9,"shift":-6.5}},{"type":"Feature","geometry":{"type":"Polygon","coordinates":[[[-82.0504,30.6763],[-82.0435,30.6847],[-82.0414,30.6936],[-82.0364,30.7066],[-82.0368,30.713],[-82.0376,30.7186],[-82.04,30.7246],[-82.0394,30.7372],[-82.0396,30.7477],[-82.0368,30.7544],[-82.0271,30.7511],[-82.0188,30.7546],[-82.0139,30.7609],[-82.0152,30.772],[-82.0233,30.7827],[-82.022,30.7882],[-82.0162,30.7912],[-82.0081,30.7921],[-81.995,30.7861],[-81.9834,30.7781],[-81.9777,30.7766],[-81.9708,30.7839],[-81.97,30.7891],[-81.9629,30.7958],[-81.9617,30.801],[-81.9645,30.8075],[-81.9627,30.8136],[-81.9629,30.8187],[-81.9557,30.8228],[-81.9495,30.8279],[-81.9437,30.826],[-81.937,30.8285],[-81.9328,30.8204],[-81.927,30.8176],[-81.9187,30.8175],[-81.9109,30.8161],[-81.9045,30.8177],[-81.9067,30.8234],[-81.9014,30.8299],[-81.8949,30.8252],[-81.8915,30.8168],[-81.8848,30.8115],[-81.8815,30.7999],[-81.8762,30.7998],[-81.8704,30.7975],[-81.8637,30.7943],[-81.8535,30.7946],[-81.8456,30.7907],[-81.8406,30.7919],[-81.8392,30.7866],[-81.8285,30.7894],[-81.8192,30.7899],[-81.8074,30.7901],[-81.8024,30.7872],[-81.7968,30.7831],[-81.7882,30.7793],[-81.7837,30.7729],[-81.7826,30.7661],[-81.7719,30.7638],[-81.7725,30.7712],[-81.7713,30.7763],[-81.7617,30.7757],[-81.7549,30.7687],[-81.744,30.7664],[-81.7427,30.7606],[-81.7323,30.7553],[-81.7293,30.7483],[-81.7199,30.7446],[-81.7114,30.7473],[-81.7025,30.7454],[-81.6948,30.7484],[-81.691,30.7433],[-81.6801,30.7416],[-81.6728,30.7389],[-81.6691,30.745],[-81.6793,30.7447],[-81.6784,30.7511],[-81.6698,30.7517],[-81.6633,30.7544],[-81.6635,30.7457],[-81.6546,30.7444],[-81.6541,30.7331],[-81.649,30.7275],[-81.6419,30.7289],[-81.635,30.7333],[-81.6307,30.7281],[-81.6283,30.7354],[-81.6208,30.7316],[-81.6235,30.7247],[-81.6151,30.7227],[-81.6107,30.7162],[-81.606,30.7262],[-81.6009,30.7294],[-81.5971,30.7193],[-81.5893,30.7228],[-81.5762,30.7226],[-81.5684,30.719],[-81.5635,30.7134],[-81.5561,30.7138],[-81.5493,30.7183],[-81.5416,30.7101],[-81.5351,30.7097],[-81.534,30.7147],[-81.5342,30.721],[-81.5262,30.7234],[-81.5161,30.7222],[-81.5072,30.7229],[-81.4895,30.7261],[-81.4838,30.7239],[-81.4758,30.7148],[-81.4654,30.7113],[-81.46,30.7104],[-81.4487,30.7094],[-81.438,30.705],[-81.4327,30.703],[-81.427,30.7005],[-81.4276,30.6923],[-81.4279,30.6837],[-81.4292,30.6708],[-81.4321,30.6553],[-81.4355,30.6386],[-81.437,30.6314],[-81.4382,30.6239],[-81.4412,30.6056],[-81.4432,30.5739],[-81.4419,30.5527],[-81.4396,30.5416],[-81.4358,30.5261],[-81.4376,30.5187],[-81.4455,30.5219],[-81.4555,30.5226],[-81.4799,30.5335],[-81.488,30.5422],[-81.4905,30.5511],[-81.4996,30.5638],[-81.514,30.5673],[-81.5238,30.5563],[-81.521,30.5505],[-81.5199,30.5436],[-81.5252,30.5334],[-81.5291,30.528],[-81.5372,30.5241],[-81.543,30.5239],[-81.5491,30.5284],[-81.551,30.5348],[-81.5509,30.543],[-81.5593,30.5425],[-81.565,30.5375],[-81.5772,30.538],[-81.5854,30.5442],[-81.5888,30.5505],[-81.5857,30.5579],[-81.5832,30.5645],[-81.5898,30.5662],[-81.5972,30.5618],[-81.6042,30.5586],[-81.6096,30.554],[-81.6135,30.5603],[-81.6077,30.5663],[-81.6015,30.5677],[-81.605,30.5735],[-81.611,30.5759],[-81.6043,30.584],[-81.6094,30.5848],[-81.617,30.5806],[-81.6228,30.5841],[-81.6287,30.5835],[-81.6345,30.5818],[-81.6402,30.5796],[-81.6458,30.5756],[-81.6508,30.5755],[-81.6562,30.57],[-81.6594,30.5628],[-81.6624,30.5572],[-81.6601,30.5516],[-81.6667,30.5517],[-81.6726,30.5561],[-81.6721,30.5623],[-81.6776,30.5621],[-81.6842,30.5664],[-81.6921,30.5672],[-81.6976,30.5696],[-81.701,30.5639],[-81.7081,30.5667],[-81.7135,30.5698],[-81.7204,30.5705],[-81.7258,30.5659],[-81.7268,30.5594],[-81.7318,30.5608],[-81.7342,30.5535],[-81.7373,30.5484],[-81.7377,30.5434],[-81.7372,30.5368],[-81.7425,30.5331],[-81.7496,30.5315],[-81.7561,30.5312],[-81.7637,30.5349],[-81.7653,30.5187],[-81.7816,30.5033],[-81.7911,30.5055],[-81.8019,30.4947],[-81.8095,30.4845],[-81.8312,30.4674],[-81.866,30.4363],[-81.9159,30.3916],[-81.9355,30.374],[-81.9524,30.3593],[-82.0115,30.3061],[-82.024,30.2952],[-82.0375,30.2835],[-82.0492,30.2734],[-82.0496,30.2814],[-82.0497,30.2924],[-82.0501,30.3614],[-82.0407,30.3702],[-82.0368,30.3779],[-82.0359,30.3853],[-82.0412,30.3968],[-82.042,30.4033],[-82.0412,30.41],[-82.034,30.4224],[-82.0345,30.428],[-82.0372,30.4345],[-82.0301,30.4449],[-82.0255,30.4578],[-82.0237,30.4673],[-82.0178,30.4751],[-82.0173,30.4876],[-82.0159,30.4955],[-82.0148,30.513],[-82.0158,30.5182],[-82.0189,30.5238],[-82.0184,30.5312],[-82.0132,30.5501],[-82.0055,30.5635],[-82.0081,30.577],[-82.0121,30.5938],[-82.0157,30.6017],[-82.0269,30.6062],[-82.0265,30.6133],[-82.0285,30.6218],[-82.0339,30.6296],[-82.0399,30.6371],[-82.0396,30.6433],[-82.0423,30.6495],[-82.0495,30.6555],[-82.0488,30.6607],[-82.047,30.6659],[-82.0504,30.6763]]]},"properties":{"name":"Nassau","dem18":26.6,"dem22":23.1,"shift":-3.5}},{"type":"Feature","geometry":{"type":"Polygon","coordinates":[[[-82.1062,28.2592],[-82.0756,28.2592],[-82.0555,28.2589],[-82.0555,28.2946],[-82.0558,28.2996],[-82.0558,28.3128],[-82.0483,28.3163],[-82.0419,28.3189],[-82.0353,28.32],[-82.0281,28.3221],[-82.0225,28.3233],[-82.0169,28.3227],[-82.0104,28.3221],[-82.0042,28.3221],[-81.9992,28.3203],[-81.9924,28.3142],[-81.9883,28.307],[-81.9789,28.3057],[-81.9734,28.3085],[-81.9652,28.308],[-81.958,28.3089],[-81.9576,28.3452],[-81.9403,28.3452],[-81.8575,28.346],[-81.8576,28.3619],[-81.8189,28.3617],[-81.7909,28.3618],[-81.7907,28.3464],[-81.7061,28.3466],[-81.683,28.3468],[-81.6738,28.347],[-81.6643,28.3471],[-81.6573,28.3471],[-81.6569,28.3275],[-81.6573,28.3212],[-81.6572,28.303],[-81.657,28.2884],[-81.6569,28.2823],[-81.6572,28.2592],[-81.6402,28.2593],[-81.6233,28.2593],[-81.6142,28.2594],[-81.5906,28.2594],[-81.5803,28.2595],[-81.5581,28.2594],[-81.5547,28.2544],[-81.5513,28.249],[-81.5395,28.2282],[-81.5241,28.201],[-81.5242,28.1428],[-81.5173,28.1428],[-81.5015,28.1427],[-81.4733,28.1428],[-81.4608,28.1431],[-81.4561,28.125],[-81.456,28.1118],[-81.4558,28.0925],[-81.4558,28.0849],[-81.445,28.0852],[-81.4248,28.0852],[-81.3755,28.0851],[-81.3464,28.0847],[-81.3472,28.0763],[-81.3463,28.0697],[-81.3532,28.0677],[-81.3604,28.0684],[-81.3657,28.0661],[-81.3656,28.0608],[-81.3651,28.0552],[-81.3638,28.0495],[-81.3619,28.0437],[-81.3637,28.0378],[-81.3724,28.0319],[-81.3761,28.0247],[-81.3779,28.0174],[-81.3787,28.0117],[-81.3857,28.0172],[-81.3908,28.0197],[-81.3935,28.0248],[-81.3998,28.0289],[-81.4058,28.029],[-81.4147,28.0365],[-81.4232,28.0386],[-81.4283,28.0406],[-81.434,28.0459],[-81.4354,28.0529],[-81.4407,28.0586],[-81.4506,28.0567],[-81.4557,28.0566],[-81.4585,28.0513],[-81.4598,28.045],[-81.4559,28.0389],[-81.4509,28.0338],[-81.4451,28.0332],[-81.4371,28.0307],[-81.4325,28.0224],[-81.4268,28.0171],[-81.4242,28.0107],[-81.4217,28.0047],[-81.4156,27.9982],[-81.4089,28.001],[-81.4037,28.0028],[-81.3982,28.003],[-81.3925,28.0046],[-81.387,28.0036],[-81.3834,27.9972],[-81.3785,27.9885],[-81.381,27.9834],[-81.3765,27.9783],[-81.3706,27.9779],[-81.3651,27.9729],[-81.3498,27.9638],[-81.3485,27.9555],[-81.3428,27.953],[-81.3375,27.9507],[-81.3367,27.9453],[-81.3385,27.94],[-81.3435,27.9414],[-81.3455,27.9357],[-81.3387,27.9313],[-81.3334,27.9304],[-81.3281,27.9288],[-81.3191,27.9254],[-81.3124,27.9253],[-81.3087,27.9174],[-81.3124,27.9099],[-81.3139,27.9047],[-81.3141,27.8981],[-81.3081,27.8897],[-81.3046,27.8813],[-81.3055,27.875],[-81.2977,27.8635],[-81.292,27.8576],[-81.2813,27.8575],[-81.2791,27.852],[-81.2729,27.8502],[-81.2666,27.8484],[-81.2608,27.847],[-81.2557,27.8475],[-81.2505,27.8489],[-81.2507,27.8437],[-81.2465,27.8488],[-81.2413,27.8472],[-81.2348,27.8437],[-81.2295,27.8418],[-81.2236,27.8362],[-81.2153,27.8297],[-81.2131,27.8234],[-81.2092,27.8176],[-81.2067,27.8123],[-81.2018,27.805],[-81.2001,27.797],[-81.1963,27.7908],[-81.1896,27.7853],[-81.186,27.779],[-81.1864,27.7739],[-81.1808,27.7737],[-81.1791,27.7658],[-81.1729,27.7605],[-81.178,27.7589],[-81.1785,27.7519],[-81.1745,27.7456],[-81.1679,27.7422],[-81.1644,27.736],[-81.1682,27.7296],[-81.167,27.7244],[-81.1608,27.7238],[-81.159,27.7185],[-81.1526,27.7183],[-81.1489,27.7128],[-81.1459,27.7065],[-81.148,27.6992],[-81.149,27.692],[-81.1462,27.6865],[-81.1447,27.6795],[-81.1441,27.6693],[-81.1376,27.6642],[-81.1318,27.6615],[-81.132,27.6538],[-81.1325,27.6475],[-81.1382,27.6444],[-81.3616,27.6465],[-81.4035,27.6466],[-81.4775,27.6466],[-81.5299,27.6464],[-81.5435,27.6465],[-81.5557,27.6466],[-81.5635,27.6466],[-81.6619,27.6465],[-81.7413,27.6463],[-81.8179,27.6462],[-81.8343,27.6462],[-81.8783,27.6462],[-81.8916,27.6462],[-81.9094,27.6465],[-81.9268,27.6464],[-81.949,27.6463],[-82.0543,27.6464],[-82.054,27.8507],[-82.0552,27.8653],[-82.0553,27.878],[-82.0549,27.9072],[-82.0553,27.9271],[-82.0553,27.9382],[-82.0554,27.9504],[-82.0557,27.9747],[-82.0559,27.9821],[-82.0559,27.9895],[-82.0559,27.9964],[-82.0559,28.0016],[-82.0557,28.0251],[-82.0559,28.033],[-82.0562,28.0476],[-82.0564,28.0804],[-82.0564,28.0987],[-82.0566,28.1057],[-82.0565,28.1133],[-82.0563,28.1311],[-82.0563,28.1589],[-82.0563,28.1716],[-82.0652,28.1716],[-82.1059,28.1716],[-82.1059,28.1973],[-82.1062,28.2242],[-82.1062,28.2592]]]},"properties":{"name":"Polk","dem18":43.2,"dem22":35.1,"shift":-8.1}},{"type":"Feature","geometry":{"type":"Polygon","coordinates":[[[-85.4175,29.8299],[-85.4158,29.8426],[-85.4136,29.8529],[-85.4118,29.8598],[-85.4071,29.866],[-85.3983,29.8718],[-85.3912,29.8743],[-85.3945,29.8679],[-85.399,29.8606],[-85.3993,29.854],[-85.4036,29.8453],[-85.4083,29.8355],[-85.4105,29.8261],[-85.407,29.8192],[-85.4089,29.8138],[-85.4104,29.8081],[-85.4097,29.8024],[-85.4068,29.7953],[-85.4043,29.7847],[-85.4028,29.7796],[-85.4039,29.7726],[-85.4015,29.7641],[-85.3955,29.7624],[-85.3922,29.7543],[-85.3891,29.7422],[-85.3893,29.7336],[-85.386,29.7254],[-85.3823,29.7194],[-85.378,29.7096],[-85.3716,29.7031],[-85.3729,29.6967],[-85.3692,29.691],[-85.3631,29.6911],[-85.3636,29.6805],[-85.3538,29.68],[-85.3465,29.6815],[-85.3393,29.6837],[-85.3315,29.6845],[-85.3257,29.6857],[-85.3137,29.6865],[-85.3098,29.6932],[-85.3071,29.7035],[-85.3084,29.7124],[-85.304,29.7206],[-85.3039,29.7319],[-85.3043,29.7415],[-85.3046,29.7506],[-85.3034,29.7576],[-85.305,29.7699],[-85.3024,29.7833],[-85.302,29.7895],[-85.3017,29.7953],[-85.3028,29.8089],[-85.3086,29.8133],[-85.314,29.8209],[-85.3141,29.8263],[-85.3145,29.8327],[-85.3175,29.8389],[-85.325,29.845],[-85.3323,29.8459],[-85.3428,29.8579],[-85.3481,29.8723],[-85.3637,29.8989],[-85.3847,29.9209],[-85.3885,29.9261],[-85.3888,29.9434],[-85.3892,29.9552],[-85.3913,29.9998],[-85.3913,30.0276],[-85.3902,30.0908],[-85.3901,30.0978],[-85.3902,30.1183],[-85.3899,30.1385],[-85.3896,30.1452],[-85.3898,30.1532],[-85.3897,30.1717],[-85.39,30.1882],[-85.3899,30.1983],[-85.3403,30.2006],[-85.2298,30.2008],[-85.2082,30.2009],[-85.1913,30.2008],[-85.1157,30.2],[-85.1215,30.1954],[-85.1257,30.1853],[-85.1336,30.1818],[-85.1339,30.176],[-85.1387,30.1707],[-85.1399,30.1635],[-85.1332,30.161],[-85.1357,30.1509],[-85.1356,30.1454],[-85.1376,30.138],[-85.1421,30.1314],[-85.1454,30.1247],[-85.1386,30.1205],[-85.1332,30.1209],[-85.1318,30.1154],[-85.1392,30.1156],[-85.1401,30.1092],[-85.1458,30.1117],[-85.1476,30.1049],[-85.1449,30.0994],[-85.1503,30.0969],[-85.1538,30.0913],[-85.147,30.0886],[-85.1412,30.0874],[-85.136,30.0842],[-85.1362,30.0762],[-85.1371,30.0696],[-85.1369,30.0638],[-85.136,30.0574],[-85.1357,30.05],[-85.1355,30.0447],[-85.129,30.0425],[-85.1249,30.033],[-85.1191,30.0289],[-85.1137,30.0232],[-85.1079,30.0254],[-85.1045,30.0202],[-85.0983,30.0246],[-85.1004,30.0176],[-85.0932,30.0157],[-85.0852,30.0147],[-85.0779,30.0085],[-85.0719,30.0048],[-85.0641,30.004],[-85.0582,30.0039],[-85.0529,29.997],[-85.0506,29.991],[-85.0446,29.9884],[-85.0384,29.9906],[-85.032,29.9878],[-85.0273,29.9821],[-85.0257,29.9763],[-85.0234,29.9622],[-85.0197,29.9535],[-85.0251,29.9527],[-85.0262,29.9446],[-85.0315,29.9404],[-85.0298,29.9327],[-85.0349,29.9314],[-85.0402,29.928],[-85.0453,29.9207],[-85.0478,29.9148],[-85.0491,29.9094],[-85.0535,29.9034],[-85.0528,29.8975],[-85.0487,29.8889],[-85.0464,29.8823],[-85.0412,29.8759],[-85.0413,29.8708],[-85.0377,29.8636],[-85.0383,29.858],[-85.0378,29.8525],[-85.0326,29.8443],[-85.0318,29.8392],[-85.0326,29.8301],[-85.0238,29.8246],[-85.0198,29.8172],[-85.0194,29.8102],[-85.023,29.8051],[-85.0313,29.7989],[-85.036,29.7924],[-85.0386,29.7812],[-85.0445,29.7794],[-85.0542,29.7808],[-85.0607,29.7863],[-85.0666,29.7864],[-85.0705,29.7747],[-85.0765,29.7689],[-85.0824,29.7696],[-85.0908,29.7728],[-85.1041,29.7742],[-85.1094,29.7768],[-85.1684,29.7366],[-85.2062,29.7112],[-85.2175,29.6947],[-85.2509,29.6872],[-85.2459,29.6816],[-85.2296,29.6824],[-85.222,29.6855],[-85.2322,29.6774],[-85.2422,29.6769],[-85.25,29.6791],[-85.2597,29.6813],[-85.2766,29.6835],[-85.2907,29.6841],[-85.2986,29.684],[-85.3066,29.6833],[-85.3183,29.6816],[-85.3283,29.6788],[-85.3361,29.6754],[-85.3428,29.6712],[-85.3515,29.6667],[-85.3567,29.6696],[-85.3621,29.6753],[-85.3677,29.6808],[-85.3753,29.6919],[-85.3809,29.7021],[-85.3873,29.7154],[-85.3984,29.743],[-85.4043,29.762],[-85.4096,29.7816],[-85.4115,29.7924],[-85.4135,29.7995],[-85.4167,29.8202],[-85.4175,29.8299]]]},"properties":{"name":"Gulf","dem18":26.2,"dem22":19.5,"shift":-6.7}},{"type":"Feature","geometry":{"type":"MultiPolygon","coordinates":[[[[-83.4148,29.6636],[-83.4086,29.6673],[-83.403,29.6719],[-83.395,29.6715],[-83.3877,29.6695],[-83.3818,29.6696],[-83.3749,29.6672],[-83.3694,29.6667],[-83.3632,29.6682],[-83.364,29.6736],[-83.3595,29.6829],[-83.3537,29.6912],[-83.3506,29.6979],[-83.3513,29.7052],[-83.3501,29.7124],[-83.3471,29.7177],[-83.347,29.7235],[-83.3466,29.7308],[-83.3433,29.7371],[-83.3457,29.7435],[-83.3415,29.7515],[-83.3384,29.7577],[-83.3317,29.7619],[-83.3286,29.7677],[-83.3269,29.7727],[-83.3214,29.7783],[-83.3189,29.8226],[-83.0718,29.8245],[-83.0008,29.8253],[-82.9853,29.8251],[-82.9685,29.8253],[-82.9592,29.8254],[-82.9206,29.8241],[-82.9258,29.8223],[-82.9318,29.8161],[-82.9354,29.8095],[-82.9334,29.8015],[-82.9259,29.8001],[-82.9201,29.7973],[-82.9247,29.7917],[-82.9333,29.7874],[-82.9389,29.7789],[-82.9412,29.7728],[-82.9476,29.7661],[-82.9497,29.7579],[-82.9475,29.7528],[-82.9413,29.754],[-82.9383,29.7465],[-82.9417,29.7401],[-82.9447,29.7329],[-82.9497,29.7263],[-82.9433,29.7218],[-82.9443,29.7152],[-82.9496,29.7177],[-82.9563,29.7206],[-82.9535,29.7142],[-82.9484,29.7127],[-82.945,29.7069],[-82.9379,29.7046],[-82.9453,29.6999],[-82.9506,29.7034],[-82.9557,29.7025],[-82.9567,29.6936],[-82.9593,29.6858],[-82.9548,29.6791],[-82.9591,29.6712],[-82.9532,29.6648],[-82.9527,29.6584],[-82.9563,29.649],[-82.9557,29.6419],[-82.9625,29.6348],[-82.9692,29.6299],[-82.9731,29.6243],[-82.9682,29.6177],[-82.9714,29.6124],[-82.9637,29.6034],[-82.9603,29.5935],[-82.9549,29.5856],[-82.9488,29.5854],[-82.9439,29.5922],[-82.9373,29.5912],[-82.9417,29.5862],[-82.9448,29.5762],[-82.9479,29.5691],[-82.9483,29.5631],[-82.9479,29.5575],[-82.9549,29.5547],[-82.9695,29.5447],[-82.9768,29.5406],[-82.979,29.535],[-82.9766,29.5294],[-82.9708,29.5259],[-82.9705,29.5191],[-82.9779,29.5184],[-82.9835,29.511],[-82.9833,29.5033],[-82.9842,29.4952],[-82.982,29.4895],[-82.9839,29.4812],[-82.9867,29.4754],[-82.9849,29.4691],[-82.9899,29.4633],[-82.9975,29.4636],[-83.002,29.4565],[-83.0079,29.4504],[-83.0128,29.4398],[-83.0212,29.4312],[-83.0178,29.4245],[-83.0172,29.4189],[-83.0235,29.4203],[-83.0222,29.4144],[-83.0252,29.4092],[-83.0239,29.401],[-83.0313,29.3982],[-83.0334,29.3917],[-83.0407,29.3852],[-83.0486,29.3791],[-83.0569,29.3783],[-83.0647,29.374],[-83.0659,29.3685],[-83.0633,29.3618],[-83.0706,29.3574],[-83.0614,29.3527],[-83.0685,29.344],[-83.074,29.3425],[-83.0822,29.3399],[-83.0904,29.3328],[-83.0963,29.3368],[-83.1015,29.3316],[-83.1045,29.3254],[-83.1102,29.3255],[-83.1129,29.3181],[-83.1195,29.3172],[-83.1288,29.3194],[-83.1362,29.3234],[-83.142,29.3226],[-83.1462,29.3113],[-83.1508,29.3054],[-83.1581,29.3022],[-83.1614,29.2966],[-83.1648,29.2892],[-83.1646,29.2968],[-83.17,29.3011],[-83.1746,29.3071],[-83.164,29.3164],[-83.1567,29.3222],[-83.1646,29.3248],[-83.1726,29.3301],[-83.1709,29.3425],[-83.1799,29.3487],[-83.1876,29.3588],[-83.1911,29.3682],[-83.1985,29.368],[-83.2007,29.3739],[-83.2012,29.3802],[-83.2019,29.3881],[-83.2024,29.3944],[-83.2113,29.3983],[-83.2104,29.4049],[-83.2145,29.4102],[-83.2181,29.4205],[-83.2286,29.4212],[-83.2304,29.4275],[-83.2405,29.4332],[-83.2576,29.433],[-83.264,29.4358],[-83.272,29.4323],[-83.2802,29.4334],[-83.2937,29.437],[-83.2898,29.4441],[-83.2965,29.4475],[-83.3071,29.4624],[-83.3078,29.4689],[-83.3144,29.4751],[-83.3211,29.4773],[-83.3311,29.4756],[-83.3399,29.4858],[-83.3501,29.4894],[-83.3567,29.4999],[-83.3703,29.4999],[-83.3793,29.5036],[-83.384,29.513],[-83.4003,29.5172],[-83.4016,29.5233],[-83.3957,29.5263],[-83.3998,29.533],[-83.4031,29.5433],[-83.4004,29.5501],[-83.4031,29.565],[-83.4072,29.5706],[-83.4053,29.5783],[-83.4069,29.5885],[-83.4051,29.5956],[-83.4017,29.6009],[-83.3995,29.613],[-83.4014,29.6334],[-83.4041,29.6408],[-83.4064,29.6503],[-83.4117,29.657],[-83.4148,29.6636]]],[[[-82.9187,29.8241],[-82.904,29.8243],[-82.9095,29.8212],[-82.9168,29.8235],[-82.9187,29.8241]]]]},"properties":{"name":"Dixie","dem18":17.8,"dem22":12.0,"shift":-5.8}},{"type":"Feature","geometry":{"type":"Polygon","coordinates":[[[-84.7366,30.2681],[-84.7306,30.2697],[-84.7309,30.2752],[-84.7308,30.2804],[-84.7292,30.2874],[-84.7134,30.3002],[-84.6283,30.3003],[-84.5043,30.3019],[-84.4211,30.3024],[-84.4004,30.3026],[-84.3785,30.3027],[-84.3464,30.3034],[-84.3409,30.3035],[-84.3279,30.3033],[-84.3119,30.3033],[-84.2928,30.3034],[-84.2859,30.3033],[-84.254,30.3032],[-84.2477,30.3035],[-84.2415,30.2762],[-84.2319,30.2742],[-84.1617,30.2739],[-84.1498,30.2738],[-84.1249,30.2737],[-84.0755,30.2736],[-84.0756,30.2634],[-84.0762,30.1253],[-84.0761,30.0975],[-84.0831,30.0923],[-84.0937,30.094],[-84.1056,30.0912],[-84.1138,30.0855],[-84.1189,30.0885],[-84.1249,30.0906],[-84.1357,30.083],[-84.1573,30.0727],[-84.1679,30.0714],[-84.1791,30.0732],[-84.1845,30.0773],[-84.1822,30.0824],[-84.1738,30.091],[-84.1771,30.0961],[-84.1881,30.094],[-84.1936,30.0978],[-84.2022,30.1123],[-84.2088,30.1072],[-84.2045,30.0959],[-84.1985,30.0879],[-84.208,30.0848],[-84.2187,30.084],[-84.2278,30.0853],[-84.237,30.0856],[-84.2457,30.093],[-84.2475,30.1011],[-84.2561,30.1048],[-84.2623,30.1037],[-84.2694,30.0977],[-84.2725,30.0924],[-84.274,30.0831],[-84.2704,30.0755],[-84.2708,30.0681],[-84.2772,30.0603],[-84.2822,30.0612],[-84.2897,30.0572],[-84.2978,30.0575],[-84.3145,30.0495],[-84.3254,30.0423],[-84.3343,30.0371],[-84.3339,30.029],[-84.3395,30.0293],[-84.3455,30.027],[-84.3469,30.0186],[-84.3524,30.0129],[-84.3566,30.0186],[-84.3661,30.0087],[-84.3609,29.998],[-84.3625,29.9928],[-84.362,29.9877],[-84.3564,29.9804],[-84.3504,29.9805],[-84.3447,29.985],[-84.3411,29.9789],[-84.3408,29.972],[-84.3483,29.9691],[-84.3538,29.9697],[-84.3605,29.9712],[-84.3696,29.9746],[-84.3781,29.9769],[-84.3832,29.977],[-84.392,29.9806],[-84.3992,29.9833],[-84.4088,29.9849],[-84.4156,29.9831],[-84.4254,29.9854],[-84.4326,29.9902],[-84.4355,29.9817],[-84.4421,29.9817],[-84.4495,29.9733],[-84.4546,29.9713],[-84.4589,29.9836],[-84.4588,29.9887],[-84.4616,29.9965],[-84.4677,30.0019],[-84.4767,29.9997],[-84.4812,29.9939],[-84.4871,29.9885],[-84.4942,29.987],[-84.502,29.9874],[-84.5083,29.9891],[-84.5141,29.9891],[-84.512,29.9834],[-84.5217,29.9808],[-84.5247,29.9867],[-84.5198,29.9929],[-84.5203,29.9988],[-84.525,30.0052],[-84.5312,30.0074],[-84.5381,30.0045],[-84.5446,30.0043],[-84.5444,30.011],[-84.5506,30.0146],[-84.5557,30.0148],[-84.5584,30.0221],[-84.5637,30.0193],[-84.5694,30.0189],[-84.5763,30.0221],[-84.5847,30.0267],[-84.591,30.0296],[-84.5955,30.0355],[-84.5986,30.0409],[-84.5931,30.0407],[-84.6,30.0432],[-84.6056,30.0523],[-84.609,30.0585],[-84.616,30.0654],[-84.6211,30.0665],[-84.6265,30.0629],[-84.6282,30.0683],[-84.6351,30.0716],[-84.6356,30.0774],[-84.6379,30.0837],[-84.644,30.0887],[-84.65,30.0933],[-84.6545,30.0999],[-84.6481,30.1054],[-84.6517,30.1123],[-84.6532,30.1182],[-84.6596,30.1151],[-84.6608,30.1202],[-84.6675,30.1234],[-84.6694,30.129],[-84.6655,30.1346],[-84.6716,30.1377],[-84.6684,30.143],[-84.6704,30.1498],[-84.6706,30.1576],[-84.6691,30.1636],[-84.6672,30.1686],[-84.6683,30.1745],[-84.6679,30.1804],[-84.6723,30.1865],[-84.6783,30.1881],[-84.6777,30.1941],[-84.676,30.2007],[-84.6814,30.2022],[-84.6815,30.2091],[-84.6819,30.2177],[-84.6876,30.2223],[-84.6927,30.2221],[-84.6955,30.2273],[-84.701,30.232],[-84.6972,30.2371],[-84.7004,30.2427],[-84.7013,30.2483],[-84.7074,30.2514],[-84.7157,30.2516],[-84.7266,30.2567],[-84.7351,30.2636],[-84.7366,30.2681]]]},"properties":{"name":"Wakulla","dem18":30.0,"dem22":26.2,"shift":-3.8}},{"type":"Feature","geometry":{"type":"Polygon","coordinates":[[[-82.6586,29.8301],[-82.6521,29.8256],[-82.6444,29.8268],[-82.6358,29.8324],[-82.635,29.8381],[-82.6321,29.8468],[-82.622,29.8485],[-82.6229,29.854],[-82.6197,29.8591],[-82.6139,29.8543],[-82.6085,29.8529],[-82.6024,29.8577],[-82.5972,29.8589],[-82.5912,29.866],[-82.5902,29.8732],[-82.5926,29.8875],[-82.58,29.8876],[-82.58,29.8949],[-82.576,29.9131],[-82.5716,29.9183],[-82.5663,29.9193],[-82.5609,29.9222],[-82.5547,29.9285],[-82.5481,29.9256],[-82.5416,29.9255],[-82.5351,29.9293],[-82.5294,29.9343],[-82.5297,29.9409],[-82.5241,29.9453],[-82.5164,29.9434],[-82.511,29.9452],[-82.5048,29.9428],[-82.4992,29.9402],[-82.492,29.9392],[-82.4862,29.9399],[-82.4812,29.937],[-82.4757,29.9324],[-82.4721,29.9265],[-82.4649,29.9296],[-82.4588,29.9305],[-82.4531,29.9257],[-82.4489,29.9315],[-82.4417,29.9291],[-82.4366,29.9308],[-82.4293,29.9255],[-82.4239,29.9207],[-82.4187,29.9231],[-82.4125,29.922],[-82.409,29.9169],[-82.4055,29.9112],[-82.4045,29.9048],[-82.404,29.8996],[-82.4024,29.8937],[-82.3988,29.8873],[-82.3933,29.8851],[-82.3874,29.8819],[-82.3807,29.8816],[-82.375,29.8794],[-82.3695,29.8791],[-82.3627,29.8815],[-82.3564,29.8775],[-82.3514,29.8776],[-82.3433,29.8766],[-82.3362,29.8788],[-82.3293,29.8743],[-82.3231,29.8672],[-82.3142,29.8676],[-82.314,29.8601],[-82.3052,29.8599],[-82.305,29.8532],[-82.2995,29.8532],[-82.2932,29.8512],[-82.2863,29.848],[-82.2797,29.8447],[-82.272,29.8432],[-82.265,29.8475],[-82.2574,29.8485],[-82.2496,29.8501],[-82.2441,29.8524],[-82.2382,29.8508],[-82.2335,29.8453],[-82.2197,29.8453],[-82.2103,29.8453],[-82.1981,29.8482],[-82.1903,29.8481],[-82.1851,29.844],[-82.1774,29.838],[-82.1649,29.8396],[-82.1471,29.8387],[-82.1385,29.836],[-82.1331,29.8359],[-82.1331,29.8308],[-82.1302,29.8254],[-82.1239,29.8237],[-82.1241,29.8053],[-82.1195,29.7982],[-82.1176,29.7906],[-82.1089,29.7907],[-82.1091,29.7831],[-82.1012,29.7834],[-82.0947,29.7806],[-82.0845,29.7788],[-82.0793,29.776],[-82.08,29.767],[-82.0875,29.7619],[-82.0767,29.7612],[-82.0707,29.7593],[-82.0603,29.7504],[-82.0564,29.7442],[-82.0551,29.7381],[-82.0544,29.7327],[-82.0541,29.7252],[-82.0557,29.7197],[-82.0491,29.7134],[-82.0523,29.6905],[-82.055,29.6696],[-82.0561,29.6568],[-82.0562,29.6454],[-82.056,29.6312],[-82.0553,29.5948],[-82.0554,29.5658],[-82.0561,29.508],[-82.0559,29.4712],[-82.0556,29.4418],[-82.064,29.4396],[-82.0713,29.4433],[-82.0701,29.4368],[-82.0761,29.4368],[-82.0838,29.4379],[-82.0889,29.4326],[-82.0865,29.4267],[-82.0925,29.4296],[-82.0967,29.4237],[-82.0959,29.4303],[-82.0989,29.4363],[-82.1041,29.4383],[-82.1098,29.4354],[-82.116,29.4326],[-82.1211,29.429],[-82.1272,29.43],[-82.1331,29.4347],[-82.141,29.4286],[-82.1453,29.4235],[-82.1458,29.4176],[-82.151,29.4205],[-82.1507,29.4265],[-82.1563,29.4256],[-82.1629,29.4244],[-82.1679,29.4272],[-82.1734,29.424],[-82.1804,29.4223],[-82.1936,29.4209],[-82.2001,29.4228],[-82.2072,29.4273],[-82.2132,29.4318],[-82.2137,29.437],[-82.2129,29.4444],[-82.2116,29.4495],[-82.2169,29.455],[-82.2164,29.4602],[-82.2127,29.4656],[-82.2066,29.4617],[-82.199,29.4607],[-82.1935,29.4614],[-82.1986,29.458],[-82.1916,29.4525],[-82.1892,29.459],[-82.1967,29.4641],[-82.2036,29.472],[-82.2067,29.466],[-82.2116,29.4711],[-82.2148,29.4773],[-82.2116,29.4827],[-82.2439,29.4843],[-82.2872,29.4843],[-82.4066,29.485],[-82.4129,29.4851],[-82.4477,29.4854],[-82.4666,29.4851],[-82.4908,29.4854],[-82.4962,29.4855],[-82.4963,29.4784],[-82.5231,29.4793],[-82.5568,29.4801],[-82.5569,29.5002],[-82.5565,29.512],[-82.5567,29.5346],[-82.5684,29.5377],[-82.5736,29.5375],[-82.5892,29.5378],[-82.6362,29.5361],[-82.6563,29.5356],[-82.6564,29.5503],[-82.6563,29.5648],[-82.6565,29.5722],[-82.6563,29.5824],[-82.6563,29.5963],[-82.6563,29.6014],[-82.6563,29.6072],[-82.6563,29.62],[-82.6563,29.6273],[-82.6564,29.6431],[-82.6566,29.6798],[-82.6569,29.7113],[-82.657,29.7266],[-82.6572,29.7515],[-82.6581,29.8218],[-82.6581,29.8281],[-82.6586,29.8301]]]},"properties":{"name":"Alachua","dem18":63.8,"dem22":57.6,"shift":-6.2}},{"type":"Feature","geometry":{"type":"Polygon","coordinates":[[[-81.6586,28.7458],[-81.6586,28.7664],[-81.6532,28.7661],[-81.6465,28.7698],[-81.6448,28.776],[-81.646,28.7818],[-81.6357,28.7859],[-81.6246,28.7859],[-81.593,28.786],[-81.5599,28.7861],[-81.5475,28.7861],[-81.5392,28.7861],[-81.5331,28.7861],[-81.5274,28.7861],[-81.5173,28.7861],[-81.4774,28.7862],[-81.4694,28.7858],[-81.4502,28.7857],[-81.4147,28.7856],[-81.4151,28.7803],[-81.4149,28.7747],[-81.4164,28.7695],[-81.4158,28.7645],[-81.4163,28.7584],[-81.4215,28.7445],[-81.4228,28.7369],[-81.4315,28.7281],[-81.4362,28.7218],[-81.441,28.7159],[-81.4464,28.7137],[-81.458,28.7143],[-81.4596,28.6886],[-81.4596,28.6802],[-81.4596,28.6746],[-81.4597,28.6645],[-81.4597,28.6444],[-81.4436,28.6401],[-81.4356,28.6401],[-81.4273,28.6402],[-81.4152,28.6401],[-81.3965,28.6402],[-81.388,28.6402],[-81.378,28.6403],[-81.3716,28.6404],[-81.3652,28.6404],[-81.3572,28.6393],[-81.3454,28.6395],[-81.3387,28.6395],[-81.3311,28.6396],[-81.3284,28.6327],[-81.328,28.6211],[-81.3279,28.6113],[-81.3145,28.6107],[-81.309,28.6107],[-81.3024,28.6108],[-81.2948,28.6109],[-81.2823,28.6111],[-81.2623,28.6115],[-81.2458,28.6117],[-81.2332,28.6117],[-81.2262,28.6118],[-81.2179,28.6119],[-81.2075,28.6119],[-81.2012,28.612],[-81.194,28.6121],[-81.1869,28.612],[-81.1745,28.612],[-81.1578,28.6122],[-81.129,28.6125],[-81.1062,28.6126],[-81.098,28.6127],[-81.0677,28.6127],[-80.9954,28.6132],[-80.9873,28.613],[-80.9806,28.6109],[-80.9756,28.6078],[-80.9695,28.6084],[-80.964,28.6051],[-80.957,28.6019],[-80.9506,28.5996],[-80.9433,28.5937],[-80.9457,28.5864],[-80.9438,28.5813],[-80.9403,28.5759],[-80.9344,28.5694],[-80.93,28.5632],[-80.9317,28.5559],[-80.9341,28.5477],[-80.9326,28.5415],[-80.939,28.542],[-80.9393,28.535],[-80.9337,28.5333],[-80.9275,28.5327],[-80.9211,28.5288],[-80.9175,28.523],[-80.9114,28.5246],[-80.908,28.5181],[-80.9056,28.5127],[-80.8999,28.5114],[-80.8949,28.51],[-80.8857,28.5103],[-80.8833,28.5043],[-80.8799,28.4976],[-80.8826,28.4915],[-80.8759,28.4901],[-80.8752,28.4834],[-80.8738,28.4783],[-80.8708,28.4714],[-80.8764,28.4696],[-80.8817,28.4704],[-80.8873,28.4685],[-80.8945,28.467],[-80.8948,28.462],[-80.8965,28.4567],[-80.8957,28.4512],[-80.8902,28.4453],[-80.8947,28.4385],[-80.9012,28.4332],[-80.8969,28.4281],[-80.8958,28.4231],[-80.8911,28.4162],[-80.885,28.4109],[-80.8864,28.4038],[-80.8847,28.3984],[-80.8896,28.3931],[-80.8878,28.388],[-80.8825,28.3821],[-80.8798,28.3768],[-80.8728,28.3696],[-80.8738,28.3642],[-80.8718,28.3572],[-80.8667,28.3503],[-81.1742,28.3482],[-81.2111,28.3481],[-81.2319,28.3482],[-81.2395,28.3481],[-81.2601,28.3481],[-81.293,28.3481],[-81.3096,28.3481],[-81.3177,28.348],[-81.3417,28.348],[-81.3499,28.348],[-81.3549,28.348],[-81.3627,28.3479],[-81.383,28.3479],[-81.3885,28.3479],[-81.4042,28.3479],[-81.4195,28.3479],[-81.4395,28.348],[-81.4479,28.3479],[-81.4578,28.3473],[-81.4686,28.3472],[-81.4876,28.3471],[-81.5103,28.3472],[-81.5315,28.3473],[-81.5409,28.3472],[-81.6014,28.3471],[-81.6077,28.347],[-81.6163,28.3471],[-81.6386,28.347],[-81.6482,28.3469],[-81.6573,28.3471],[-81.6572,28.361],[-81.6572,28.3811],[-81.6574,28.4341],[-81.6574,28.4501],[-81.6575,28.4742],[-81.6575,28.5088],[-81.6574,28.5142],[-81.6575,28.5222],[-81.6573,28.5447],[-81.6574,28.5531],[-81.6572,28.5632],[-81.6572,28.5698],[-81.6514,28.5751],[-81.652,28.5802],[-81.6499,28.587],[-81.6572,28.5926],[-81.6569,28.6078],[-81.6582,28.6589],[-81.6585,28.6768],[-81.6586,28.7403],[-81.6586,28.7458]]]},"properties":{"name":"Orange","dem18":63.0,"dem22":53.5,"shift":-9.5}},{"type":"Feature","geometry":{"type":"Polygon","coordinates":[[[-81.2139,27.5295],[-81.2084,27.5299],[-81.2092,27.5355],[-81.2025,27.5394],[-81.2046,27.5445],[-81.1987,27.547],[-81.1933,27.5532],[-81.1851,27.5589],[-81.178,27.5577],[-81.1749,27.5643],[-81.1691,27.5701],[-81.1634,27.5742],[-81.1566,27.575],[-81.1578,27.5835],[-81.1554,27.591],[-81.15,27.5946],[-81.1438,27.5972],[-81.1413,27.6039],[-81.1431,27.6127],[-81.1432,27.6181],[-81.1422,27.625],[-81.1429,27.6308],[-81.1425,27.6366],[-81.141,27.6425],[-81.0684,27.6424],[-81.0229,27.642],[-80.8731,27.6423],[-80.867,27.6424],[-80.8587,27.6423],[-80.8535,27.6423],[-80.778,27.6432],[-80.7772,27.5587],[-80.7445,27.5589],[-80.6797,27.5587],[-80.6797,27.5008],[-80.6793,27.4557],[-80.6786,27.4486],[-80.6778,27.3021],[-80.6777,27.2941],[-80.6783,27.2503],[-80.678,27.2445],[-80.6779,27.206],[-80.6777,27.1593],[-80.6774,27.1216],[-80.6838,27.1163],[-80.8856,26.9589],[-80.8777,27.0588],[-80.8748,27.0952],[-80.8746,27.1012],[-80.8724,27.1305],[-80.8718,27.1381],[-80.8712,27.1471],[-80.8702,27.1523],[-80.8766,27.1585],[-80.8804,27.1649],[-80.887,27.1662],[-80.8946,27.1654],[-80.8977,27.1705],[-80.9035,27.1691],[-80.9084,27.1743],[-80.9062,27.1802],[-80.9086,27.1859],[-80.9109,27.1914],[-80.9175,27.19],[-80.9225,27.1928],[-80.9285,27.1962],[-80.9348,27.1962],[-80.938,27.2021],[-80.9436,27.2089],[-80.9441,27.214],[-80.9494,27.2199],[-80.9556,27.2233],[-80.9612,27.2183],[-80.9675,27.217],[-80.9732,27.2204],[-80.9794,27.2283],[-80.9853,27.2316],[-80.9817,27.2373],[-80.9834,27.2448],[-80.9909,27.2502],[-80.9956,27.2569],[-80.9986,27.2629],[-80.9989,27.2682],[-80.9987,27.2741],[-80.9987,27.2812],[-80.997,27.2864],[-80.9972,27.2935],[-81.0031,27.2984],[-81.0099,27.3009],[-81.0162,27.3019],[-81.0215,27.3004],[-81.0288,27.3058],[-81.027,27.3134],[-81.0322,27.3185],[-81.0312,27.3248],[-81.0376,27.3281],[-81.0434,27.3285],[-81.0454,27.3364],[-81.0418,27.3436],[-81.0361,27.3482],[-81.0307,27.3515],[-81.0335,27.357],[-81.0391,27.3601],[-81.0452,27.3632],[-81.0511,27.363],[-81.0498,27.3694],[-81.0554,27.3724],[-81.0609,27.3737],[-81.0636,27.3794],[-81.0705,27.3822],[-81.0769,27.384],[-81.0837,27.3845],[-81.0892,27.3822],[-81.0947,27.3814],[-81.1001,27.3805],[-81.1058,27.3831],[-81.1113,27.3843],[-81.1168,27.3879],[-81.1222,27.3915],[-81.1255,27.3981],[-81.1251,27.4036],[-81.1302,27.4057],[-81.1368,27.4086],[-81.1438,27.412],[-81.142,27.4181],[-81.1406,27.424],[-81.1404,27.4297],[-81.1397,27.4352],[-81.1432,27.4409],[-81.1466,27.4459],[-81.1525,27.4487],[-81.1546,27.4541],[-81.1596,27.454],[-81.1649,27.4569],[-81.1709,27.4614],[-81.1717,27.4665],[-81.1742,27.4715],[-81.1774,27.4778],[-81.1825,27.4837],[-81.1878,27.4826],[-81.1929,27.4862],[-81.1992,27.4863],[-81.2051,27.4897],[-81.2039,27.497],[-81.2021,27.5028],[-81.2006,27.508],[-81.1994,27.515],[-81.2055,27.5164],[-81.2106,27.5223],[-81.2109,27.5283],[-81.2139,27.5295]]]},"properties":{"name":"Okeechobee","dem18":30.0,"dem22":19.2,"shift":-10.8}},{"type":"Feature","geometry":{"type":"Polygon","coordinates":[[[-82.0561,29.6568],[-82.055,29.6696],[-82.0527,29.6884],[-82.0503,29.7097],[-82.0508,29.7161],[-82.0289,29.7187],[-82.0249,29.7252],[-82.0129,29.7345],[-82.0071,29.7395],[-81.9952,29.7426],[-81.9859,29.7437],[-81.9762,29.7471],[-81.9394,29.7475],[-81.9311,29.7561],[-81.9278,29.7677],[-81.9249,29.7748],[-81.9235,29.7809],[-81.9202,29.7862],[-81.9142,29.7914],[-81.9047,29.7931],[-81.8907,29.7982],[-81.8825,29.7994],[-81.8703,29.8009],[-81.862,29.8002],[-81.8553,29.8054],[-81.8472,29.8095],[-81.837,29.8161],[-81.8279,29.8244],[-81.8229,29.8257],[-81.8158,29.8336],[-81.7972,29.8366],[-81.7573,29.8371],[-81.6618,29.8388],[-81.5812,29.8402],[-81.5718,29.8153],[-81.5665,29.8029],[-81.5621,29.7956],[-81.5539,29.7885],[-81.5463,29.7818],[-81.5426,29.7751],[-81.5412,29.77],[-81.5334,29.7639],[-81.5283,29.7608],[-81.5247,29.7124],[-81.5245,29.6908],[-81.5239,29.6315],[-81.5237,29.6224],[-81.5227,29.5795],[-81.5223,29.5598],[-81.5217,29.5385],[-81.5205,29.4965],[-81.5176,29.4902],[-81.5011,29.4688],[-81.4967,29.4623],[-81.4907,29.4542],[-81.4876,29.4483],[-81.4864,29.4405],[-81.4865,29.4353],[-81.4864,29.4276],[-81.4844,29.422],[-81.4809,29.4165],[-81.4801,29.4048],[-81.4788,29.3991],[-81.4681,29.3923],[-81.4612,29.3905],[-81.455,29.3897],[-81.4483,29.3917],[-81.4422,29.395],[-81.4364,29.3982],[-81.4398,29.3914],[-81.4403,29.3853],[-81.4459,29.3801],[-81.4509,29.3785],[-81.4611,29.3758],[-81.508,29.3645],[-81.518,29.3619],[-81.5409,29.3566],[-81.6432,29.333],[-81.6581,29.3296],[-81.6809,29.3244],[-81.6804,29.3304],[-81.6772,29.3367],[-81.6719,29.3395],[-81.664,29.3412],[-81.6571,29.3373],[-81.6591,29.3424],[-81.6577,29.348],[-81.6624,29.3571],[-81.6626,29.3635],[-81.6665,29.3688],[-81.6961,29.371],[-81.7062,29.3711],[-81.7117,29.3708],[-81.7181,29.371],[-81.7357,29.3709],[-81.7414,29.371],[-81.7413,29.4044],[-81.7414,29.4127],[-81.7419,29.4222],[-81.7418,29.4299],[-81.7749,29.4292],[-81.7759,29.4758],[-81.7762,29.4874],[-81.7845,29.4873],[-81.8128,29.4865],[-81.8313,29.4863],[-81.8428,29.4865],[-81.8427,29.5055],[-81.843,29.521],[-81.8496,29.5213],[-81.8592,29.5168],[-81.865,29.5146],[-81.8705,29.5141],[-81.8769,29.5133],[-81.882,29.5129],[-81.8874,29.5108],[-81.8944,29.5134],[-81.9017,29.516],[-81.9067,29.5142],[-81.9081,29.5084],[-81.9133,29.5046],[-81.9194,29.5116],[-81.9248,29.5128],[-81.9304,29.5162],[-81.9355,29.5144],[-81.9406,29.5122],[-81.9463,29.5096],[-81.9518,29.5079],[-81.958,29.5067],[-81.9642,29.5038],[-81.9713,29.5039],[-81.9769,29.5034],[-81.984,29.5032],[-81.9893,29.5022],[-81.9946,29.5017],[-82.0016,29.5017],[-82.0099,29.4996],[-82.0152,29.498],[-82.0209,29.4963],[-82.0263,29.4947],[-82.032,29.4914],[-82.0376,29.4862],[-82.0422,29.4797],[-82.0498,29.4743],[-82.0559,29.4712],[-82.056,29.5069],[-82.0555,29.5639],[-82.0554,29.5941],[-82.056,29.6312],[-82.056,29.6435],[-82.0561,29.6568]]]},"properties":{"name":"Putnam","dem18":32.5,"dem22":23.5,"shift":-9.0}},{"type":"Feature","geometry":{"type":"Polygon","coordinates":[[[-84.9319,30.6069],[-84.9275,30.6125],[-84.916,30.6156],[-84.9081,30.6195],[-84.9041,30.6256],[-84.9043,30.6337],[-84.9011,30.6405],[-84.8947,30.6446],[-84.8919,30.6497],[-84.8911,30.6553],[-84.8881,30.6631],[-84.8749,30.672],[-84.8714,30.6776],[-84.8691,30.6832],[-84.8636,30.6895],[-84.8583,30.6966],[-84.8597,30.7018],[-84.8647,30.7115],[-84.8363,30.7107],[-84.8011,30.7091],[-84.7252,30.7056],[-84.6659,30.7029],[-84.6448,30.702],[-84.6252,30.7009],[-84.6064,30.6999],[-84.5508,30.6973],[-84.5394,30.6968],[-84.5259,30.696],[-84.4744,30.6928],[-84.4523,30.6921],[-84.3807,30.69],[-84.3749,30.6898],[-84.2826,30.6853],[-84.2879,30.6839],[-84.2975,30.6825],[-84.3003,30.6766],[-84.3053,30.6702],[-84.3002,30.6651],[-84.3021,30.6601],[-84.2998,30.6543],[-84.3003,30.6487],[-84.3,30.6436],[-84.302,30.6385],[-84.3056,30.6325],[-84.3109,30.6324],[-84.3139,30.6274],[-84.3174,30.6213],[-84.3227,30.6206],[-84.3252,30.6154],[-84.3262,30.6087],[-84.3314,30.6069],[-84.3319,30.6012],[-84.3355,30.5958],[-84.3409,30.6002],[-84.344,30.595],[-84.3496,30.5932],[-84.3554,30.5912],[-84.3595,30.5854],[-84.3647,30.5852],[-84.3701,30.5822],[-84.3723,30.5765],[-84.3784,30.5735],[-84.3798,30.5669],[-84.3802,30.5617],[-84.3811,30.5552],[-84.3864,30.5524],[-84.3884,30.5463],[-84.3892,30.541],[-84.3909,30.5352],[-84.391,30.5294],[-84.3914,30.5226],[-84.3918,30.5169],[-84.3975,30.5142],[-84.4029,30.5108],[-84.404,30.5054],[-84.4046,30.4991],[-84.4005,30.4941],[-84.3978,30.4886],[-84.3972,30.4833],[-84.4027,30.4801],[-84.4054,30.474],[-84.4137,30.4705],[-84.4188,30.4667],[-84.424,30.4645],[-84.4304,30.4659],[-84.4371,30.4626],[-84.4436,30.4612],[-84.4501,30.4611],[-84.4552,30.4595],[-84.4605,30.4559],[-84.4659,30.4578],[-84.4711,30.4586],[-84.4768,30.4574],[-84.4834,30.4565],[-84.4903,30.4597],[-84.4976,30.4576],[-84.5021,30.4519],[-84.5079,30.4513],[-84.5135,30.4508],[-84.519,30.4503],[-84.525,30.4483],[-84.5294,30.4408],[-84.5379,30.4402],[-84.5429,30.4394],[-84.549,30.4373],[-84.556,30.4348],[-84.5615,30.4379],[-84.5665,30.4324],[-84.5698,30.4262],[-84.5771,30.42],[-84.5825,30.4167],[-84.5877,30.4141],[-84.5927,30.4135],[-84.5985,30.4133],[-84.6058,30.4149],[-84.6108,30.4122],[-84.6184,30.4108],[-84.6236,30.4095],[-84.6319,30.4033],[-84.639,30.3978],[-84.6456,30.3959],[-84.6464,30.3883],[-84.6669,30.3878],[-84.6806,30.388],[-84.6804,30.3933],[-84.6805,30.4173],[-84.7141,30.4172],[-84.7141,30.4604],[-84.7414,30.4603],[-84.7811,30.4598],[-84.7818,30.5167],[-84.8156,30.5185],[-84.8158,30.5331],[-84.8826,30.5331],[-84.8833,30.5622],[-84.8833,30.5832],[-84.8833,30.6056],[-84.9121,30.6058],[-84.9325,30.6064],[-84.9319,30.6069]]]},"properties":{"name":"Gadsden","dem18":68.9,"dem22":62.4,"shift":-6.5}},{"type":"Feature","geometry":{"type":"Polygon","coordinates":[[[-81.5641,27.3733],[-81.5638,27.4149],[-81.5639,27.4342],[-81.5637,27.4855],[-81.5637,27.494],[-81.5637,27.5592],[-81.5636,27.5916],[-81.5635,27.6139],[-81.5635,27.6466],[-81.5557,27.6466],[-81.5435,27.6465],[-81.5299,27.6464],[-81.4775,27.6466],[-81.4035,27.6466],[-81.3616,27.6465],[-81.1422,27.6432],[-81.1438,27.6365],[-81.1429,27.6308],[-81.1422,27.625],[-81.1432,27.6181],[-81.1431,27.6127],[-81.1418,27.6069],[-81.1405,27.6013],[-81.1489,27.5971],[-81.1539,27.592],[-81.1555,27.5859],[-81.1586,27.5785],[-81.1604,27.5724],[-81.1657,27.5749],[-81.1702,27.5682],[-81.1759,27.5594],[-81.1826,27.5575],[-81.1889,27.5571],[-81.195,27.5518],[-81.2001,27.5461],[-81.206,27.5473],[-81.2043,27.5421],[-81.2066,27.5369],[-81.208,27.5305],[-81.2139,27.5295],[-81.2106,27.5223],[-81.2055,27.5164],[-81.2005,27.516],[-81.1985,27.5104],[-81.2025,27.5039],[-81.202,27.4987],[-81.2045,27.4932],[-81.1998,27.4878],[-81.1943,27.4851],[-81.1892,27.4826],[-81.184,27.4824],[-81.1774,27.4778],[-81.1742,27.4715],[-81.1717,27.4665],[-81.1709,27.4614],[-81.1649,27.4569],[-81.1599,27.4564],[-81.1546,27.4541],[-81.1525,27.4487],[-81.1472,27.4472],[-81.1436,27.4417],[-81.141,27.436],[-81.1404,27.4305],[-81.1405,27.425],[-81.142,27.4181],[-81.1423,27.4125],[-81.1366,27.4106],[-81.131,27.4073],[-81.1251,27.4036],[-81.1255,27.3981],[-81.1222,27.3915],[-81.1166,27.3899],[-81.1135,27.3848],[-81.1075,27.3838],[-81.1019,27.3833],[-81.0963,27.3801],[-81.0912,27.383],[-81.0853,27.3839],[-81.0797,27.3843],[-81.0734,27.3827],[-81.0658,27.3804],[-81.0615,27.3752],[-81.0559,27.3731],[-81.05,27.3707],[-81.0528,27.3651],[-81.0452,27.3632],[-81.0398,27.3617],[-81.0344,27.359],[-81.0316,27.3536],[-81.0327,27.3476],[-81.0394,27.347],[-81.0453,27.3414],[-81.044,27.3322],[-81.0387,27.3298],[-81.0335,27.3268],[-81.0306,27.3211],[-81.0303,27.316],[-81.0271,27.3102],[-81.0261,27.3027],[-81.0207,27.3007],[-81.0133,27.2973],[-81.0073,27.3012],[-81.0,27.298],[-80.9946,27.2973],[-80.9985,27.2912],[-80.9982,27.2856],[-80.9988,27.278],[-80.9984,27.2716],[-80.9972,27.2642],[-80.9982,27.2589],[-80.9926,27.2535],[-80.9863,27.2486],[-80.9805,27.246],[-80.9827,27.2407],[-80.9826,27.2357],[-80.9794,27.2283],[-80.9732,27.2204],[-80.9675,27.217],[-80.9613,27.2152],[-80.9556,27.2233],[-80.9503,27.2223],[-80.9461,27.2172],[-80.9421,27.2114],[-80.9407,27.2059],[-80.9618,27.2108],[-81.0945,27.2101],[-81.1485,27.2098],[-81.1691,27.2096],[-81.1683,27.1217],[-81.2302,27.1212],[-81.2677,27.1211],[-81.2673,27.0674],[-81.2672,27.0325],[-81.333,27.0324],[-81.333,27.0396],[-81.3418,27.0397],[-81.3427,27.0323],[-81.5625,27.0337],[-81.5625,27.0697],[-81.5631,27.2096],[-81.5641,27.3406],[-81.564,27.3732],[-81.5641,27.3733]]]},"properties":{"name":"Highlands","dem18":32.7,"dem22":25.3,"shift":-7.4}},{"type":"Feature","geometry":{"type":"Polygon","coordinates":[[[-85.9936,30.4051],[-85.9877,30.4119],[-85.9837,30.4185],[-85.9866,30.4235],[-85.9819,30.4295],[-85.9756,30.432],[-85.9689,30.4358],[-85.9637,30.4399],[-85.9528,30.4442],[-85.947,30.4446],[-85.9399,30.4439],[-85.9332,30.4449],[-85.9244,30.4401],[-85.9162,30.4385],[-85.9089,30.4427],[-85.9027,30.4424],[-85.8983,30.4511],[-85.8935,30.4572],[-85.8914,30.4626],[-85.8897,30.4681],[-85.8843,30.4654],[-85.878,30.4668],[-85.8749,30.4758],[-85.8715,30.4821],[-85.8668,30.4876],[-85.8598,30.4901],[-85.858,30.4969],[-85.8657,30.4983],[-85.8687,30.5042],[-85.8749,30.5075],[-85.8804,30.505],[-85.8813,30.5103],[-85.8816,30.5163],[-85.8876,30.5185],[-85.8824,30.521],[-85.8871,30.528],[-85.8817,30.5339],[-85.8795,30.54],[-85.8783,30.5463],[-85.8798,30.5562],[-85.8853,30.5601],[-85.8906,30.5638],[-85.8893,30.5743],[-85.8891,30.5815],[-85.8941,30.5815],[-85.8996,30.5851],[-85.9069,30.5866],[-85.9103,30.5929],[-85.9094,30.598],[-85.9159,30.5968],[-85.9112,30.6025],[-85.9096,30.6084],[-85.9083,30.614],[-85.9134,30.6164],[-85.9108,30.6214],[-85.9113,30.6283],[-85.9125,30.6337],[-85.9113,30.6393],[-85.9058,30.6449],[-85.8993,30.6483],[-85.894,30.6524],[-85.8889,30.6569],[-85.8816,30.6568],[-85.8766,30.6599],[-85.87,30.6624],[-85.8756,30.6685],[-85.871,30.6751],[-85.8755,30.6808],[-85.8704,30.6802],[-85.8633,30.6855],[-85.8658,30.6911],[-85.8605,30.6928],[-85.858,30.6986],[-85.8523,30.6986],[-85.8465,30.7016],[-85.8451,30.7073],[-85.8381,30.7111],[-85.8398,30.7173],[-85.8336,30.7213],[-85.8348,30.7263],[-85.8293,30.7243],[-85.8285,30.7299],[-85.8246,30.7357],[-85.83,30.7406],[-85.8243,30.7424],[-85.8296,30.7481],[-85.8299,30.7557],[-85.8283,30.7622],[-85.8302,30.7686],[-85.8277,30.7749],[-85.8219,30.779],[-85.8164,30.7826],[-85.8195,30.7884],[-85.7952,30.7904],[-85.7519,30.7896],[-85.752,30.7757],[-85.7351,30.7753],[-85.7355,30.7502],[-85.7288,30.7459],[-85.6978,30.7449],[-85.6905,30.7447],[-85.6852,30.7446],[-85.6333,30.7444],[-85.619,30.7439],[-85.6193,30.7545],[-85.6205,30.7598],[-85.6201,30.7657],[-85.6211,30.7708],[-85.6159,30.7763],[-85.6139,30.7827],[-85.6076,30.792],[-85.6023,30.8],[-85.6019,30.8056],[-85.599,30.8141],[-85.5996,30.8234],[-85.5999,30.8306],[-85.533,30.83],[-85.4889,30.8297],[-85.4823,30.8295],[-85.4827,30.7859],[-85.4561,30.7856],[-85.4323,30.7855],[-85.4326,30.7603],[-85.4326,30.7465],[-85.4327,30.7285],[-85.4329,30.7011],[-85.4336,30.6705],[-85.435,30.6252],[-85.4348,30.5676],[-85.4478,30.5677],[-85.4857,30.5676],[-85.4864,30.5243],[-85.4861,30.5109],[-85.4866,30.5006],[-85.4865,30.4954],[-85.4865,30.4879],[-85.4871,30.4804],[-85.4873,30.4714],[-85.4877,30.4613],[-85.4878,30.4415],[-85.5357,30.4372],[-85.5486,30.4373],[-85.5552,30.4374],[-85.57,30.4376],[-85.6029,30.4379],[-85.6496,30.4385],[-85.6558,30.4386],[-85.6641,30.4391],[-85.6867,30.4388],[-85.6952,30.4394],[-85.8121,30.4399],[-85.8246,30.4414],[-85.8329,30.4413],[-85.845,30.4406],[-85.8535,30.4406],[-85.8588,30.4385],[-85.8638,30.4313],[-85.8664,30.4251],[-85.8704,30.4198],[-85.8755,30.4153],[-85.8818,30.4118],[-85.887,30.4102],[-85.8956,30.4098],[-85.9019,30.4073],[-85.9076,30.4058],[-85.9152,30.4095],[-85.9215,30.4158],[-85.9273,30.4161],[-85.9332,30.4121],[-85.9402,30.4086],[-85.9469,30.4101],[-85.9522,30.4124],[-85.9601,30.4113],[-85.9656,30.4092],[-85.9745,30.401],[-85.9764,30.396],[-85.9818,30.3922],[-85.9899,30.3904],[-85.9935,30.3961],[-85.9937,30.4013],[-85.9936,30.4051]]]},"properties":{"name":"Washington","dem18":21.0,"dem22":14.2,"shift":-6.8}},{"type":"Feature","geometry":{"type":"MultiPolygon","coordinates":[[[[-82.7563,28.9963],[-82.7554,29.0019],[-82.7482,29.0051],[-82.7427,29.0079],[-82.7372,29.0124],[-82.7279,29.0149],[-82.7237,29.0214],[-82.7175,29.027],[-82.712,29.0308],[-82.706,29.0308],[-82.7007,29.0319],[-82.6924,29.0327],[-82.6835,29.0306],[-82.6784,29.0302],[-82.6729,29.0255],[-82.6663,29.0249],[-82.6597,29.0236],[-82.6545,29.0231],[-82.6483,29.0219],[-82.641,29.0215],[-82.6358,29.0178],[-82.629,29.014],[-82.623,29.0125],[-82.6155,29.0101],[-82.6075,29.0104],[-82.6021,29.0135],[-82.6018,29.0185],[-82.6003,29.0241],[-82.5966,29.0292],[-82.5885,29.0286],[-82.577,29.0281],[-82.569,29.0335],[-82.5639,29.0359],[-82.5583,29.0352],[-82.5506,29.0379],[-82.5428,29.0427],[-82.5366,29.043],[-82.5312,29.0431],[-82.5258,29.0431],[-82.5205,29.0398],[-82.513,29.0432],[-82.51,29.0379],[-82.5027,29.0416],[-82.4952,29.0444],[-82.4898,29.0484],[-82.4834,29.0512],[-82.4776,29.0525],[-82.4705,29.0466],[-82.4648,29.0458],[-82.4589,29.0477],[-82.454,29.0401],[-82.4451,29.0366],[-82.4389,29.0328],[-82.4365,29.0277],[-82.4298,29.0238],[-82.4247,29.0211],[-82.4196,29.0177],[-82.413,29.0148],[-82.407,29.0166],[-82.4016,29.019],[-82.395,29.0145],[-82.3935,29.008],[-82.3869,29.0093],[-82.3818,29.0063],[-82.377,29.0007],[-82.3696,29.0018],[-82.3639,29.0018],[-82.3621,28.9957],[-82.3563,28.9917],[-82.3496,28.9887],[-82.3429,28.9872],[-82.3379,28.9848],[-82.3321,28.982],[-82.3249,28.9767],[-82.3198,28.9731],[-82.3145,28.9698],[-82.3117,28.9637],[-82.3113,28.9584],[-82.3051,28.9525],[-82.299,28.95],[-82.2954,28.9447],[-82.2959,28.9384],[-82.2906,28.9363],[-82.2886,28.9288],[-82.2844,28.9232],[-82.2819,28.9178],[-82.2804,28.9126],[-82.2761,28.9047],[-82.2743,28.8993],[-82.2688,28.894],[-82.2621,28.8893],[-82.2552,28.8841],[-82.2462,28.8794],[-82.2418,28.8742],[-82.2403,28.8677],[-82.2368,28.8619],[-82.232,28.8566],[-82.2224,28.8527],[-82.2122,28.8427],[-82.2067,28.84],[-82.205,28.8347],[-82.1986,28.8307],[-82.1912,28.8268],[-82.1858,28.8257],[-82.1828,28.817],[-82.1812,28.8092],[-82.1793,28.8033],[-82.1698,28.7967],[-82.1708,28.7902],[-82.178,28.7873],[-82.1841,28.7833],[-82.1883,28.7768],[-82.1879,28.7712],[-82.1822,28.7689],[-82.1832,28.7638],[-82.1894,28.759],[-82.1955,28.7601],[-82.2017,28.7578],[-82.2073,28.7569],[-82.212,28.7517],[-82.2174,28.7478],[-82.2222,28.7419],[-82.2279,28.7379],[-82.2327,28.7307],[-82.238,28.7256],[-82.2463,28.7189],[-82.2493,28.7135],[-82.2489,28.7074],[-82.2485,28.7019],[-82.2508,28.6964],[-82.254,28.6896],[-82.26,28.6827],[-82.2605,28.6722],[-82.2684,28.6669],[-82.2743,28.6669],[-82.3227,28.6669],[-82.3599,28.666],[-82.4178,28.6659],[-82.4184,28.6949],[-82.4514,28.6948],[-82.5074,28.6947],[-82.5507,28.6947],[-82.6746,28.6941],[-82.6834,28.7005],[-82.691,28.7017],[-82.6953,28.708],[-82.7048,28.7145],[-82.7127,28.7139],[-82.7208,28.7137],[-82.715,28.727],[-82.7084,28.7284],[-82.7048,28.7359],[-82.6989,28.7334],[-82.6901,28.7366],[-82.6937,28.7422],[-82.6979,28.7476],[-82.6983,28.757],[-82.6969,28.768],[-82.6972,28.7741],[-82.7025,28.7774],[-82.6967,28.7843],[-82.6915,28.7922],[-82.6982,28.7964],[-82.7053,28.7957],[-82.7131,28.7997],[-82.715,28.8064],[-82.7224,28.8095],[-82.7302,28.8159],[-82.7387,28.8248],[-82.7366,28.8359],[-82.7276,28.8393],[-82.7294,28.8477],[-82.731,28.8584],[-82.7279,28.8713],[-82.7107,28.8755],[-82.7006,28.8785],[-82.6952,28.882],[-82.6898,28.8855],[-82.6887,28.8952],[-82.6889,28.9056],[-82.6958,28.9104],[-82.692,28.9161],[-82.7015,28.9194],[-82.6963,28.9252],[-82.696,28.9308],[-82.7026,28.933],[-82.7088,28.936],[-82.7239,28.9535],[-82.7254,28.9606],[-82.7326,28.9666],[-82.7437,28.9702],[-82.7436,28.9782],[-82.7509,28.9824],[-82.7572,28.986],[-82.752,28.988],[-82.7594,28.9924],[-82.7563,28.9963]]],[[[-82.7573,28.8007],[-82.7512,28.8022],[-82.7421,28.8032],[-82.734,28.7991],[-82.7238,28.7905],[-82.7314,28.7841],[-82.7343,28.7771],[-82.7412,28.7772],[-82.7475,28.7834],[-82.7464,28.7914],[-82.7493,28.7976],[-82.7561,28.7991],[-82.7573,28.8007]]]]},"properties":{"name":"Citrus","dem18":30.8,"dem22":25.3,"shift":-5.5}},{"type":"Feature","geometry":{"type":"MultiPolygon","coordinates":[[[[-81.47,25.8036],[-81.3988,25.8034],[-81.3249,25.8035],[-81.2899,25.8037],[-80.8731,25.8054],[-80.8733,25.6254],[-80.8732,25.364],[-80.8622,25.3642],[-80.862,25.2429],[-80.8581,25.2111],[-80.8579,25.1766],[-80.8682,25.176],[-80.8755,25.1743],[-80.8805,25.1714],[-80.8855,25.1652],[-80.8946,25.1654],[-80.9001,25.162],[-80.9016,25.1538],[-80.8989,25.1477],[-80.9006,25.1397],[-80.9159,25.1413],[-80.9432,25.1344],[-80.9455,25.1284],[-80.9498,25.1344],[-80.9574,25.1357],[-80.9643,25.1322],[-80.9718,25.134],[-80.9992,25.1242],[-81.0096,25.1254],[-81.023,25.1294],[-81.0505,25.1283],[-81.0661,25.1243],[-81.0799,25.1188],[-81.0879,25.1162],[-81.0945,25.1271],[-81.1034,25.1371],[-81.1119,25.1455],[-81.1206,25.1523],[-81.1274,25.1554],[-81.1336,25.1563],[-81.141,25.1572],[-81.141,25.1639],[-81.1423,25.183],[-81.149,25.1977],[-81.1555,25.2081],[-81.1618,25.2147],[-81.172,25.2223],[-81.1709,25.2459],[-81.1683,25.2532],[-81.1671,25.27],[-81.1616,25.2754],[-81.1612,25.2809],[-81.1621,25.2898],[-81.1593,25.2986],[-81.1523,25.3055],[-81.1489,25.3181],[-81.1519,25.3248],[-81.1481,25.3328],[-81.1401,25.3411],[-81.1339,25.343],[-81.1214,25.3388],[-81.1182,25.3452],[-81.1173,25.355],[-81.1251,25.3612],[-81.1225,25.3669],[-81.1219,25.3757],[-81.1285,25.3805],[-81.1414,25.3814],[-81.1469,25.3836],[-81.1507,25.3992],[-81.1471,25.4043],[-81.1505,25.4135],[-81.1518,25.4216],[-81.1575,25.4266],[-81.1572,25.4345],[-81.1625,25.4411],[-81.1671,25.4509],[-81.1687,25.4638],[-81.168,25.4695],[-81.1734,25.4721],[-81.1802,25.4752],[-81.189,25.4807],[-81.2097,25.5065],[-81.2101,25.5169],[-81.2032,25.5342],[-81.2093,25.5486],[-81.22,25.5537],[-81.2256,25.5585],[-81.2284,25.5645],[-81.2336,25.5689],[-81.239,25.5797],[-81.2428,25.5924],[-81.2405,25.599],[-81.2417,25.6065],[-81.2512,25.6085],[-81.2715,25.6143],[-81.2753,25.6247],[-81.2733,25.6385],[-81.283,25.6449],[-81.2837,25.6537],[-81.2899,25.6543],[-81.2894,25.6637],[-81.2849,25.6689],[-81.2919,25.6725],[-81.2875,25.6794],[-81.2903,25.6875],[-81.3033,25.6937],[-81.3119,25.7029],[-81.3182,25.7055],[-81.3303,25.7106],[-81.3461,25.7215],[-81.3552,25.7287],[-81.3605,25.737],[-81.37,25.7434],[-81.3819,25.7492],[-81.3794,25.7571],[-81.3806,25.7667],[-81.3814,25.7755],[-81.389,25.7813],[-81.3952,25.7792],[-81.415,25.7843],[-81.424,25.7937],[-81.4356,25.7961],[-81.4414,25.7992],[-81.4579,25.7978],[-81.4702,25.8033],[-81.47,25.8036]]],[[[-81.812,24.5488],[-81.8098,24.5557],[-81.8072,24.5615],[-81.8007,24.564],[-81.799,24.5698],[-81.7975,24.5754],[-81.7999,24.5859],[-81.7996,24.5936],[-81.7942,24.5866],[-81.794,24.5757],[-81.7822,24.5779],[-81.7741,24.5848],[-81.7664,24.586],[-81.7545,24.5809],[-81.7464,24.585],[-81.7393,24.5901],[-81.7266,24.6022],[-81.7238,24.6097],[-81.7283,24.6176],[-81.738,24.622],[-81.7514,24.6282],[-81.7653,24.6326],[-81.7614,24.642],[-81.7543,24.654],[-81.7477,24.6585],[-81.7013,24.6777],[-81.6893,24.6851],[-81.6828,24.6903],[-81.6723,24.6995],[-81.6565,24.7029],[-81.6439,24.7123],[-81.6235,24.7202],[-81.5993,24.7297],[-81.5846,24.7367],[-81.5712,24.7564],[-81.5614,24.7604],[-81.5196,24.7565],[-81.5138,24.7578],[-81.5008,24.7895],[-81.4921,24.7947],[-81.4753,24.7989],[-81.4661,24.8035],[-81.4547,24.8084],[-81.4435,24.8134],[-81.4396,24.8037],[-81.4474,24.7936],[-81.458,24.7818],[-81.457,24.7736],[-81.4515,24.7669],[-81.4378,24.7717],[-81.4202,24.778],[-81.4109,24.7905],[-81.4055,24.7927],[-81.3778,24.7822],[-81.3718,24.7791],[-81.3655,24.7693],[-81.3663,24.7424],[-81.3613,24.7372],[-81.3594,24.7286],[-81.3528,24.722],[-81.3418,24.7071],[-81.3362,24.7045],[-81.331,24.7048],[-81.3196,24.7027],[-81.3164,24.6977],[-81.312,24.6818],[-81.3088,24.6646],[-81.2969,24.6554],[-81.3131,24.6473],[-81.3215,24.6462],[-81.3279,24.6454],[-81.3327,24.6397],[-81.338,24.6403],[-81.3466,24.6358],[-81.3613,24.633],[-81.3663,24.6311],[-81.3764,24.6273],[-81.3899,24.6224],[-81.4019,24.6235],[-81.4037,24.6309],[-81.4064,24.6425],[-81.4125,24.6467],[-81.4226,24.6466],[-81.4315,24.6494],[-81.4439,24.6427],[-81.4469,24.6534],[-81.4628,24.6507],[-81.473,24.649],[-81.4805,24.6446],[-81.5054,24.6543],[-81.5096,24.6471],[-81.5082,24.6381],[-81.51,24.6287],[-81.5174,24.6212],[-81.5247,24.6186],[-81.5343,24.6179],[-81.5416,24.6144],[-81.5508,24.6122],[-81.5592,24.6096],[-81.5641,24.6038],[-81.5746,24.6009],[-81.5853,24.5954],[-81.5919,24.5935],[-81.6043,24.5862],[-81.6119,24.5856],[-81.6282,24.5791],[-81.6354,24.5791],[-81.6441,24.5749],[-81.658,24.5738],[-81.6651,24.5733],[-81.6773,24.563],[-81.6852,24.5587],[-81.6978,24.5595],[-81.7112,24.5564],[-81.7172,24.5571],[-81.7227,24.557],[-81.7341,24.5568],[-81.7424,24.5557],[-81.7488,24.5546],[-81.755,24.5517],[-81.7634,24.5524],[-81.7742,24.5506],[-81.7839,24.5474],[-81.7934,24.5458],[-81.8036,24.5445],[-81.8125,24.5455],[-81.812,24.5488]]],[[[-80.661,24.9002],[-80.6559,24.9065],[-80.6497,24.9135],[-80.6439,24.913],[-80.6359,24.9199],[-80.6295,24.9249],[-80.6229,24.9315],[-80.6228,24.937],[-80.6234,24.9445],[-80.6163,24.9431],[-80.6119,24.9494],[-80.6051,24.9508],[-80.5985,24.95],[-80.5965,24.9556],[-80.6009,24.9628],[-80.5944,24.9679],[-80.5887,24.9643],[-80.583,24.9642],[-80.5764,24.9619],[-80.5694,24.962],[-80.5639,24.9698],[-80.5584,24.9713],[-80.5566,24.9788],[-80.5509,24.9873],[-80.5491,24.9936],[-80.5448,24.9991],[-80.5435,25.0057],[-80.5448,25.0122],[-80.5362,25.0153],[-80.5309,25.0174],[-80.5241,25.0172],[-80.517,25.015],[-80.5139,25.0225],[-80.5138,25.0276],[-80.5077,25.0296],[-80.5049,25.035],[-80.5013,25.0419],[-80.4967,25.047],[-80.4917,25.0501],[-80.4838,25.0546],[-80.4793,25.0603],[-80.4743,25.0654],[-80.4697,25.0705],[-80.4635,25.0769],[-80.4609,25.0832],[-80.4611,25.0891],[-80.456,25.0863],[-80.4464,25.0925],[-80.443,25.0978],[-80.4365,25.1056],[-80.434,25.1115],[-80.4383,25.1168],[-80.4424,25.1223],[-80.449,25.1256],[-80.4555,25.1282],[-80.4613,25.1325],[-80.4582,25.1385],[-80.4586,25.1439],[-80.4618,25.1498],[-80.4608,25.156],[-80.4611,25.1618],[-80.4582,25.1677],[-80.4547,25.1731],[-80.4519,25.1786],[-80.4464,25.1799],[-80.443,25.185],[-80.4427,25.1916],[-80.4489,25.1956],[-80.4548,25.2004],[-80.4585,25.206],[-80.4646,25.2091],[-80.4718,25.2103],[-80.4794,25.2138],[-80.4863,25.211],[-80.4918,25.2135],[-80.4951,25.2193],[-80.4951,25.2261],[-80.4892,25.2288],[-80.4828,25.2248],[-80.4772,25.2296],[-80.4709,25.2304],[-80.4647,25.2349],[-80.4591,25.2365],[-80.4534,25.2384],[-80.4476,25.2407],[-80.4414,25.2439],[-80.4354,25.2405],[-80.4293,25.2357],[-80.4189,25.2363],[-80.4186,25.2447],[-80.4134,25.2504],[-80.3979,25.2535],[-80.397,25.2479],[-80.4,25.242],[-80.4082,25.2366],[-80.4136,25.2355],[-80.4131,25.2265],[-80.4181,25.2176],[-80.4205,25.212],[-80.4208,25.2065],[-80.4167,25.1987],[-80.4073,25.1937],[-80.4017,25.1921],[-80.3934,25.1926],[-80.3894,25.1979],[-80.3843,25.1985],[-80.3784,25.1985],[-80.3726,25.1987],[-80.3733,25.2048],[-80.3672,25.2068],[-80.3621,25.2066],[-80.3565,25.2083],[-80.3493,25.2129],[-80.3468,25.2185],[-80.3427,25.224],[-80.336,25.2367],[-80.335,25.2478],[-80.3322,25.263],[-80.3402,25.2649],[-80.3412,25.2716],[-80.3469,25.2773],[-80.3536,25.279],[-80.3603,25.2792],[-80.3665,25.2826],[-80.3566,25.2836],[-80.3509,25.2866],[-80.343,25.2887],[-80.3367,25.2872],[-80.3293,25.286],[-80.3198,25.2918],[-80.3066,25.3006],[-80.3,25.3075],[-80.2914,25.3143],[-80.2892,25.3239],[-80.2806,25.3287],[-80.2783,25.3339],[-80.2749,25.3421],[-80.2737,25.3472],[-80.267,25.3521],[-80.261,25.3519],[-80.2605,25.3464],[-80.2546,25.3417],[-80.2565,25.333],[-80.26,25.3249],[-80.2663,25.3216],[-80.2722,25.3167],[-80.2775,25.3105],[-80.2792,25.3052],[-80.2839,25.2904],[-80.2874,25.2841],[-80.2968,25.272],[-80.3051,25.2592],[-80.3122,25.2482],[-80.3141,25.2425],[-80.3186,25.236],[-80.324,25.2297],[-80.3274,25.2238],[-80.3317,25.2182],[-80.3346,25.213],[-80.3375,25.2064],[-80.3424,25.1983],[-80.3464,25.1929],[-80.3514,25.1905],[-80.3531,25.1831],[-80.3588,25.1777],[-80.3646,25.1723],[-80.3666,25.1671],[-80.3584,25.1691],[-80.3503,25.1702],[-80.3526,25.1642],[-80.3557,25.1587],[-80.3581,25.1533],[-80.3651,25.1519],[-80.3713,25.1465],[-80.3731,25.1404],[-80.3763,25.133],[-80.3814,25.128],[-80.3854,25.1213],[-80.3922,25.1168],[-80.3979,25.1107],[-80.4044,25.1062],[-80.4103,25.1029],[-80.4174,25.0989],[-80.4239,25.1044],[-80.4301,25.0978],[-80.4305,25.0897],[-80.4359,25.0844],[-80.4416,25.0781],[-80.4488,25.0734],[-80.4541,25.0718],[-80.4615,25.0701],[-80.468,25.0649],[-80.4749,25.0577],[-80.481,25.0502],[-80.4872,25.0439],[-80.4936,25.0388],[-80.4895,25.033],[-80.4925,25.0273],[-80.4975,25.0208],[-80.5041,25.0167],[-80.5096,25.0143],[-80.516,25.0079],[-80.5184,25.002],[-80.5242,25.0016],[-80.5292,24.9994],[-80.5343,24.9931],[-80.5398,24.988],[-80.5432,24.9827],[-80.5503,24.9737],[-80.5553,24.9686],[-80.5603,24.9652],[-80.5657,24.9592],[-80.5715,24.9537],[-80.5778,24.9525],[-80.5837,24.9507],[-80.59,24.9501],[-80.5981,24.9474],[-80.6074,24.9405],[-80.618,24.9313],[-80.6267,24.9227],[-80.6312,24.9171],[-80.6363,24.9123],[-80.6419,24.9084],[-80.65,24.9029],[-80.6563,24.8986],[-80.661,24.9002]]],[[[-81.1248,24.7071],[-81.1186,24.7078],[-81.1132,24.7102],[-81.1074,24.7128],[-81.1006,24.7118],[-81.0956,24.7138],[-81.0902,24.7166],[-81.0832,24.7178],[-81.0776,24.7213],[-81.0717,24.7204],[-81.0663,24.7208],[-81.0615,24.729],[-81.0515,24.7366],[-81.0463,24.7406],[-81.0367,24.7428],[-81.0309,24.7377],[-81.0236,24.7348],[-81.0185,24.7342],[-81.0134,24.7373],[-81.0081,24.7389],[-81.003,24.7408],[-80.9958,24.7433],[-80.9945,24.7486],[-80.9894,24.7498],[-80.9873,24.755],[-80.9887,24.7602],[-80.9832,24.7546],[-80.9777,24.756],[-80.9719,24.7593],[-80.9658,24.7607],[-80.9592,24.765],[-80.9538,24.7709],[-80.9473,24.7686],[-80.9391,24.7746],[-80.9336,24.7752],[-80.9353,24.7701],[-80.9431,24.7647],[-80.9628,24.7526],[-80.9705,24.7474],[-80.9761,24.7424],[-80.9923,24.7332],[-81.0066,24.7268],[-81.0118,24.7219],[-81.0238,24.7169],[-81.0295,24.7211],[-81.0282,24.7267],[-81.0343,24.7273],[-81.0399,24.7251],[-81.0451,24.7231],[-81.0504,24.7211],[-81.0568,24.7177],[-81.0641,24.7155],[-81.071,24.7117],[-81.0734,24.7064],[-81.077,24.7011],[-81.0786,24.6946],[-81.0793,24.6895],[-81.0853,24.6916],[-81.0933,24.6897],[-81.108,24.6886],[-81.116,24.6991],[-81.1202,24.7042],[-81.1248,24.7071]]],[[[-82.1454,24.5899],[-82.14,24.5951],[-82.13,24.5975],[-82.1248,24.5971],[-82.1198,24.5948],[-82.1144,24.5929],[-82.1081,24.5906],[-82.1016,24.585],[-82.0999,24.5771],[-82.1002,24.5698],[-82.1032,24.5629],[-82.1085,24.5582],[-82.1126,24.5528],[-82.1187,24.5485],[-82.1242,24.5487],[-82.1303,24.5482],[-82.1252,24.5511],[-82.1193,24.5556],[-82.1142,24.5587],[-82.1107,24.5658],[-82.1159,24.5697],[-82.1192,24.5748],[-82.1219,24.5817],[-82.1296,24.587],[-82.135,24.5887],[-82.1419,24.5898],[-82.1454,24.5899]]],[[[-80.8482,24.8058],[-80.8362,24.8093],[-80.8305,24.8124],[-80.82,24.8235],[-80.813,24.8271],[-80.8089,24.8335],[-80.7927,24.8435],[-80.7966,24.8372],[-80.8019,24.8335],[-80.8089,24.827],[-80.8089,24.8217],[-80.7996,24.8175],[-80.7911,24.8257],[-80.7945,24.812],[-80.8074,24.8124],[-80.8244,24.8124],[-80.835,24.8069],[-80.8409,24.8055],[-80.8467,24.8028],[-80.8482,24.8058]]],[[[-80.6587,25.1071],[-80.6528,25.1086],[-80.6464,25.1088],[-80.6408,25.1167],[-80.6394,25.1229],[-80.646,25.1286],[-80.6463,25.1352],[-80.6412,25.137],[-80.6429,25.1319],[-80.6377,25.1244],[-80.6322,25.1193],[-80.6367,25.1126],[-80.6384,25.1065],[-80.6436,25.104],[-80.6435,25.0984],[-80.6414,25.0923],[-80.6421,25.0867],[-80.6401,25.0803],[-80.6406,25.0734],[-80.6466,25.0748],[-80.6484,25.0825],[-80.6504,25.0887],[-80.6505,25.0938],[-80.6514,25.1003],[-80.6585,25.1054],[-80.6587,25.1071]]],[[[-81.3306,24.7295],[-81.3252,24.731],[-81.3257,24.7372],[-81.3282,24.7437],[-81.3304,24.7497],[-81.3241,24.7459],[-81.3175,24.7393],[-81.3105,24.7387],[-81.3037,24.7325],[-81.3021,24.7212],[-81.3012,24.714],[-81.3099,24.725],[-81.3171,24.7283],[-81.3223,24.7288],[-81.3293,24.7266],[-81.3306,24.7295]]],[[[-80.7411,24.8537],[-80.7389,24.8588],[-80.733,24.8643],[-80.7279,24.8661],[-80.7229,24.8638],[-80.7168,24.8651],[-80.7107,24.8694],[-80.7047,24.8726],[-80.705,24.8779],[-80.6995,24.8828],[-80.6914,24.8851],[-80.6915,24.8798],[-80.6982,24.8752],[-80.7033,24.8684],[-80.7086,24.8661],[-80.7146,24.8624],[-80.7213,24.8599],[-80.7298,24.8553],[-80.7352,24.8488],[-80.7413,24.8525],[-80.7411,24.8537]]],[[[-81.356,25.7035],[-81.3412,25.7126],[-81.336,25.7079],[-81.338,25.6975],[-81.3411,25.6922],[-81.3506,25.6898],[-81.3556,25.6925],[-81.356,25.7035]]],[[[-81.2808,24.6556],[-81.2742,24.663],[-81.2679,24.665],[-81.2639,24.6707],[-81.2578,24.6751],[-81.2521,24.6729],[-81.2461,24.6758],[-81.2448,24.6692],[-81.2499,24.6678],[-81.2549,24.6648],[-81.2673,24.6601],[-81.2732,24.6591],[-81.2818,24.6537],[-81.2808,24.6556]]],[[[-80.6077,25.1749],[-80.6023,25.1736],[-80.5962,25.171],[-80.5906,25.1712],[-80.5873,25.1642],[-80.5931,25.1631],[-80.5999,25.1637],[-80.6029,25.1697],[-80.6077,25.1749]]],[[[-80.6194,25.0715],[-80.6106,25.075],[-80.6055,25.0704],[-80.6098,25.0642],[-80.6079,25.0569],[-80.6134,25.0562],[-80.6134,25.0661],[-80.6196,25.0698],[-80.6194,25.0715]]],[[[-80.9232,24.7667],[-80.9167,24.7706],[-80.9142,24.7765],[-80.9088,24.7776],[-80.9074,24.7726],[-80.9096,24.7674],[-80.9161,24.7665],[-80.9229,24.7657],[-80.9232,24.7667]]],[[[-80.704,24.9021],[-80.7005,24.9081],[-80.6952,24.9042],[-80.6944,24.8975],[-80.7026,24.897],[-80.704,24.9021]]],[[[-81.3143,24.7525],[-81.3061,24.7571],[-81.3028,24.7514],[-81.299,24.7436],[-81.3072,24.7483],[-81.3143,24.7508],[-81.3143,24.7525]]],[[[-80.3794,25.2968],[-80.379,25.3059],[-80.3759,25.2995],[-80.3745,25.294],[-80.3724,25.2871],[-80.3791,25.2883],[-80.3794,25.2968]]],[[[-80.715,25.1408],[-80.7096,25.1413],[-80.7053,25.1355],[-80.7003,25.1299],[-80.706,25.1289],[-80.71,25.1349],[-80.715,25.1408]]],[[[-82.0098,24.5349],[-82.0045,24.5366],[-81.9983,24.5309],[-82.0043,24.5279],[-82.0093,24.5326],[-82.0098,24.5349]]],[[[-81.2956,24.7773],[-81.2906,24.7781],[-81.285,24.7717],[-81.2939,24.7726],[-81.2956,24.7773]]],[[[-82.1657,24.5566],[-82.1645,24.5634],[-82.1594,24.5663],[-82.1627,24.5612],[-82.163,24.5538],[-82.1571,24.5535],[-82.159,24.5479],[-82.1652,24.5528],[-82.1657,24.5566]]],[[[-80.6699,24.9235],[-80.6621,24.9266],[-80.6633,24.9202],[-80.669,24.9184],[-80.6699,24.9235]]],[[[-81.3422,24.7392],[-81.3364,24.74],[-81.3309,24.7416],[-81.3316,24.7347],[-81.3377,24.7372],[-81.3422,24.7392]]],[[[-80.5455,25.1833],[-80.5404,25.1864],[-80.5348,25.1883],[-80.5356,25.1951],[-80.5327,25.1885],[-80.5362,25.1833],[-80.5428,25.1819],[-80.5455,25.1833]]],[[[-80.7006,25.0551],[-80.6956,25.0621],[-80.695,25.0544],[-80.7006,25.0551]]],[[[-80.6656,24.9894],[-80.6618,24.9953],[-80.6565,24.9961],[-80.6577,24.9908],[-80.665,24.9881],[-80.6656,24.9894]]],[[[-80.4826,25.0864],[-80.4815,25.0915],[-80.4749,25.0921],[-80.4775,25.0981],[-80.4777,25.1035],[-80.4739,25.0971],[-80.4688,25.092],[-80.4747,25.0907],[-80.48,25.088],[-80.4826,25.0864]]],[[[-80.5742,25.1046],[-80.5672,25.1083],[-80.5683,25.1157],[-80.5617,25.1099],[-80.5672,25.1058],[-80.5731,25.104],[-80.5742,25.1046]]],[[[-80.8831,25.1107],[-80.8809,25.1171],[-80.8754,25.1153],[-80.8781,25.1094],[-80.8834,25.1091],[-80.8831,25.1107]]],[[[-80.6847,25.1146],[-80.6837,25.1204],[-80.6777,25.121],[-80.6759,25.1145],[-80.6814,25.1164],[-80.6847,25.1146]]],[[[-80.4609,25.0508],[-80.4517,25.0532],[-80.4463,25.0528],[-80.4517,25.0493],[-80.4591,25.0481],[-80.4609,25.0508]]],[[[-80.7371,25.0655],[-80.7361,25.0706],[-80.7306,25.0687],[-80.7271,25.0636],[-80.7338,25.0658],[-80.7371,25.0655]]],[[[-80.6802,25.1008],[-80.6745,25.1041],[-80.6688,25.0983],[-80.6744,25.0985],[-80.6804,25.0993],[-80.6802,25.1008]]],[[[-81.3271,24.7639],[-81.3216,24.764],[-81.3177,24.7582],[-81.324,24.7596],[-81.3271,24.7639]]],[[[-80.7316,24.9955],[-80.7301,25.0024],[-80.7237,25.0051],[-80.7256,25.0],[-80.7289,24.9941],[-80.7316,24.9955]]],[[[-81.9251,24.5448],[-81.9199,24.5483],[-81.9196,24.5423],[-81.9249,24.54],[-81.9251,24.5448]]],[[[-80.5708,25.1481],[-80.565,25.1497],[-80.558,25.1421],[-80.5637,25.1425],[-80.5655,25.1484],[-80.5708,25.1481]]],[[[-80.7922,25.1317],[-80.787,25.1296],[-80.7809,25.1239],[-80.7867,25.1244],[-80.7922,25.1317]]],[[[-80.7591,25.0327],[-80.7557,25.0386],[-80.7557,25.0309],[-80.7498,25.0282],[-80.7583,25.0293],[-80.7591,25.0327]]],[[[-81.9283,24.5292],[-81.9198,24.5313],[-81.926,24.5265],[-81.9283,24.5292]]],[[[-80.4981,25.1027],[-80.4908,25.1035],[-80.4883,25.1089],[-80.489,25.1026],[-80.4945,25.0978],[-80.4981,25.1027]]],[[[-81.4828,24.6181],[-81.4759,24.616],[-81.469,24.6132],[-81.4771,24.6148],[-81.4828,24.6172],[-81.4828,24.6181]]],[[[-80.579,25.1599],[-80.5738,25.1578],[-80.5745,25.1517],[-80.5789,25.158],[-80.579,25.1599]]],[[[-80.7022,25.0988],[-80.7007,25.1043],[-80.6972,25.0983],[-80.7022,25.0988]]],[[[-80.5598,25.0646],[-80.5568,25.0704],[-80.5538,25.0653],[-80.5599,25.0633],[-80.5598,25.0646]]],[[[-82.8752,24.6293],[-82.8677,24.6289],[-82.8737,24.6265],[-82.8752,24.6293]]],[[[-80.915,25.1086],[-80.9088,25.1061],[-80.914,25.107],[-80.915,25.1086]]],[[[-80.5144,25.1504],[-80.5093,25.1552],[-80.5054,25.1487],[-80.514,25.1487],[-80.5144,25.1504]]],[[[-80.589,25.0605],[-80.5827,25.0612],[-80.5864,25.0556],[-80.589,25.0605]]],[[[-80.7016,25.1226],[-80.6945,25.1223],[-80.6995,25.1159],[-80.7028,25.1213],[-80.7016,25.1226]]],[[[-80.6482,25.0509],[-80.6427,25.0523],[-80.6442,25.0469],[-80.6482,25.0509]]],[[[-80.5029,25.0762],[-80.4963,25.0818],[-80.4985,25.0759],[-80.5029,25.0762]]],[[[-81.9789,24.5246],[-81.9709,24.527],[-81.9785,24.5232],[-81.9789,24.5246]]],[[[-81.8931,24.5627],[-81.8859,24.563],[-81.8882,24.5578],[-81.8931,24.5627]]],[[[-80.9434,25.1086],[-80.9353,25.1111],[-80.9416,25.1062],[-80.9434,25.1086]]],[[[-80.4807,25.116],[-80.475,25.1098],[-80.4823,25.1124],[-80.4807,25.116]]],[[[-80.6536,24.9828],[-80.6512,24.9889],[-80.65,24.9829],[-80.6536,24.9828]]],[[[-80.9316,24.7687],[-80.926,24.7689],[-80.9315,24.7634],[-80.9316,24.7687]]],[[[-80.9094,25.1334],[-80.9042,25.1374],[-80.9094,25.1334]]],[[[-80.5106,25.139],[-80.5054,25.1378],[-80.5065,25.1317],[-80.51,25.137],[-80.5106,25.139]]],[[[-80.5706,25.1312],[-80.565,25.1279],[-80.568,25.1225],[-80.5702,25.1279],[-80.5706,25.1312]]],[[[-80.6198,25.0029],[-80.6143,25.0079],[-80.619,25.0014],[-80.6198,25.0029]]],[[[-80.686,25.0306],[-80.6821,25.0253],[-80.686,25.0306]]],[[[-81.231,24.7821],[-81.2261,24.7757],[-81.2315,24.7809],[-81.231,24.7821]]],[[[-80.739,25.0105],[-80.7355,25.0054],[-80.739,25.0105]]],[[[-81.9235,24.6026]]],[[[-80.5187,25.086],[-80.5111,25.0832],[-80.5178,25.083],[-80.5187,25.086]]],[[[-82.9243,24.6308],[-82.9176,24.636],[-82.9225,24.6297],[-82.9243,24.6308]]],[[[-80.8327,24.9935],[-80.8272,24.9889],[-80.8325,24.9925],[-80.8327,24.9935]]],[[[-80.7283,25.0947],[-80.7232,25.0981],[-80.7283,25.0947]]],[[[-80.7912,25.0253],[-80.7852,25.0248],[-80.7915,25.0236],[-80.7912,25.0253]]],[[[-80.7924,25.0712]]],[[[-80.7882,24.9405],[-80.7827,24.9393],[-80.788,24.9387],[-80.7882,24.9405]]],[[[-80.6691,25.0358],[-80.6638,25.0352],[-80.6694,25.0346],[-80.6691,25.0358]]],[[[-80.8342,25.1198],[-80.8287,25.115],[-80.8342,25.1198]]],[[[-80.6806,25.0329],[-80.6751,25.0338],[-80.6806,25.0329]]],[[[-80.7916,25.0946],[-80.7857,25.0925],[-80.7911,25.0915],[-80.7916,25.0946]]],[[[-80.6374,25.0271],[-80.6323,25.0275],[-80.6374,25.0271]]],[[[-80.7148,25.1498],[-80.7113,25.1444],[-80.7148,25.1498]]],[[[-80.8654,25.0324]]],[[[-80.5532,25.1614]]],[[[-80.9316,25.0806],[-80.9252,25.0806],[-80.9312,25.0792],[-80.9316,25.0806]]],[[[-80.6274,24.9598]]],[[[-82.1489,24.5516]]],[[[-80.6272,25.0004]]],[[[-80.6718,24.9887],[-80.6667,24.9872],[-80.6718,24.9887]]],[[[-80.6492,25.0355]]],[[[-81.4443,24.6353]]],[[[-81.8153,24.5628]]],[[[-80.905,25.0516]]],[[[-80.7625,25.1453]]],[[[-80.2962,25.3271]]],[[[-81.9644,24.5251]]],[[[-80.8873,25.0598]]],[[[-81.8123,24.5673]]],[[[-80.8526,25.1099]]]]},"properties":{"name":"Monroe","dem18":48.1,"dem22":39.4,"shift":-8.7}},{"type":"Feature","geometry":{"type":"Polygon","coordinates":[[[-81.8458,26.3304],[-81.8388,26.3303],[-81.8317,26.3304],[-81.8212,26.3304],[-81.8191,26.3233],[-81.819,26.3162],[-81.8052,26.3163],[-81.7891,26.3163],[-81.7625,26.3166],[-81.7544,26.3168],[-81.7462,26.3169],[-81.7372,26.317],[-81.7296,26.317],[-81.7224,26.3171],[-81.7146,26.3171],[-81.7063,26.3172],[-81.6905,26.3173],[-81.6705,26.3175],[-81.6589,26.3175],[-81.6581,26.3324],[-81.6595,26.4211],[-81.5625,26.4226],[-81.5627,26.4544],[-81.5638,26.5133],[-81.5444,26.5135],[-81.4663,26.5138],[-81.4513,26.5155],[-81.4351,26.5156],[-81.3865,26.5161],[-81.2718,26.5171],[-81.2718,26.4633],[-81.2721,26.4582],[-81.2719,26.4226],[-81.2682,26.2531],[-81.1068,26.256],[-80.8797,26.2593],[-80.8792,26.1729],[-80.8726,25.9985],[-80.873,25.9929],[-80.8729,25.9794],[-80.8732,25.8062],[-81.2899,25.8037],[-81.3214,25.8037],[-81.396,25.8033],[-81.47,25.8036],[-81.464,25.8113],[-81.4765,25.8172],[-81.4895,25.8221],[-81.493,25.8309],[-81.4996,25.8348],[-81.5052,25.8362],[-81.5115,25.8323],[-81.515,25.8386],[-81.5228,25.841],[-81.53,25.8386],[-81.5278,25.85],[-81.5342,25.8566],[-81.5424,25.8526],[-81.5479,25.8496],[-81.5525,25.8583],[-81.5613,25.8617],[-81.5644,25.8562],[-81.5727,25.8656],[-81.5791,25.8649],[-81.5813,25.8708],[-81.5825,25.8767],[-81.5878,25.8794],[-81.593,25.8833],[-81.605,25.8921],[-81.6177,25.8913],[-81.6359,25.8986],[-81.6386,25.9054],[-81.6542,25.8959],[-81.6603,25.8901],[-81.6721,25.8818],[-81.6752,25.8765],[-81.6696,25.8664],[-81.6726,25.8567],[-81.6775,25.8504],[-81.6783,25.8453],[-81.6848,25.8472],[-81.6895,25.8527],[-81.7007,25.8738],[-81.7132,25.8976],[-81.7178,25.905],[-81.7286,25.9082],[-81.7293,25.9184],[-81.7319,25.9315],[-81.7389,25.9411],[-81.7455,25.9462],[-81.7531,25.9511],[-81.7555,25.9573],[-81.7446,25.9701],[-81.7382,25.9718],[-81.7451,25.9789],[-81.7472,25.9841],[-81.7492,25.9916],[-81.7579,25.9987],[-81.7624,26.0061],[-81.7732,26.033],[-81.785,26.054],[-81.7961,26.0789],[-81.8017,26.0914],[-81.8053,26.1222],[-81.8088,26.1522],[-81.8146,26.1732],[-81.8157,26.1894],[-81.8168,26.2072],[-81.8184,26.2193],[-81.8201,26.2325],[-81.8244,26.2539],[-81.8283,26.2723],[-81.8307,26.2832],[-81.8331,26.2945],[-81.8446,26.3277],[-81.8458,26.3304]]]},"properties":{"name":"Collier","dem18":34.8,"dem22":28.1,"shift":-6.7}},{"type":"Feature","geometry":{"type":"Polygon","coordinates":[[[-82.0575,27.1353],[-82.0565,27.2039],[-82.0561,27.2497],[-82.0565,27.2754],[-82.0562,27.292],[-82.0558,27.3383],[-81.9505,27.3373],[-81.8589,27.3367],[-81.8411,27.3401],[-81.829,27.3401],[-81.8058,27.3401],[-81.7315,27.3402],[-81.7242,27.3402],[-81.7115,27.3403],[-81.6794,27.3403],[-81.6617,27.3406],[-81.5641,27.3406],[-81.563,27.212],[-81.5623,27.0715],[-81.5625,27.0352],[-81.7717,27.0339],[-81.9586,27.035],[-81.9832,27.0353],[-81.9911,27.0322],[-82.0078,27.0317],[-82.0402,27.0319],[-82.0575,27.0321],[-82.0575,27.0765],[-82.0574,27.1198],[-82.0576,27.1253],[-82.0575,27.1353]]]},"properties":{"name":"DeSoto","dem18":35.1,"dem22":23.4,"shift":-11.7}},{"type":"Feature","geometry":{"type":"Polygon","coordinates":[[[-82.3752,26.946],[-82.3651,26.9461],[-82.3527,26.9459],[-82.3382,26.9459],[-82.3233,26.9457],[-82.3177,26.9457],[-82.3127,26.9457],[-82.3043,26.9456],[-82.289,26.9455],[-82.2724,26.9454],[-82.2637,26.9453],[-82.2555,26.9453],[-82.2553,26.9989],[-82.2553,27.0056],[-82.2553,27.0123],[-82.2552,27.0311],[-82.2385,27.033],[-82.2194,27.0329],[-82.207,27.0329],[-82.1944,27.0328],[-82.1772,27.0328],[-82.1635,27.0327],[-82.1562,27.0327],[-82.1508,27.0327],[-82.1398,27.0326],[-82.1187,27.0325],[-82.1133,27.0325],[-82.1033,27.0324],[-82.0886,27.0322],[-82.0764,27.0321],[-82.0676,27.0321],[-82.0575,27.0321],[-82.0402,27.0319],[-82.0078,27.0317],[-81.9925,27.0317],[-81.9832,27.0353],[-81.9586,27.035],[-81.7717,27.0339],[-81.5626,27.0338],[-81.5638,26.945],[-81.565,26.8574],[-81.5657,26.7696],[-81.6617,26.7696],[-81.7607,26.7696],[-81.8055,26.7697],[-81.8586,26.7699],[-81.8785,26.7699],[-81.8921,26.77],[-81.9311,26.77],[-82.0382,26.7704],[-82.0542,26.7705],[-82.0599,26.7704],[-82.0563,26.7758],[-82.0558,26.7865],[-82.051,26.7919],[-82.051,26.799],[-82.0499,26.808],[-82.0492,26.8144],[-82.0546,26.833],[-82.0522,26.8437],[-82.0511,26.865],[-82.0603,26.8804],[-82.0656,26.8835],[-82.0867,26.8885],[-82.0915,26.8946],[-82.0954,26.9088],[-82.0971,26.9145],[-82.0923,26.9231],[-82.0868,26.9277],[-82.0788,26.926],[-82.0677,26.9278],[-82.062,26.9312],[-82.0552,26.9358],[-82.0575,26.9451],[-82.0662,26.9544],[-82.0788,26.9591],[-82.0874,26.959],[-82.0954,26.9539],[-82.1016,26.9592],[-82.1134,26.9622],[-82.1196,26.9632],[-82.1171,26.9549],[-82.1246,26.9456],[-82.1265,26.9398],[-82.1332,26.9337],[-82.1414,26.9239],[-82.1543,26.9249],[-82.1666,26.9343],[-82.1741,26.9417],[-82.1831,26.9358],[-82.1812,26.9214],[-82.1787,26.9161],[-82.1705,26.8991],[-82.1534,26.854],[-82.1451,26.7888],[-82.1463,26.7829],[-82.1617,26.7784],[-82.1711,26.7708],[-82.1855,26.77],[-82.1907,26.7725],[-82.1971,26.7729],[-82.2056,26.7705],[-82.2132,26.7753],[-82.2215,26.7818],[-82.2281,26.7822],[-82.2339,26.7832],[-82.2426,26.7857],[-82.248,26.7869],[-82.2613,26.7889],[-82.2721,26.7895],[-82.2827,26.8042],[-82.2844,26.8093],[-82.2825,26.816],[-82.2896,26.8266],[-82.301,26.8407],[-82.3218,26.8715],[-82.3258,26.8775],[-82.3345,26.8844],[-82.3416,26.8935],[-82.3516,26.9084],[-82.3588,26.9195],[-82.371,26.9387],[-82.3752,26.946]]]},"properties":{"name":"Charlotte","dem18":36.6,"dem22":29.2,"shift":-7.4}},{"type":"Feature","geometry":{"type":"Polygon","coordinates":[[[-86.0376,30.7131],[-86.0375,30.7221],[-86.0374,30.8057],[-86.0362,30.8688],[-86.0363,30.8762],[-86.0359,30.8882],[-86.0356,30.9273],[-86.0351,30.9928],[-85.9986,30.9929],[-85.9657,30.9931],[-85.9358,30.9932],[-85.8935,30.9935],[-85.8311,30.9941],[-85.7727,30.9946],[-85.7607,30.9947],[-85.7499,30.9948],[-85.7416,30.9953],[-85.7271,30.9954],[-85.6922,30.9957],[-85.6525,30.9959],[-85.6463,30.996],[-85.6314,30.9961],[-85.5834,30.9964],[-85.4983,30.9969],[-85.503,30.9906],[-85.509,30.986],[-85.5149,30.9823],[-85.5221,30.9755],[-85.5281,30.9752],[-85.5304,30.9682],[-85.5325,30.9586],[-85.5304,30.9534],[-85.5307,30.947],[-85.5303,30.9393],[-85.5368,30.9345],[-85.5445,30.9332],[-85.5512,30.9285],[-85.5558,30.9207],[-85.5591,30.9139],[-85.5648,30.9098],[-85.5679,30.9046],[-85.5756,30.8986],[-85.578,30.8912],[-85.583,30.8845],[-85.5834,30.8768],[-85.5872,30.8689],[-85.5925,30.8625],[-85.5944,30.8568],[-85.5957,30.8516],[-85.5994,30.8445],[-85.5992,30.8389],[-85.6001,30.8338],[-85.5986,30.8281],[-85.5987,30.8189],[-85.6001,30.8099],[-85.6027,30.8018],[-85.6033,30.7963],[-85.6107,30.7875],[-85.6153,30.7797],[-85.6184,30.7742],[-85.6201,30.7657],[-85.6205,30.7598],[-85.6193,30.7545],[-85.6189,30.7482],[-85.6304,30.7442],[-85.6809,30.7448],[-85.6894,30.7447],[-85.6978,30.7449],[-85.7288,30.7459],[-85.7361,30.7464],[-85.7351,30.7753],[-85.7479,30.7757],[-85.7519,30.7896],[-85.7952,30.7904],[-85.8216,30.7908],[-85.8164,30.7838],[-85.8219,30.779],[-85.8277,30.7749],[-85.8302,30.7686],[-85.8283,30.7622],[-85.8319,30.7571],[-85.8284,30.7517],[-85.8267,30.7453],[-85.8263,30.7392],[-85.8285,30.7299],[-85.8293,30.7243],[-85.8348,30.7263],[-85.8336,30.7213],[-85.8395,30.7186],[-85.8373,30.7129],[-85.8432,30.7101],[-85.8441,30.7045],[-85.8631,30.703],[-85.8756,30.7033],[-85.8885,30.7033],[-85.9193,30.7034],[-85.9364,30.7035],[-85.9448,30.7036],[-85.9529,30.7037],[-85.9999,30.7044],[-86.0372,30.7046],[-86.0376,30.7131]]]},"properties":{"name":"Holmes","dem18":11.0,"dem22":7.9,"shift":-3.1}},{"type":"Feature","geometry":{"type":"Polygon","coordinates":[[[-83.8205,30.3092],[-83.8165,30.315],[-83.8111,30.3183],[-83.8059,30.3158],[-83.7989,30.3177],[-83.7925,30.3192],[-83.7889,30.3243],[-83.7871,30.3317],[-83.7936,30.3355],[-83.7976,30.3413],[-83.7992,30.3469],[-83.807,30.3484],[-83.8046,30.3562],[-83.8065,30.3625],[-83.8066,30.368],[-83.8042,30.3737],[-83.8009,30.3798],[-83.7957,30.3821],[-83.7927,30.3879],[-83.7875,30.3867],[-83.7867,30.3803],[-83.7808,30.3802],[-83.7739,30.3825],[-83.7684,30.3819],[-83.7629,30.3831],[-83.7573,30.3855],[-83.7552,30.3918],[-83.7545,30.3972],[-83.7513,30.4033],[-83.7487,30.4106],[-83.7432,30.4158],[-83.7406,30.4208],[-83.7331,30.4242],[-83.7279,30.4291],[-83.7217,30.4344],[-83.7228,30.4423],[-83.7268,30.4488],[-83.7283,30.4546],[-83.7239,30.4612],[-83.7254,30.4671],[-83.7289,30.4727],[-83.7274,30.4796],[-83.7264,30.4846],[-83.7277,30.49],[-83.7315,30.495],[-83.7354,30.5012],[-83.7369,30.5081],[-83.7339,30.5133],[-83.73,30.5188],[-83.7044,30.523],[-83.7043,30.5381],[-83.6711,30.538],[-83.6711,30.5529],[-83.6374,30.5527],[-83.6373,30.5675],[-83.6249,30.5675],[-83.6206,30.5798],[-83.6061,30.5821],[-83.6046,30.6205],[-83.6044,30.6382],[-83.6121,30.6387],[-83.6117,30.6513],[-83.5369,30.6475],[-83.4999,30.6457],[-83.4489,30.6424],[-83.44,30.642],[-83.4296,30.6415],[-83.3901,30.6393],[-83.3795,30.6387],[-83.3577,30.6374],[-83.341,30.6363],[-83.3119,30.6346],[-83.3048,30.6321],[-83.2988,30.632],[-83.2931,30.629],[-83.287,30.6299],[-83.2791,30.6287],[-83.272,30.6272],[-83.2691,30.6222],[-83.2669,30.6151],[-83.267,30.6085],[-83.2635,30.6034],[-83.2599,30.5967],[-83.2582,30.5913],[-83.2566,30.5862],[-83.2624,30.5832],[-83.2617,30.5777],[-83.2622,30.5699],[-83.2568,30.563],[-83.2599,30.5574],[-83.2544,30.5491],[-83.2473,30.541],[-83.2458,30.5357],[-83.244,30.5254],[-83.2398,30.5203],[-83.2395,30.5151],[-83.2461,30.5125],[-83.2406,30.5059],[-83.2422,30.4971],[-83.245,30.4921],[-83.2439,30.484],[-83.2436,30.4787],[-83.2436,30.473],[-83.236,30.471],[-83.2269,30.4686],[-83.2219,30.4643],[-83.2191,30.459],[-83.2228,30.4521],[-83.2177,30.4484],[-83.2207,30.443],[-83.2221,30.4368],[-83.2185,30.4278],[-83.2201,30.4225],[-83.2138,30.4207],[-83.2075,30.4194],[-83.207,30.413],[-83.1985,30.4159],[-83.1924,30.4153],[-83.1868,30.4129],[-83.18,30.4102],[-83.1785,30.4041],[-83.1748,30.3983],[-83.1784,30.3932],[-83.172,30.3894],[-83.1779,30.3841],[-83.1853,30.38],[-83.1922,30.3752],[-83.1929,30.3678],[-83.1935,30.3596],[-83.1901,30.3529],[-83.1983,30.3483],[-83.2049,30.3512],[-83.2116,30.3475],[-83.2116,30.3411],[-83.2091,30.3341],[-83.2122,30.3257],[-83.2144,30.3198],[-83.2103,30.3139],[-83.2119,30.308],[-83.2225,30.3032],[-83.2288,30.2984],[-83.233,30.292],[-83.2317,30.2838],[-83.2347,30.2783],[-83.24,30.2682],[-83.2369,30.2629],[-83.2473,30.2607],[-83.2665,30.2603],[-83.2801,30.2601],[-83.3556,30.2604],[-83.3673,30.2604],[-83.4274,30.2608],[-83.4338,30.2602],[-83.4693,30.2604],[-83.4688,30.3042],[-83.579,30.3039],[-83.5867,30.3036],[-83.6368,30.304],[-83.7082,30.3036],[-83.7175,30.3035],[-83.8202,30.3035],[-83.8205,30.3092]]]},"properties":{"name":"Madison","dem18":42.7,"dem22":33.0,"shift":-9.7}},{"type":"Feature","geometry":{"type":"Polygon","coordinates":[[[-82.4595,30.5843],[-82.4189,30.5817],[-82.3748,30.579],[-82.2873,30.5735],[-82.2581,30.5716],[-82.2498,30.5709],[-82.2148,30.5686],[-82.2228,30.5656],[-82.2283,30.5626],[-82.2344,30.5566],[-82.2344,30.549],[-82.2404,30.5378],[-82.2361,30.5312],[-82.2308,30.5268],[-82.2294,30.5208],[-82.2269,30.5103],[-82.2185,30.5042],[-82.2129,30.4988],[-82.2064,30.4919],[-82.2014,30.4852],[-82.2009,30.4744],[-82.2046,30.4689],[-82.2077,30.4605],[-82.2048,30.4518],[-82.204,30.4445],[-82.2065,30.4371],[-82.2103,30.4246],[-82.2042,30.4013],[-82.1965,30.3893],[-82.1929,30.3788],[-82.1864,30.3774],[-82.18,30.3686],[-82.172,30.3604],[-82.1652,30.358],[-82.1581,30.3599],[-82.1433,30.3634],[-82.1164,30.3673],[-82.1048,30.3683],[-82.0947,30.3608],[-82.0811,30.3588],[-82.0685,30.3592],[-82.06,30.3603],[-82.0501,30.3623],[-82.0497,30.2924],[-82.0496,30.2814],[-82.0492,30.2734],[-82.0494,30.1869],[-82.0494,30.1431],[-82.1426,30.1431],[-82.1866,30.1427],[-82.2121,30.1425],[-82.287,30.1417],[-82.3594,30.141],[-82.4437,30.1381],[-82.4584,30.1364],[-82.4575,30.2572],[-82.4576,30.2867],[-82.4579,30.2931],[-82.4579,30.3138],[-82.4583,30.4428],[-82.4595,30.5808],[-82.4595,30.5843]]]},"properties":{"name":"Baker","dem18":16.8,"dem22":10.2,"shift":-6.6}},{"type":"Feature","geometry":{"type":"MultiPolygon","coordinates":[[[[-82.7457,27.5388],[-82.7349,27.5348],[-82.7222,27.5287],[-82.7167,27.5264],[-82.708,27.5231],[-82.7092,27.5157],[-82.7116,27.5089],[-82.7106,27.5017],[-82.7033,27.498],[-82.6974,27.4973],[-82.6904,27.4964],[-82.6869,27.508],[-82.6836,27.5131],[-82.6746,27.5196],[-82.662,27.5228],[-82.6556,27.5213],[-82.6485,27.5223],[-82.6413,27.5255],[-82.6467,27.5318],[-82.6349,27.5392],[-82.6321,27.5519],[-82.6267,27.5589],[-82.612,27.5712],[-82.613,27.5828],[-82.6017,27.5899],[-82.5965,27.594],[-82.5876,27.5941],[-82.5815,27.5963],[-82.5785,27.6021],[-82.5725,27.6071],[-82.5657,27.6157],[-82.5645,27.6218],[-82.5637,27.6314],[-82.5629,27.638],[-82.5544,27.6453],[-82.5249,27.6454],[-82.4998,27.6454],[-82.4537,27.6459],[-82.3849,27.6464],[-82.3449,27.6463],[-82.3364,27.6465],[-82.3183,27.6466],[-82.2983,27.6467],[-82.2905,27.6465],[-82.2829,27.6467],[-82.2682,27.6464],[-82.1463,27.6463],[-82.1346,27.6463],[-82.0564,27.6462],[-82.0545,27.5952],[-82.0555,27.4731],[-82.0558,27.3383],[-82.0562,27.292],[-82.0565,27.2754],[-82.0561,27.2497],[-82.0565,27.2078],[-82.1129,27.2082],[-82.2536,27.2089],[-82.2532,27.2898],[-82.253,27.2994],[-82.2526,27.3644],[-82.2523,27.3862],[-82.2682,27.3863],[-82.347,27.3865],[-82.3529,27.3865],[-82.3748,27.3866],[-82.392,27.3868],[-82.3981,27.3865],[-82.4167,27.3864],[-82.4333,27.3863],[-82.4471,27.3861],[-82.455,27.3887],[-82.4636,27.3882],[-82.4723,27.3883],[-82.4787,27.3883],[-82.4871,27.3884],[-82.5016,27.3884],[-82.5139,27.389],[-82.52,27.389],[-82.5291,27.3887],[-82.5426,27.389],[-82.5593,27.389],[-82.5655,27.3891],[-82.5768,27.3892],[-82.5965,27.3893],[-82.6166,27.3895],[-82.6399,27.3897],[-82.6578,27.4085],[-82.6751,27.4243],[-82.6901,27.4344],[-82.6911,27.4437],[-82.7026,27.4741],[-82.7068,27.4851],[-82.7124,27.4963],[-82.7154,27.5016],[-82.7223,27.5107],[-82.7315,27.5202],[-82.7369,27.5253],[-82.743,27.5311],[-82.7457,27.5388]]],[[[-82.5767,27.6351],[-82.5693,27.6332],[-82.5767,27.6351],[-82.5767,27.6351]]]]},"properties":{"name":"Manatee","dem18":42.0,"dem22":35.0,"shift":-7.0}},{"type":"Feature","geometry":{"type":"Polygon","coordinates":[[[-82.6428,27.3897],[-82.6171,27.3895],[-82.5965,27.3893],[-82.5768,27.3892],[-82.5655,27.3891],[-82.5593,27.389],[-82.5426,27.389],[-82.5316,27.3888],[-82.52,27.389],[-82.5139,27.389],[-82.5057,27.3889],[-82.4871,27.3884],[-82.4808,27.3883],[-82.4723,27.3883],[-82.4636,27.3882],[-82.455,27.3887],[-82.449,27.3886],[-82.4333,27.3863],[-82.4169,27.3864],[-82.3981,27.3865],[-82.392,27.3868],[-82.3748,27.3866],[-82.3529,27.3865],[-82.347,27.3865],[-82.2682,27.3863],[-82.2523,27.3862],[-82.2526,27.3644],[-82.2531,27.3001],[-82.2531,27.2905],[-82.2536,27.2089],[-82.1129,27.2082],[-82.0565,27.2078],[-82.0575,27.1353],[-82.0576,27.1253],[-82.0574,27.1198],[-82.0575,27.0765],[-82.0575,27.0321],[-82.0676,27.0321],[-82.0764,27.0321],[-82.0886,27.0322],[-82.1033,27.0324],[-82.1133,27.0325],[-82.1187,27.0325],[-82.1389,27.0326],[-82.1508,27.0327],[-82.1562,27.0327],[-82.1635,27.0327],[-82.1772,27.0328],[-82.1944,27.0328],[-82.2034,27.0328],[-82.2194,27.0329],[-82.2385,27.033],[-82.251,27.033],[-82.2553,27.0123],[-82.2553,27.0056],[-82.2553,27.0003],[-82.2555,26.9453],[-82.2637,26.9453],[-82.2724,26.9454],[-82.289,26.9455],[-82.2999,26.9456],[-82.3127,26.9457],[-82.3177,26.9457],[-82.3233,26.9457],[-82.3373,26.9459],[-82.3493,26.9459],[-82.3616,26.9461],[-82.3752,26.946],[-82.3816,26.9577],[-82.3928,26.9727],[-82.4006,26.9849],[-82.4095,27.0045],[-82.4192,27.0207],[-82.4457,27.0606],[-82.454,27.0814],[-82.4563,27.0873],[-82.4603,27.0999],[-82.4653,27.1107],[-82.477,27.1412],[-82.4867,27.1587],[-82.4928,27.1684],[-82.4996,27.1801],[-82.5028,27.1897],[-82.5111,27.2076],[-82.5161,27.2159],[-82.5197,27.2236],[-82.5283,27.2374],[-82.5362,27.2454],[-82.538,27.2515],[-82.542,27.2571],[-82.5564,27.2667],[-82.564,27.2699],[-82.5689,27.2756],[-82.5672,27.282],[-82.5617,27.2892],[-82.5601,27.2951],[-82.566,27.2972],[-82.576,27.3093],[-82.5835,27.3176],[-82.5884,27.3244],[-82.5976,27.3358],[-82.6042,27.3424],[-82.6119,27.3502],[-82.6181,27.3564],[-82.6239,27.3622],[-82.6375,27.38],[-82.6428,27.3897],[-82.6428,27.3897]]]},"properties":{"name":"Sarasota","dem18":45.6,"dem22":38.8,"shift":-6.8}},{"type":"Feature","geometry":{"type":"Polygon","coordinates":[[[-80.6797,27.5587],[-80.5786,27.5585],[-80.5294,27.5583],[-80.4806,27.5584],[-80.4639,27.5582],[-80.4476,27.5581],[-80.4146,27.5578],[-80.398,27.5577],[-80.3901,27.5576],[-80.369,27.5574],[-80.3484,27.5572],[-80.3282,27.5572],[-80.3231,27.557],[-80.3194,27.55],[-80.3117,27.5253],[-80.3006,27.5006],[-80.2978,27.4915],[-80.2963,27.486],[-80.2932,27.4787],[-80.2912,27.4732],[-80.2966,27.471],[-80.2914,27.4703],[-80.2871,27.4578],[-80.2827,27.4472],[-80.2805,27.4417],[-80.2784,27.4359],[-80.2702,27.4156],[-80.2615,27.3944],[-80.2537,27.3798],[-80.2335,27.3413],[-80.2317,27.3349],[-80.2268,27.3227],[-80.2197,27.3071],[-80.2091,27.2832],[-80.2038,27.2723],[-80.1994,27.263],[-80.2098,27.2631],[-80.224,27.263],[-80.2337,27.2631],[-80.2443,27.263],[-80.2548,27.2633],[-80.2661,27.2635],[-80.2831,27.2638],[-80.2853,27.2439],[-80.293,27.242],[-80.2918,27.2369],[-80.2855,27.2312],[-80.2854,27.2254],[-80.2854,27.2107],[-80.3318,27.2057],[-80.3394,27.2057],[-80.3564,27.2059],[-80.372,27.2061],[-80.4003,27.2058],[-80.4157,27.2059],[-80.4814,27.2064],[-80.5805,27.206],[-80.6779,27.206],[-80.678,27.2445],[-80.6783,27.2503],[-80.6787,27.294],[-80.6778,27.3021],[-80.6786,27.4486],[-80.6793,27.4557],[-80.6795,27.4989],[-80.6797,27.5587]]]},"properties":{"name":"St. Lucie","dem18":51.9,"dem22":40.4,"shift":-11.5}},{"type":"Feature","geometry":{"type":"Polygon","coordinates":[[[-80.886,26.6529],[-80.8858,26.6961],[-80.886,26.7386],[-80.886,26.7453],[-80.8859,26.7692],[-80.8856,26.9589],[-80.6181,26.9578],[-80.5802,26.9579],[-80.4824,26.9579],[-80.4438,26.9577],[-80.3847,26.9584],[-80.3748,26.9584],[-80.2874,26.9578],[-80.2558,26.9573],[-80.2231,26.9569],[-80.1906,26.9567],[-80.1678,26.9566],[-80.142,26.9566],[-80.1419,26.9668],[-80.1357,26.9709],[-80.1263,26.9709],[-80.1211,26.9708],[-80.1104,26.9708],[-80.102,26.9707],[-80.0952,26.9706],[-80.0896,26.9705],[-80.0839,26.9706],[-80.0779,26.9633],[-80.0757,26.9564],[-80.0728,26.9492],[-80.0708,26.9441],[-80.0685,26.9331],[-80.0673,26.9276],[-80.0651,26.9195],[-80.0626,26.9116],[-80.0577,26.8964],[-80.0536,26.8838],[-80.0487,26.8675],[-80.0463,26.8592],[-80.0406,26.8353],[-80.0359,26.8154],[-80.0316,26.7973],[-80.0318,26.7903],[-80.0314,26.7837],[-80.032,26.7736],[-80.0375,26.7663],[-80.0363,26.7553],[-80.0357,26.7493],[-80.0348,26.7365],[-80.0349,26.7279],[-80.0345,26.7219],[-80.0332,26.7148],[-80.0331,26.7076],[-80.0331,26.7008],[-80.0338,26.6897],[-80.0358,26.676],[-80.0362,26.6653],[-80.0366,26.6544],[-80.0369,26.647],[-80.0368,26.6344],[-80.0365,26.6243],[-80.0361,26.6155],[-80.0362,26.6026],[-80.0369,26.5936],[-80.0375,26.5859],[-80.0389,26.5693],[-80.0416,26.5544],[-80.0421,26.5454],[-80.0449,26.538],[-80.0502,26.5102],[-80.0511,26.5049],[-80.0556,26.4758],[-80.0578,26.4617],[-80.0588,26.4554],[-80.0598,26.4445],[-80.0616,26.433],[-80.0623,26.4264],[-80.0653,26.3931],[-80.0666,26.3863],[-80.0673,26.3739],[-80.0678,26.366],[-80.0683,26.3607],[-80.0693,26.3507],[-80.0706,26.3365],[-80.0748,26.321],[-80.0805,26.3208],[-80.0879,26.3208],[-80.092,26.3264],[-80.0983,26.3226],[-80.0992,26.3276],[-80.1073,26.3279],[-80.117,26.3278],[-80.1283,26.3277],[-80.1534,26.3278],[-80.1698,26.3278],[-80.1866,26.3278],[-80.2025,26.3278],[-80.2127,26.3304],[-80.2189,26.3322],[-80.2274,26.3347],[-80.2347,26.337],[-80.2498,26.3415],[-80.2969,26.3554],[-80.297,26.3344],[-80.5359,26.3346],[-80.8813,26.3338],[-80.8819,26.3461],[-80.8831,26.4623],[-80.8858,26.6092],[-80.886,26.6527],[-80.886,26.6529]]]},"properties":{"name":"Palm Beach","dem18":58.6,"dem22":48.5,"shift":-10.1}},{"type":"Feature","geometry":{"type":"Polygon","coordinates":[[[-85.9957,30.2747],[-85.9955,30.2813],[-85.9946,30.3097],[-85.9927,30.3873],[-85.9867,30.3908],[-85.98,30.3948],[-85.9744,30.3995],[-85.9687,30.4058],[-85.9616,30.4107],[-85.9522,30.4124],[-85.9469,30.4101],[-85.9402,30.4086],[-85.9348,30.4109],[-85.9273,30.4161],[-85.9215,30.4158],[-85.9152,30.4095],[-85.9076,30.4058],[-85.9019,30.4073],[-85.8956,30.4098],[-85.8893,30.4106],[-85.884,30.4103],[-85.878,30.414],[-85.8704,30.4198],[-85.8664,30.4251],[-85.8638,30.4313],[-85.8608,30.4372],[-85.8546,30.4401],[-85.845,30.4406],[-85.8329,30.4413],[-85.8246,30.4414],[-85.8121,30.4399],[-85.7001,30.4391],[-85.6881,30.4389],[-85.6669,30.4388],[-85.6558,30.4386],[-85.6496,30.4385],[-85.6056,30.4383],[-85.57,30.4376],[-85.5594,30.4377],[-85.5486,30.4373],[-85.5389,30.4374],[-85.488,30.437],[-85.4875,30.4584],[-85.4873,30.4714],[-85.4871,30.4804],[-85.4865,30.4879],[-85.4865,30.4954],[-85.4866,30.5006],[-85.4862,30.5086],[-85.4858,30.5195],[-85.4864,30.5676],[-85.4521,30.5673],[-85.4348,30.5676],[-85.388,30.5669],[-85.3838,30.5521],[-85.3846,30.5449],[-85.3846,30.5376],[-85.385,30.5165],[-85.3851,30.5085],[-85.3858,30.4805],[-85.3868,30.4356],[-85.3868,30.4253],[-85.3883,30.417],[-85.388,30.3831],[-85.3883,30.3713],[-85.3882,30.3653],[-85.3886,30.3481],[-85.3886,30.3091],[-85.3892,30.2847],[-85.3887,30.2659],[-85.3893,30.2595],[-85.3897,30.249],[-85.3897,30.201],[-85.39,30.1882],[-85.3895,30.1754],[-85.3896,30.1546],[-85.3896,30.1452],[-85.3899,30.1385],[-85.3903,30.1214],[-85.3903,30.0998],[-85.3903,30.0912],[-85.3913,30.0276],[-85.3915,30.0004],[-85.3892,29.9552],[-85.389,29.9457],[-85.3884,29.9269],[-85.4051,29.9385],[-85.4126,29.943],[-85.4204,29.9472],[-85.4283,29.95],[-85.4385,29.9514],[-85.4452,29.954],[-85.4551,29.9567],[-85.4656,29.9575],[-85.4711,29.9567],[-85.4813,29.9579],[-85.4878,29.9606],[-85.4933,29.9629],[-85.5023,29.9678],[-85.5086,29.972],[-85.5149,29.9773],[-85.5245,29.9875],[-85.5298,29.9953],[-85.5371,30.0039],[-85.545,30.0054],[-85.5538,30.0119],[-85.569,30.0261],[-85.5814,30.0378],[-85.5884,30.0451],[-85.5956,30.0506],[-85.6069,30.0571],[-85.6133,30.0603],[-85.6278,30.067],[-85.653,30.0781],[-85.6834,30.091],[-85.6997,30.0987],[-85.7174,30.1101],[-85.7291,30.1182],[-85.7381,30.1263],[-85.7449,30.1321],[-85.7499,30.1365],[-85.7588,30.1434],[-85.765,30.1482],[-85.7723,30.1539],[-85.7838,30.1614],[-85.7904,30.1655],[-85.8004,30.1716],[-85.8055,30.1748],[-85.8112,30.1783],[-85.8201,30.1833],[-85.8313,30.1895],[-85.8381,30.1933],[-85.8486,30.1991],[-85.8667,30.2092],[-85.8781,30.2156],[-85.8921,30.2226],[-85.9016,30.2272],[-85.9204,30.2366],[-85.9355,30.2436],[-85.9476,30.2491],[-85.9666,30.2571],[-85.9959,30.2691],[-85.9957,30.2747]]]},"properties":{"name":"Bay","dem18":26.8,"dem22":21.1,"shift":-5.7}},{"type":"Feature","geometry":{"type":"Polygon","coordinates":[[[-82.0494,30.1869],[-82.0203,30.1869],[-81.9555,30.1863],[-81.9204,30.1869],[-81.8907,30.1875],[-81.868,30.188],[-81.8459,30.1885],[-81.8377,30.1886],[-81.8265,30.1887],[-81.8086,30.189],[-81.8027,30.1891],[-81.7643,30.1893],[-81.7431,30.1893],[-81.7335,30.1935],[-81.7252,30.191],[-81.7176,30.1911],[-81.7113,30.1912],[-81.7034,30.189],[-81.6943,30.1913],[-81.6796,30.1905],[-81.6817,30.1814],[-81.6905,30.1719],[-81.6902,30.1613],[-81.6921,30.1447],[-81.6802,30.1212],[-81.6814,30.109],[-81.6816,30.0993],[-81.6802,30.0899],[-81.6806,30.0827],[-81.6849,30.0723],[-81.6893,30.063],[-81.6905,30.0428],[-81.69,30.0356],[-81.6889,30.0286],[-81.6867,30.023],[-81.6828,30.0167],[-81.6711,30.0072],[-81.658,30.0001],[-81.6417,29.9909],[-81.6335,29.9863],[-81.6247,29.9815],[-81.6177,29.9766],[-81.6101,29.9702],[-81.6049,29.9635],[-81.602,29.9581],[-81.5999,29.9522],[-81.5987,29.943],[-81.5999,29.9366],[-81.6028,29.9298],[-81.606,29.9231],[-81.608,29.9176],[-81.6082,29.9094],[-81.6055,29.8965],[-81.599,29.8754],[-81.5835,29.8446],[-81.6618,29.8388],[-81.7573,29.8371],[-81.7972,29.8366],[-81.8124,29.8365],[-81.8191,29.8302],[-81.8261,29.8252],[-81.8322,29.8209],[-81.8472,29.8095],[-81.8533,29.807],[-81.8601,29.8026],[-81.8666,29.8008],[-81.8825,29.7994],[-81.8907,29.7982],[-81.9002,29.7941],[-81.9093,29.7936],[-81.9166,29.7888],[-81.9235,29.7809],[-81.9249,29.7748],[-81.9278,29.7677],[-81.9283,29.7611],[-81.9372,29.7499],[-81.9762,29.7471],[-81.9826,29.7458],[-81.9911,29.744],[-82.0046,29.7404],[-82.0129,29.7345],[-82.0249,29.7252],[-82.0289,29.7187],[-82.0492,29.7187],[-82.0476,29.7327],[-82.0461,29.7471],[-82.0463,29.7589],[-82.0465,29.769],[-82.0463,29.775],[-82.0464,29.7901],[-82.0466,29.7952],[-82.0465,29.8134],[-82.0465,29.8196],[-82.0469,29.8275],[-82.0474,29.8649],[-82.048,29.9102],[-82.0483,29.9385],[-82.0482,29.9566],[-82.0485,29.9738],[-82.0477,29.9937],[-82.0488,30.0155],[-82.0492,30.0559],[-82.0494,30.1104],[-82.0494,30.1431],[-82.0494,30.1869]]]},"properties":{"name":"Clay","dem18":30.4,"dem22":24.8,"shift":-5.6}},{"type":"Feature","geometry":{"type":"Polygon","coordinates":[[[-83.3705,30.006],[-83.3684,30.1287],[-83.3686,30.1872],[-83.3677,30.1967],[-83.367,30.2266],[-83.3673,30.2604],[-83.3556,30.2604],[-83.2832,30.2603],[-83.2665,30.2603],[-83.2499,30.2604],[-83.2532,30.2536],[-83.2517,30.2483],[-83.2463,30.2494],[-83.251,30.2431],[-83.2527,30.2357],[-83.2473,30.2301],[-83.2401,30.2275],[-83.2437,30.2191],[-83.2439,30.2141],[-83.2472,30.2074],[-83.2489,30.2022],[-83.2501,30.1966],[-83.25,30.1905],[-83.2489,30.1839],[-83.2449,30.177],[-83.2398,30.1729],[-83.233,30.1687],[-83.2318,30.1619],[-83.2375,30.1546],[-83.235,30.149],[-83.2272,30.1411],[-83.2246,30.1353],[-83.2253,30.1248],[-83.2264,30.1146],[-83.2204,30.1104],[-83.2162,30.1053],[-83.2073,30.1046],[-83.2011,30.1058],[-83.1953,30.1046],[-83.1883,30.0975],[-83.1821,30.0945],[-83.1761,30.1],[-83.1699,30.0996],[-83.1648,30.1068],[-83.1555,30.1074],[-83.1491,30.1039],[-83.1429,30.1043],[-83.1352,30.0977],[-83.1293,30.0988],[-83.1222,30.1049],[-83.1142,30.1024],[-83.1141,30.0936],[-83.1078,30.091],[-83.1024,30.0915],[-83.0967,30.0902],[-83.0916,30.0853],[-83.0852,30.0826],[-83.0753,30.0826],[-83.0696,30.0813],[-83.07,30.0752],[-83.0695,30.0687],[-83.0627,30.0637],[-83.0562,30.0617],[-83.0474,30.0565],[-83.0415,30.0546],[-83.0365,30.0479],[-83.0302,30.045],[-83.0234,30.0408],[-83.016,30.0343],[-83.0109,30.029],[-83.0061,30.0194],[-83.0044,30.0139],[-83.0013,30.0088],[-82.9953,30.0061],[-82.9869,30.0072],[-82.9794,30.0074],[-82.9751,29.9976],[-82.9695,29.9961],[-82.9638,29.9945],[-82.9626,29.9869],[-82.9604,29.9752],[-82.9573,29.9691],[-82.9538,29.9614],[-82.9358,29.9568],[-82.9308,29.9574],[-82.9262,29.9499],[-82.9235,29.9432],[-82.924,29.9365],[-82.9205,29.9301],[-82.9254,29.9247],[-82.9216,29.9193],[-82.9192,29.909],[-82.9129,29.906],[-82.917,29.9008],[-82.9155,29.8918],[-82.909,29.8895],[-82.9072,29.8948],[-82.9056,29.9001],[-82.9006,29.9015],[-82.895,29.9003],[-82.8883,29.8946],[-82.8848,29.8892],[-82.8909,29.8909],[-82.8901,29.8849],[-82.8842,29.8823],[-82.8788,29.8872],[-82.8753,29.8807],[-82.8764,29.8741],[-82.8755,29.867],[-82.8824,29.8581],[-82.8875,29.852],[-82.8902,29.8451],[-82.8914,29.8373],[-82.8925,29.8285],[-82.9023,29.8252],[-82.9187,29.8241],[-82.9591,29.824],[-82.9685,29.8253],[-82.9809,29.8253],[-83.0,29.8252],[-83.0718,29.8245],[-83.3189,29.8226],[-83.3529,29.8222],[-83.353,29.8879],[-83.3709,29.8879],[-83.3705,30.006]]]},"properties":{"name":"Lafayette","dem18":15.1,"dem22":10.1,"shift":-5.0}},{"type":"Feature","geometry":{"type":"Polygon","coordinates":[[[-82.0555,27.4731],[-82.0545,27.5952],[-82.0543,27.6464],[-81.949,27.6463],[-81.9268,27.6464],[-81.9094,27.6465],[-81.8951,27.6461],[-81.8793,27.6463],[-81.8343,27.6462],[-81.8227,27.6462],[-81.7413,27.6463],[-81.6623,27.6465],[-81.5635,27.6466],[-81.5635,27.6139],[-81.5636,27.5916],[-81.5637,27.5592],[-81.5637,27.494],[-81.5637,27.4855],[-81.5639,27.4342],[-81.5638,27.4149],[-81.5641,27.3733],[-81.5641,27.3406],[-81.6617,27.3406],[-81.6794,27.3403],[-81.7106,27.3402],[-81.7242,27.3402],[-81.7315,27.3402],[-81.8058,27.3401],[-81.829,27.3401],[-81.8411,27.3401],[-81.8588,27.3403],[-81.9505,27.3373],[-82.0558,27.3383],[-82.0555,27.4731]]]},"properties":{"name":"Hardee","dem18":28.7,"dem22":17.2,"shift":-11.5}},{"type":"Feature","geometry":{"type":"Polygon","coordinates":[[[-85.1538,30.0928],[-85.1457,30.0968],[-85.1476,30.1049],[-85.1491,30.1105],[-85.1429,30.1093],[-85.1419,30.1154],[-85.133,30.115],[-85.1318,30.1207],[-85.1386,30.1205],[-85.1449,30.1231],[-85.1446,30.129],[-85.1384,30.1337],[-85.1369,30.1404],[-85.1326,30.1456],[-85.1385,30.1463],[-85.1332,30.1595],[-85.1388,30.1618],[-85.1375,30.1678],[-85.1353,30.1745],[-85.1348,30.1808],[-85.1278,30.183],[-85.1235,30.1924],[-85.1193,30.1976],[-85.1189,30.207],[-85.1134,30.2088],[-85.1116,30.2146],[-85.1061,30.216],[-85.1003,30.2125],[-85.0995,30.2197],[-85.0931,30.2207],[-85.0921,30.2276],[-85.0847,30.2284],[-85.0797,30.2316],[-85.0834,30.2372],[-85.0785,30.2425],[-85.0787,30.2488],[-85.0731,30.2497],[-85.069,30.2548],[-85.0658,30.2599],[-85.0597,30.2615],[-85.0634,30.2679],[-85.0591,30.2743],[-85.0597,30.2807],[-85.0577,30.2861],[-85.056,30.2978],[-85.0569,30.3035],[-85.0509,30.3029],[-85.0505,30.3101],[-85.0403,30.3102],[-85.0343,30.3125],[-85.0422,30.3174],[-85.0453,30.3247],[-85.0455,30.3314],[-85.0497,30.3365],[-85.0455,30.3437],[-85.0439,30.3494],[-85.0414,30.3545],[-85.0331,30.3594],[-85.0279,30.3608],[-85.0345,30.3649],[-85.0402,30.3677],[-85.0372,30.3752],[-85.0312,30.3787],[-85.0246,30.3763],[-85.0212,30.382],[-85.0152,30.3858],[-85.0146,30.3943],[-85.0274,30.3982],[-85.0299,30.4033],[-85.0233,30.406],[-85.0159,30.408],[-85.0155,30.4132],[-85.0246,30.4125],[-85.0305,30.4139],[-85.0329,30.4203],[-85.027,30.4272],[-85.02,30.4318],[-85.0101,30.4358],[-85.0048,30.4363],[-84.9967,30.4383],[-84.9895,30.4411],[-84.9832,30.4418],[-84.9815,30.4469],[-84.9905,30.4454],[-84.9974,30.4457],[-85.0015,30.4529],[-84.9952,30.4604],[-84.9889,30.464],[-84.9867,30.4696],[-84.9943,30.4718],[-84.9999,30.4724],[-85.0032,30.4788],[-84.9958,30.486],[-84.9945,30.4921],[-84.9921,30.5002],[-84.9912,30.5071],[-84.9929,30.5147],[-84.9912,30.5224],[-84.986,30.5304],[-84.9828,30.5367],[-84.9757,30.5499],[-84.9702,30.5566],[-84.9622,30.5636],[-84.9648,30.5704],[-84.9658,30.579],[-84.9585,30.581],[-84.9513,30.5786],[-84.9443,30.5817],[-84.9443,30.5875],[-84.9449,30.5955],[-84.938,30.5986],[-84.9325,30.6064],[-84.9121,30.6058],[-84.8833,30.6056],[-84.8833,30.5832],[-84.8833,30.5622],[-84.8826,30.5331],[-84.8158,30.5331],[-84.8156,30.5208],[-84.7818,30.5187],[-84.7811,30.4598],[-84.7414,30.4603],[-84.7141,30.4604],[-84.7141,30.4172],[-84.6805,30.4173],[-84.6804,30.3933],[-84.6806,30.388],[-84.6669,30.3878],[-84.6513,30.3883],[-84.6636,30.3784],[-84.6633,30.3724],[-84.6685,30.3666],[-84.6745,30.3666],[-84.6813,30.3676],[-84.6812,30.3615],[-84.6854,30.3556],[-84.6854,30.3499],[-84.6909,30.3496],[-84.6964,30.3471],[-84.702,30.3421],[-84.7031,30.3365],[-84.7085,30.3357],[-84.714,30.3328],[-84.7111,30.3251],[-84.7058,30.3227],[-84.7011,30.3177],[-84.7084,30.3102],[-84.7116,30.3044],[-84.7274,30.2887],[-84.731,30.2833],[-84.7277,30.2758],[-84.7306,30.2697],[-84.7366,30.2681],[-84.7284,30.2579],[-84.7185,30.2536],[-84.7122,30.2504],[-84.7055,30.2518],[-84.6999,30.2461],[-84.6976,30.2395],[-84.6986,30.2336],[-84.6995,30.2277],[-84.6936,30.2241],[-84.6876,30.2223],[-84.6819,30.2177],[-84.6821,30.2121],[-84.6801,30.2068],[-84.676,30.2007],[-84.6781,30.1954],[-84.6783,30.1881],[-84.6728,30.1858],[-84.6679,30.1804],[-84.6683,30.1745],[-84.6672,30.1686],[-84.6672,30.1634],[-84.6693,30.158],[-84.6693,30.1521],[-84.6706,30.1462],[-84.6722,30.1409],[-84.668,30.1357],[-84.6681,30.1291],[-84.6659,30.1239],[-84.6608,30.1202],[-84.6596,30.1151],[-84.6532,30.1182],[-84.6517,30.1123],[-84.6519,30.1068],[-84.6505,30.1012],[-84.6497,30.0954],[-84.644,30.0887],[-84.6424,30.0833],[-84.6356,30.0774],[-84.6351,30.0716],[-84.6289,30.0693],[-84.6265,30.0629],[-84.6211,30.0665],[-84.616,30.0654],[-84.6098,30.0597],[-84.6056,30.0523],[-84.6039,30.0463],[-84.5972,30.0474],[-84.5942,30.0423],[-84.5993,30.0401],[-84.5952,30.0334],[-84.5871,30.0276],[-84.5812,30.0242],[-84.5725,30.0196],[-84.5669,30.0198],[-84.5612,30.0202],[-84.5557,30.0197],[-84.5506,30.0146],[-84.543,30.0128],[-84.6021,30.0109],[-84.6096,30.0112],[-84.6245,30.0115],[-84.761,30.0115],[-84.9727,30.0137],[-84.979,30.0138],[-85.0076,30.0139],[-85.0067,30.0087],[-85.0109,30.0029],[-85.015,29.9975],[-85.0165,29.9898],[-85.0183,29.9844],[-85.0203,29.9779],[-85.0254,29.9714],[-85.0269,29.9798],[-85.0298,29.9874],[-85.0366,29.9905],[-85.0426,29.9886],[-85.0497,29.9901],[-85.0529,29.997],[-85.0551,30.0024],[-85.0641,30.004],[-85.0719,30.0048],[-85.0779,30.0085],[-85.0833,30.0142],[-85.0901,30.0122],[-85.099,30.0153],[-85.0968,30.0233],[-85.1045,30.0202],[-85.1079,30.0254],[-85.1137,30.0232],[-85.1191,30.0289],[-85.1249,30.033],[-85.1312,30.038],[-85.1327,30.0434],[-85.1357,30.05],[-85.136,30.0574],[-85.1369,30.0638],[-85.1371,30.0696],[-85.1362,30.0762],[-85.1343,30.082],[-85.1386,30.0875],[-85.1436,30.089],[-85.1492,30.0896],[-85.1538,30.0928]]]},"properties":{"name":"Liberty","dem18":20.3,"dem22":14.2,"shift":-6.1}},{"type":"Feature","geometry":{"type":"Polygon","coordinates":[[[-80.8813,26.3338],[-80.5399,26.3347],[-80.297,26.3344],[-80.2971,26.3553],[-80.2512,26.3417],[-80.2347,26.337],[-80.2274,26.3347],[-80.2198,26.3325],[-80.2127,26.3304],[-80.2041,26.3278],[-80.1901,26.3278],[-80.1703,26.3278],[-80.1534,26.3278],[-80.1287,26.3278],[-80.1201,26.3278],[-80.1073,26.3279],[-80.0992,26.3276],[-80.0983,26.3226],[-80.092,26.3264],[-80.0879,26.3208],[-80.0806,26.3208],[-80.0748,26.321],[-80.0756,26.3145],[-80.0761,26.3094],[-80.0799,26.2644],[-80.0802,26.2587],[-80.0844,26.2522],[-80.0873,26.2413],[-80.0888,26.2322],[-80.0892,26.2263],[-80.0905,26.2168],[-80.0922,26.2085],[-80.0933,26.202],[-80.0943,26.1947],[-80.0959,26.1823],[-80.0967,26.1761],[-80.0979,26.1676],[-80.0996,26.1576],[-80.1014,26.1478],[-80.1026,26.1381],[-80.1029,26.1306],[-80.1037,26.1219],[-80.1039,26.1141],[-80.1045,26.1016],[-80.1049,26.0953],[-80.1088,26.0901],[-80.1091,26.081],[-80.1102,26.0726],[-80.1111,26.0592],[-80.1125,26.0474],[-80.1141,26.0252],[-80.115,26.0134],[-80.1157,26.0042],[-80.1161,25.9981],[-80.1167,25.9926],[-80.1172,25.987],[-80.1179,25.9752],[-80.1233,25.9751],[-80.1304,25.9742],[-80.1421,25.9747],[-80.1479,25.9744],[-80.1542,25.9742],[-80.165,25.9739],[-80.1745,25.9736],[-80.1801,25.9735],[-80.1854,25.9734],[-80.1908,25.9732],[-80.198,25.973],[-80.2062,25.9726],[-80.2125,25.9724],[-80.2195,25.9722],[-80.2296,25.9722],[-80.2467,25.9719],[-80.2622,25.9713],[-80.2788,25.971],[-80.2951,25.9706],[-80.2951,25.9636],[-80.295,25.9569],[-80.3106,25.9572],[-80.3174,25.9571],[-80.3267,25.9571],[-80.3318,25.9571],[-80.3391,25.9571],[-80.3514,25.957],[-80.3751,25.9571],[-80.4074,25.9569],[-80.4314,25.957],[-80.4394,25.9569],[-80.5508,25.957],[-80.68,25.9569],[-80.68,25.9787],[-80.8729,25.9794],[-80.873,25.9929],[-80.8726,25.9985],[-80.8792,26.1729],[-80.8797,26.2593],[-80.8812,26.3294],[-80.8813,26.3338]]]},"properties":{"name":"Broward","dem18":68.5,"dem22":57.7,"shift":-10.8}},{"type":"Feature","geometry":{"type":"Polygon","coordinates":[[[-81.6809,29.3244],[-81.6581,29.3296],[-81.6432,29.333],[-81.5409,29.3566],[-81.5218,29.3622],[-81.5098,29.3639],[-81.4639,29.3753],[-81.4509,29.3785],[-81.4459,29.3801],[-81.4403,29.3853],[-81.4398,29.3914],[-81.4336,29.3982],[-81.4269,29.3969],[-81.4207,29.3996],[-81.4177,29.2693],[-81.4173,29.2612],[-81.4074,29.2611],[-81.4018,29.2612],[-81.3632,29.2617],[-81.3334,29.2623],[-81.2686,29.2632],[-81.2502,29.2634],[-81.2095,29.2641],[-81.2,29.2644],[-81.1501,29.266],[-81.1504,29.2759],[-81.1526,29.3465],[-81.1526,29.3518],[-81.1538,29.3829],[-81.1547,29.393],[-81.1553,29.4038],[-81.1559,29.411],[-81.1482,29.4118],[-81.1294,29.4217],[-81.1102,29.427],[-81.1025,29.4271],[-81.0773,29.3739],[-81.0736,29.3659],[-81.0707,29.3596],[-81.0678,29.3535],[-81.0639,29.3451],[-81.06,29.3366],[-81.0571,29.3303],[-81.0543,29.3243],[-81.0511,29.3173],[-81.0467,29.3079],[-81.0435,29.3016],[-81.0377,29.2899],[-81.0331,29.2809],[-81.0271,29.2689],[-81.0205,29.2558],[-81.0139,29.2428],[-81.0098,29.2347],[-81.0062,29.2275],[-81.0027,29.2206],[-80.9988,29.2128],[-80.9954,29.2061],[-80.9824,29.1803],[-80.975,29.1655],[-80.968,29.1516],[-80.9625,29.1418],[-80.9511,29.1223],[-80.9444,29.1109],[-80.9383,29.1028],[-80.9299,29.0916],[-80.9241,29.0852],[-80.9179,29.0784],[-80.9122,29.074],[-80.9073,29.0643],[-80.8941,29.0388],[-80.8894,29.0307],[-80.8822,29.0186],[-80.878,29.0116],[-80.8661,28.9938],[-80.8041,28.9008],[-80.7906,28.8806],[-80.787,28.8753],[-80.7399,28.8016],[-80.7329,28.7912],[-80.8059,28.7912],[-80.8429,28.7911],[-80.8827,28.7912],[-80.8993,28.791],[-80.9679,28.7902],[-80.9646,28.6143],[-80.9742,28.6127],[-80.9804,28.6131],[-80.9873,28.613],[-80.9869,28.6183],[-80.9883,28.6235],[-80.9942,28.6216],[-80.9997,28.6281],[-81.0071,28.6363],[-81.0013,28.6395],[-81.0033,28.645],[-81.0058,28.6518],[-81.0083,28.6588],[-81.011,28.6681],[-81.0205,28.6732],[-81.0216,28.6829],[-81.02,28.6885],[-81.0204,28.6978],[-81.0275,28.7046],[-81.0334,28.7081],[-81.0353,28.7142],[-81.0351,28.7194],[-81.0372,28.7254],[-81.0577,28.7451],[-81.0611,28.7567],[-81.0606,28.762],[-81.0531,28.7736],[-81.0555,28.7848],[-81.0571,28.7904],[-81.0634,28.7994],[-81.0677,28.8053],[-81.0674,28.813],[-81.0732,28.8149],[-81.0782,28.8192],[-81.0832,28.8156],[-81.0893,28.8205],[-81.0948,28.8239],[-81.103,28.8244],[-81.1117,28.8282],[-81.1183,28.8265],[-81.1242,28.8223],[-81.1231,28.8141],[-81.1304,28.807],[-81.1293,28.7995],[-81.1384,28.7974],[-81.1362,28.7922],[-81.1444,28.7916],[-81.1539,28.7914],[-81.1604,28.7909],[-81.1671,28.7873],[-81.1776,28.7859],[-81.1804,28.796],[-81.1863,28.7947],[-81.1913,28.7957],[-81.1974,28.7919],[-81.2039,28.7969],[-81.2091,28.8021],[-81.2143,28.8075],[-81.2159,28.8144],[-81.2213,28.8203],[-81.2229,28.8259],[-81.2257,28.8325],[-81.25,28.8331],[-81.273,28.8337],[-81.2895,28.8341],[-81.3041,28.8344],[-81.3096,28.8346],[-81.3198,28.8345],[-81.3299,28.839],[-81.3391,28.8452],[-81.3449,28.8463],[-81.3525,28.8472],[-81.358,28.8478],[-81.3557,28.8533],[-81.3535,28.8592],[-81.3635,28.8647],[-81.363,28.8699],[-81.3653,28.8765],[-81.3654,28.8829],[-81.3645,28.8903],[-81.3589,28.8873],[-81.3548,28.8926],[-81.3541,28.8985],[-81.3575,28.9037],[-81.3567,28.9105],[-81.3576,28.9168],[-81.352,28.9207],[-81.3533,28.9264],[-81.3544,28.9315],[-81.3535,28.9368],[-81.3552,28.9425],[-81.3546,28.9484],[-81.3604,28.9517],[-81.3617,28.9571],[-81.3681,28.9554],[-81.3658,28.9609],[-81.3694,28.9674],[-81.3642,28.9686],[-81.3627,28.9744],[-81.3569,28.9799],[-81.3559,28.987],[-81.3617,28.9914],[-81.3696,28.9932],[-81.3757,28.994],[-81.3728,28.9992],[-81.3782,28.9989],[-81.3808,29.0074],[-81.3882,29.0107],[-81.3877,29.0162],[-81.3934,29.0198],[-81.3953,29.0252],[-81.4006,29.0299],[-81.4067,29.0325],[-81.4132,29.0372],[-81.4188,29.038],[-81.4258,29.0448],[-81.4322,29.0444],[-81.438,29.0506],[-81.4455,29.0614],[-81.4523,29.0616],[-81.4553,29.0686],[-81.4607,29.0747],[-81.4582,29.0802],[-81.4568,29.0876],[-81.4592,29.0942],[-81.4664,29.0967],[-81.4729,29.0952],[-81.4814,29.094],[-81.487,29.0929],[-81.492,29.0955],[-81.4975,29.0957],[-81.5005,29.1013],[-81.5067,29.1122],[-81.5063,29.1178],[-81.5045,29.1237],[-81.51,29.1328],[-81.5141,29.1384],[-81.5161,29.145],[-81.5198,29.1525],[-81.5236,29.1587],[-81.5218,29.1662],[-81.5297,29.1709],[-81.5315,29.1769],[-81.5402,29.1792],[-81.5465,29.1846],[-81.5519,29.1845],[-81.5541,29.1895],[-81.5581,29.1974],[-81.5643,29.2006],[-81.5706,29.202],[-81.5758,29.2029],[-81.5826,29.2003],[-81.5888,29.1993],[-81.5999,29.1998],[-81.6103,29.2026],[-81.6146,29.2076],[-81.6173,29.2129],[-81.6158,29.2212],[-81.6193,29.2286],[-81.6259,29.2359],[-81.6324,29.2429],[-81.6337,29.2503],[-81.6357,29.2586],[-81.6382,29.2674],[-81.6404,29.2739],[-81.6453,29.2813],[-81.6485,29.2884],[-81.6521,29.2964],[-81.6601,29.2992],[-81.6679,29.3015],[-81.6733,29.3066],[-81.6796,29.3202],[-81.6809,29.3244]]]},"properties":{"name":"Volusia","dem18":44.6,"dem22":35.6,"shift":-9.0}},{"type":"Feature","geometry":{"type":"Polygon","coordinates":[[[-80.8816,27.8225],[-80.8689,27.8225],[-80.8275,27.8229],[-80.7701,27.8237],[-80.7416,27.823],[-80.6071,27.8224],[-80.5545,27.8222],[-80.5091,27.8221],[-80.5073,27.828],[-80.4998,27.8346],[-80.4944,27.8459],[-80.4948,27.8509],[-80.4788,27.8546],[-80.4549,27.8546],[-80.4495,27.8591],[-80.4283,27.8237],[-80.416,27.7987],[-80.4042,27.778],[-80.3998,27.7694],[-80.3966,27.7633],[-80.3915,27.7549],[-80.3877,27.7476],[-80.3844,27.7412],[-80.3814,27.7341],[-80.3788,27.7252],[-80.372,27.7047],[-80.3674,27.6921],[-80.3646,27.6847],[-80.3624,27.6763],[-80.359,27.6671],[-80.3579,27.6609],[-80.3552,27.6535],[-80.3514,27.64],[-80.351,27.6323],[-80.3481,27.624],[-80.3449,27.6181],[-80.3392,27.6101],[-80.3323,27.5999],[-80.3249,27.5687],[-80.3215,27.557],[-80.3286,27.5575],[-80.3482,27.5572],[-80.3689,27.5574],[-80.3901,27.5576],[-80.3979,27.5577],[-80.4146,27.5578],[-80.4476,27.5581],[-80.4639,27.5582],[-80.4806,27.5584],[-80.5257,27.5587],[-80.5786,27.5585],[-80.6797,27.5587],[-80.7445,27.5589],[-80.7772,27.5587],[-80.778,27.6432],[-80.8535,27.6423],[-80.8587,27.6423],[-80.8638,27.6421],[-80.8731,27.6423],[-80.8734,27.665],[-80.8735,27.6835],[-80.8736,27.6997],[-80.8738,27.7339],[-80.8801,27.7337],[-80.8816,27.8225]]]},"properties":{"name":"Indian River","dem18":38.8,"dem22":32.1,"shift":-6.7}},{"type":"Feature","geometry":{"type":"Polygon","coordinates":[[[-86.7992,30.3972],[-86.7994,30.4062],[-86.7992,30.4164],[-86.7989,30.431],[-86.7956,30.6172],[-86.7952,30.6259],[-86.7936,30.6366],[-86.7928,30.6638],[-86.7928,30.6699],[-86.7924,30.6849],[-86.7918,30.7243],[-86.7916,30.7502],[-86.791,30.7808],[-86.7903,30.7998],[-86.7881,30.872],[-86.7881,30.8791],[-86.7877,30.8938],[-86.7873,30.9004],[-86.786,30.9937],[-86.7452,30.9963],[-86.7284,30.9967],[-86.7063,30.9947],[-86.6883,30.9946],[-86.6784,30.9945],[-86.6647,30.9945],[-86.6278,30.9948],[-86.5676,30.9951],[-86.5425,30.9943],[-86.5199,30.9932],[-86.5128,30.9937],[-86.4999,30.9933],[-86.4583,30.994],[-86.4049,30.994],[-86.3919,30.9942],[-86.3886,30.9666],[-86.3888,30.9482],[-86.389,30.9258],[-86.389,30.9065],[-86.3893,30.8771],[-86.39,30.8663],[-86.3909,30.8128],[-86.3917,30.7568],[-86.3921,30.7502],[-86.3916,30.7287],[-86.3916,30.7219],[-86.3918,30.7069],[-86.3923,30.694],[-86.3925,30.5653],[-86.3932,30.4972],[-86.3942,30.4641],[-86.3945,30.4549],[-86.3954,30.4333],[-86.3968,30.4013],[-86.3972,30.3857],[-86.3974,30.3787],[-86.4024,30.3792],[-86.4121,30.3803],[-86.423,30.3813],[-86.4439,30.3832],[-86.4708,30.3839],[-86.4895,30.3835],[-86.5062,30.3823],[-86.5119,30.3843],[-86.5202,30.3866],[-86.5262,30.3874],[-86.5411,30.3889],[-86.5488,30.3894],[-86.5595,30.3902],[-86.5806,30.3929],[-86.5869,30.3928],[-86.5967,30.3938],[-86.608,30.3952],[-86.6214,30.3963],[-86.6437,30.397],[-86.6571,30.3968],[-86.6815,30.396],[-86.7131,30.3948],[-86.7386,30.3934],[-86.7549,30.3918],[-86.7891,30.3883],[-86.7995,30.3872],[-86.7992,30.3972]]]},"properties":{"name":"Okaloosa","dem18":27.2,"dem22":23.1,"shift":-4.1}},{"type":"Feature","geometry":{"type":"Polygon","coordinates":[[[-81.5665,26.7139],[-81.5664,26.7254],[-81.5663,26.7363],[-81.5657,26.7696],[-81.4925,26.769],[-81.4595,26.7689],[-81.4593,26.7835],[-81.4371,26.7835],[-81.4349,26.77],[-81.4261,26.7687],[-81.4013,26.7686],[-81.3864,26.7686],[-81.3775,26.7686],[-81.3588,26.7687],[-81.3534,26.7687],[-81.3115,26.7687],[-81.2717,26.7686],[-81.2474,26.7686],[-81.1856,26.7684],[-81.1737,26.7683],[-81.0831,26.7683],[-80.9777,26.7688],[-80.9674,26.7689],[-80.9594,26.769],[-80.9453,26.7691],[-80.9353,26.8008],[-80.8977,26.9196],[-80.8883,26.9492],[-80.8856,26.9589],[-80.8859,26.7692],[-80.886,26.7462],[-80.886,26.7386],[-80.8858,26.6961],[-80.886,26.6529],[-80.8858,26.6092],[-80.883,26.4649],[-80.88,26.3461],[-80.8818,26.3338],[-80.8797,26.2595],[-81.1068,26.256],[-81.2682,26.2531],[-81.2719,26.4226],[-81.272,26.4579],[-81.2718,26.4633],[-81.2718,26.5171],[-81.3865,26.5161],[-81.4351,26.5156],[-81.4513,26.5155],[-81.4663,26.5138],[-81.5444,26.5135],[-81.5638,26.5133],[-81.5638,26.5185],[-81.5642,26.5425],[-81.5646,26.5639],[-81.5649,26.5863],[-81.5651,26.6003],[-81.5658,26.6441],[-81.5661,26.6728],[-81.5663,26.6872],[-81.5664,26.6959],[-81.5665,26.7095],[-81.5665,26.7139]]]},"properties":{"name":"Hendry","dem18":40.4,"dem22":25.1,"shift":-15.3}},{"type":"Feature","geometry":{"type":"Polygon","coordinates":[[[-80.6856,27.1147],[-80.6774,27.1216],[-80.6777,27.1585],[-80.6779,27.206],[-80.5805,27.206],[-80.4814,27.2064],[-80.4157,27.2059],[-80.4003,27.2058],[-80.3759,27.2056],[-80.3564,27.2059],[-80.3394,27.2057],[-80.3319,27.2057],[-80.2855,27.206],[-80.2854,27.2254],[-80.2851,27.231],[-80.2918,27.2369],[-80.293,27.242],[-80.2879,27.2439],[-80.2849,27.2603],[-80.2661,27.2635],[-80.2548,27.2633],[-80.2443,27.263],[-80.2337,27.2631],[-80.224,27.263],[-80.2106,27.2631],[-80.2012,27.263],[-80.1931,27.2495],[-80.1743,27.2159],[-80.1615,27.1928],[-80.16,27.1868],[-80.1578,27.1792],[-80.1534,27.1693],[-80.1576,27.1631],[-80.1507,27.1473],[-80.1453,27.1322],[-80.1436,27.1257],[-80.1421,27.1198],[-80.1386,27.1115],[-80.1337,27.1019],[-80.1267,27.0901],[-80.1168,27.0724],[-80.1151,27.0666],[-80.1117,27.0605],[-80.0939,27.0186],[-80.0889,26.998],[-80.0862,26.9871],[-80.081,26.9742],[-80.0867,26.9706],[-80.0942,26.9706],[-80.102,26.9707],[-80.1089,26.9708],[-80.1211,26.9708],[-80.1263,26.9709],[-80.1357,26.9709],[-80.1418,26.9709],[-80.142,26.9566],[-80.1665,26.9566],[-80.1906,26.9567],[-80.2231,26.9569],[-80.2547,26.9571],[-80.2874,26.9578],[-80.3748,26.9584],[-80.3847,26.9584],[-80.4438,26.9577],[-80.4824,26.9579],[-80.5802,26.9579],[-80.6181,26.9578],[-80.8856,26.9589],[-80.6856,27.1147]]]},"properties":{"name":"Martin","dem18":37.9,"dem22":30.7,"shift":-7.2}},{"type":"Feature","geometry":{"type":"Polygon","coordinates":[[[-85.6001,30.8338],[-85.5992,30.8389],[-85.5994,30.8445],[-85.5957,30.8516],[-85.5944,30.8568],[-85.5925,30.8625],[-85.5872,30.8689],[-85.5841,30.8745],[-85.5833,30.8799],[-85.5818,30.8865],[-85.577,30.8956],[-85.5718,30.9007],[-85.5664,30.9062],[-85.56,30.9135],[-85.5568,30.9193],[-85.5531,30.9262],[-85.5477,30.9322],[-85.5387,30.9338],[-85.5316,30.9379],[-85.5316,30.9451],[-85.5304,30.9534],[-85.5325,30.9586],[-85.5319,30.9645],[-85.5305,30.9716],[-85.5221,30.9755],[-85.5149,30.9823],[-85.509,30.986],[-85.503,30.9906],[-85.498,30.9969],[-85.4926,30.997],[-85.4075,30.9983],[-85.3817,30.9987],[-85.3291,30.9996],[-85.3129,30.9998],[-85.2436,31.0009],[-85.2034,31.0009],[-85.1545,31.0008],[-85.1458,31.0007],[-85.128,31.0007],[-85.1172,31.0007],[-85.0575,31.0006],[-85.0521,31.0006],[-85.0408,31.0006],[-85.0312,31.0006],[-85.0241,31.0007],[-85.0025,31.0007],[-85.0025,30.9869],[-85.0059,30.9798],[-85.0051,30.9747],[-84.9999,30.9712],[-84.988,30.9688],[-84.9825,30.9656],[-84.9796,30.959],[-84.9822,30.9469],[-84.9836,30.937],[-84.9752,30.9308],[-84.9694,30.922],[-84.9561,30.9076],[-84.9523,30.9023],[-84.9425,30.8885],[-84.9349,30.8845],[-84.9392,30.8749],[-84.9331,30.8659],[-84.9366,30.859],[-84.9332,30.8515],[-84.9278,30.8479],[-84.9257,30.8427],[-84.9323,30.8381],[-84.9374,30.8209],[-84.9309,30.8105],[-84.9283,30.8051],[-84.929,30.7973],[-84.9267,30.7902],[-84.918,30.7781],[-84.918,30.7721],[-84.9201,30.766],[-84.915,30.7612],[-84.9143,30.7536],[-84.9063,30.7506],[-84.9002,30.7519],[-84.8875,30.7418],[-84.8852,30.735],[-84.8754,30.7275],[-84.8698,30.7219],[-84.8647,30.7115],[-84.8597,30.7018],[-84.8583,30.6966],[-84.8621,30.6915],[-84.8691,30.6832],[-84.8714,30.6776],[-84.8749,30.672],[-84.8838,30.6667],[-84.8899,30.66],[-84.8919,30.6497],[-84.8947,30.6446],[-84.9011,30.6405],[-84.9043,30.6337],[-84.9041,30.6256],[-84.9081,30.6195],[-84.916,30.6156],[-84.9275,30.6125],[-84.9319,30.6069],[-85.0132,30.6061],[-85.0971,30.6074],[-85.1677,30.608],[-85.167,30.6018],[-85.1675,30.5951],[-85.1724,30.5852],[-85.1696,30.5794],[-85.1736,30.569],[-85.2568,30.566],[-85.2672,30.5656],[-85.2731,30.5657],[-85.339,30.5663],[-85.3659,30.5669],[-85.3737,30.5667],[-85.3839,30.5669],[-85.4348,30.5676],[-85.4352,30.6248],[-85.4336,30.6705],[-85.4329,30.7011],[-85.4327,30.7285],[-85.4326,30.7465],[-85.4324,30.7561],[-85.4323,30.7855],[-85.4561,30.7856],[-85.4827,30.7859],[-85.4823,30.8295],[-85.4889,30.8297],[-85.533,30.83],[-85.5999,30.8306],[-85.6001,30.8338]]]},"properties":{"name":"Jackson","dem18":31.8,"dem22":23.6,"shift":-8.2}},{"type":"Feature","geometry":{"type":"Polygon","coordinates":[[[-81.6905,30.0428],[-81.6898,30.0588],[-81.6878,30.0675],[-81.6817,30.0789],[-81.6801,30.0866],[-81.6816,30.0993],[-81.6817,30.1062],[-81.68,30.1191],[-81.6505,30.1215],[-81.6417,30.1255],[-81.6292,30.1315],[-81.6237,30.1336],[-81.6132,30.133],[-81.6017,30.1306],[-81.5905,30.1258],[-81.5835,30.1257],[-81.5768,30.1229],[-81.5678,30.1178],[-81.5622,30.1175],[-81.5562,30.1178],[-81.539,30.1199],[-81.5387,30.1037],[-81.5144,30.1042],[-81.5043,30.1043],[-81.4945,30.1045],[-81.479,30.1048],[-81.4347,30.1053],[-81.4339,30.1151],[-81.4343,30.1347],[-81.4366,30.237],[-81.4369,30.2523],[-81.4302,30.2522],[-81.4006,30.2527],[-81.3884,30.2528],[-81.3818,30.2528],[-81.3708,30.2193],[-81.3686,30.2109],[-81.3556,30.1626],[-81.3308,30.0592],[-81.325,30.0325],[-81.3228,30.0241],[-81.3169,30.0011],[-81.309,29.9694],[-81.3065,29.9614],[-81.3034,29.9519],[-81.2997,29.94],[-81.2953,29.9286],[-81.2915,29.9206],[-81.289,29.9152],[-81.2818,29.9083],[-81.2751,29.8988],[-81.2751,29.8938],[-81.2729,29.8837],[-81.2706,29.8765],[-81.2669,29.8615],[-81.2653,29.8523],[-81.2649,29.8453],[-81.2643,29.8394],[-81.2635,29.8329],[-81.2624,29.8221],[-81.2617,29.8157],[-81.2611,29.8106],[-81.2593,29.7998],[-81.2583,29.7945],[-81.2562,29.7865],[-81.2539,29.7769],[-81.2518,29.7712],[-81.2404,29.7395],[-81.237,29.7321],[-81.2305,29.7179],[-81.2267,29.7112],[-81.2258,29.7059],[-81.2129,29.6707],[-81.2206,29.6706],[-81.2273,29.6705],[-81.2317,29.6634],[-81.2375,29.6626],[-81.2449,29.6596],[-81.2514,29.6624],[-81.2577,29.6645],[-81.2653,29.6653],[-81.2696,29.6598],[-81.2759,29.6545],[-81.2821,29.6504],[-81.2905,29.6497],[-81.2977,29.6511],[-81.3028,29.6492],[-81.3059,29.6426],[-81.3114,29.6428],[-81.3176,29.6497],[-81.3243,29.6535],[-81.3242,29.6401],[-81.3241,29.6256],[-81.3696,29.6252],[-81.4237,29.6241],[-81.4581,29.6233],[-81.4945,29.6227],[-81.5237,29.6224],[-81.5238,29.6314],[-81.5243,29.6887],[-81.5247,29.7124],[-81.5252,29.7595],[-81.5334,29.7639],[-81.5412,29.77],[-81.5426,29.7751],[-81.5463,29.7818],[-81.5539,29.7885],[-81.5621,29.7956],[-81.5665,29.8029],[-81.5718,29.8153],[-81.5795,29.8362],[-81.5835,29.8446],[-81.5976,29.8723],[-81.6055,29.8965],[-81.6076,29.9057],[-81.6084,29.9157],[-81.606,29.9231],[-81.6028,29.9298],[-81.5999,29.9366],[-81.5987,29.943],[-81.5999,29.9522],[-81.602,29.9581],[-81.6049,29.9635],[-81.6101,29.9702],[-81.6177,29.9766],[-81.6244,29.9813],[-81.6317,29.9853],[-81.6417,29.9909],[-81.658,30.0001],[-81.6665,30.0046],[-81.6782,30.0122],[-81.6854,30.0206],[-81.6889,30.0286],[-81.69,30.0356],[-81.6905,30.0428]]]},"properties":{"name":"St. Johns","dem18":35.6,"dem22":29.8,"shift":-5.8}},{"type":"Feature","geometry":{"type":"Polygon","coordinates":[[[-81.5237,29.6224],[-81.4945,29.6227],[-81.4581,29.6233],[-81.4237,29.6241],[-81.3696,29.6252],[-81.3241,29.6256],[-81.3242,29.6401],[-81.3243,29.6535],[-81.3185,29.6513],[-81.3136,29.6456],[-81.3059,29.6426],[-81.303,29.6482],[-81.2977,29.6511],[-81.2905,29.6497],[-81.2821,29.6504],[-81.2769,29.6524],[-81.2728,29.6578],[-81.2684,29.6631],[-81.2626,29.6662],[-81.2549,29.6635],[-81.2492,29.6615],[-81.2408,29.6617],[-81.2345,29.6627],[-81.2285,29.6677],[-81.2216,29.6706],[-81.2154,29.6706],[-81.2096,29.6624],[-81.1944,29.627],[-81.1898,29.6164],[-81.1761,29.5846],[-81.1636,29.5553],[-81.1484,29.5244],[-81.1411,29.5094],[-81.1337,29.4944],[-81.1265,29.4798],[-81.1239,29.4745],[-81.1152,29.4563],[-81.1114,29.4476],[-81.1019,29.4271],[-81.1069,29.427],[-81.1294,29.4217],[-81.1487,29.4168],[-81.1559,29.411],[-81.1553,29.4038],[-81.1545,29.3949],[-81.1538,29.3829],[-81.1527,29.3539],[-81.1526,29.3465],[-81.1504,29.2759],[-81.1502,29.2706],[-81.1958,29.2648],[-81.2083,29.2643],[-81.2502,29.2634],[-81.2676,29.2632],[-81.3298,29.2623],[-81.3632,29.2617],[-81.4018,29.2612],[-81.4074,29.2611],[-81.4173,29.2612],[-81.4177,29.2693],[-81.4207,29.3996],[-81.4269,29.3969],[-81.4336,29.3998],[-81.4388,29.3972],[-81.4483,29.3917],[-81.455,29.3897],[-81.4612,29.3905],[-81.4681,29.3923],[-81.4763,29.3962],[-81.4797,29.4017],[-81.4804,29.414],[-81.4844,29.422],[-81.4864,29.4276],[-81.4865,29.4353],[-81.4864,29.4405],[-81.4867,29.4456],[-81.4907,29.4542],[-81.4967,29.4623],[-81.5011,29.4688],[-81.5152,29.4867],[-81.5205,29.4965],[-81.5217,29.5385],[-81.5223,29.5598],[-81.5227,29.5795],[-81.5237,29.6224]]]},"properties":{"name":"Flagler","dem18":40.6,"dem22":32.9,"shift":-7.7}},{"type":"Feature","geometry":{"type":"Polygon","coordinates":[[[-81.565,26.8574],[-81.5637,26.9435],[-81.5625,27.0337],[-81.3427,27.0323],[-81.3418,27.0397],[-81.333,27.0396],[-81.333,27.0324],[-81.2672,27.0325],[-81.2673,27.0674],[-81.2677,27.1211],[-81.2302,27.1212],[-81.1683,27.1217],[-81.1691,27.2096],[-81.1485,27.2098],[-81.0945,27.2102],[-80.9618,27.2108],[-80.9407,27.2059],[-80.9374,27.1991],[-80.9315,27.1991],[-80.9251,27.1974],[-80.9199,27.1936],[-80.9139,27.1892],[-80.9084,27.1875],[-80.9086,27.1823],[-80.9083,27.1762],[-80.9038,27.1705],[-80.8977,27.1705],[-80.8946,27.1654],[-80.887,27.1662],[-80.8785,27.1688],[-80.8766,27.1585],[-80.8712,27.155],[-80.8719,27.1479],[-80.8718,27.1381],[-80.8724,27.1305],[-80.8746,27.1012],[-80.8748,27.0952],[-80.8777,27.0588],[-80.8856,26.9589],[-80.8883,26.9492],[-80.8977,26.9196],[-80.9353,26.8008],[-80.9453,26.7691],[-80.9573,26.769],[-80.9674,26.7689],[-80.9777,26.7688],[-81.0831,26.7683],[-81.1731,26.7682],[-81.1856,26.7684],[-81.2474,26.7686],[-81.2717,26.7686],[-81.3115,26.7687],[-81.3534,26.7687],[-81.3588,26.7687],[-81.3767,26.7687],[-81.3864,26.7686],[-81.4013,26.7686],[-81.4261,26.7687],[-81.4346,26.7688],[-81.4349,26.7835],[-81.4593,26.7835],[-81.4595,26.7689],[-81.4925,26.769],[-81.5657,26.7696],[-81.565,26.8574]]]},"properties":{"name":"Glades","dem18":29.3,"dem22":18.9,"shift":-10.4}}]}